day,latency_ms,gamma,offset_ticks,beta,kappa,requote_ticks,maker_fills,swept_fills,requotes,maker_notional,taker_notional,gross_pnl,fees,net_pnl,edge_bps,markout_1s_bps,markout_5s_bps,markout_30s_bps,markout_60s_bps,markout_300s_bps,markout_n,max_abs_inv_eth,end_inv_eth,buy_eth,sell_eth,maker_bps,taker_bps
2026-08-20,0.1000,0.000000,0,0.00008052,1.0000,3,4026,3797,20221,4475232.2767,57635.5461,-2191.333233,697.220837,-2888.554070,-6.37246481,-2.03286943,-2.01718271,-2.31911688,-2.27457682,-2.63719720,4012,25.456074,0.000000,989.920049,989.920049,1.5000,4.5000
2026-08-20,0.1000,5.000000,0,0.00008052,1.0000,3,2,2,14381,2235.6000,0.0000,-1.200000,0.335340,-1.535340,-6.86768653,-1.56317468,-1.56317468,10.74173881,15.22297563,-5.79950893,2,0.500000,0.000000,0.500000,0.500000,1.5000,4.5000
2026-08-20,1.0000,0.000000,0,0.00008052,1.0000,3,4026,3797,20221,4475232.2767,57635.5461,-2191.333233,697.220837,-2888.554070,-6.37246481,-2.03286943,-2.01718271,-2.31911688,-2.27457682,-2.63719720,4012,25.456074,0.000000,989.920049,989.920049,1.5000,4.5000
2026-08-20,1.0000,5.000000,0,0.00008052,1.0000,3,2,2,14381,2235.6000,0.0000,-1.200000,0.335340,-1.535340,-6.86768653,-1.56317468,-1.56317468,10.74173881,15.22297563,-5.79950893,2,0.500000,0.000000,0.500000,0.500000,1.5000,4.5000
2026-08-20,10.0000,0.000000,0,0.00008052,1.0000,3,4026,3797,20221,4475232.2767,57635.5461,-2191.333233,697.220837,-2888.554070,-6.37246481,-2.03286943,-2.01718271,-2.31911688,-2.27457682,-2.63719720,4012,25.456074,0.000000,989.920049,989.920049,1.5000,4.5000
2026-08-20,10.0000,5.000000,0,0.00008052,1.0000,3,2,2,14381,2235.6000,0.0000,-1.200000,0.335340,-1.535340,-6.86768653,-1.56317468,-1.56317468,10.74173881,15.22297563,-5.79950893,2,0.500000,0.000000,0.500000,0.500000,1.5000,4.5000
2026-08-20,33.0000,0.000000,0,0.00008052,1.0000,3,4026,3797,20221,4475232.2767,57635.5461,-2191.333233,697.220837,-2888.554070,-6.37246481,-2.03286943,-2.01718271,-2.31911688,-2.27457682,-2.63719720,4012,25.456074,0.000000,989.920049,989.920049,1.5000,4.5000
2026-08-20,33.0000,5.000000,0,0.00008052,1.0000,3,2,2,14381,2235.6000,0.0000,-1.200000,0.335340,-1.535340,-6.86768653,-1.56317468,-1.56317468,10.74173881,15.22297563,-5.79950893,2,0.500000,0.000000,0.500000,0.500000,1.5000,4.5000
2026-08-20,66.0000,0.000000,0,0.00008052,1.0000,3,3967,3739,20123,4408499.9267,57635.5461,-2095.383233,687.210985,-2782.594217,-6.23042949,-2.02438374,-2.00643473,-2.31196642,-2.27592611,-2.52637975,3953,25.457008,0.000000,975.420049,975.420049,1.5000,4.5000
2026-08-20,66.0000,5.000000,0,0.00008052,1.0000,3,2,2,14381,2235.6000,0.0000,-1.200000,0.335340,-1.535340,-6.86768653,-1.56317468,-1.56317468,10.74173881,15.22297563,-5.79950893,2,0.500000,0.000000,0.500000,0.500000,1.5000,4.5000
2026-08-20,100.0000,0.000000,0,0.00008052,1.0000,3,3882,3658,19997,4313960.5547,56505.7094,-2046.618473,672.521652,-2719.140125,-6.22162479,-2.01407910,-1.99650120,-2.27311156,-2.23345225,-2.46197787,3867,25.456074,0.000000,954.434849,954.434849,1.5000,4.5000
2026-08-20,100.0000,5.000000,0,0.00008052,1.0000,3,2,2,14381,2235.6000,0.0000,-1.200000,0.335340,-1.535340,-6.86768653,-1.56317468,-1.56317468,10.74173881,15.22297563,-5.79950893,2,0.500000,0.000000,0.500000,0.500000,1.5000,4.5000
2026-08-20,200.0000,0.000000,0,0.00008052,1.0000,3,3764,3541,19781,4180041.6666,57657.2021,-2152.423023,652.951991,-2805.375014,-6.62004333,-1.99584617,-1.99736914,-2.28874119,-2.31340045,-2.53786446,3750,25.450574,0.000000,925.434849,925.434849,1.5000,4.5000
2026-08-20,200.0000,5.000000,0,0.00008052,1.0000,3,2,2,14384,2235.6000,0.0000,-1.200000,0.335340,-1.535340,-6.86768653,-1.56317468,-1.56317468,10.74173881,15.22297563,-5.79950893,2,0.500000,0.000000,0.500000,0.500000,1.5000,4.5000
2026-08-20,500.0000,0.000000,0,0.00008052,1.0000,3,3514,3285,19070,3883092.3577,57935.4698,-2007.785723,608.534815,-2616.320538,-6.63867563,-1.96110520,-1.97160877,-2.22609193,-2.14985735,-2.27723736,3500,25.413354,0.000000,860.593949,860.593949,1.5000,4.5000
2026-08-20,500.0000,5.000000,0,0.00008052,1.0000,3,2,2,14399,2235.6000,0.0000,-1.200000,0.335340,-1.535340,-6.86768653,-1.56317468,-1.56317468,10.74173881,15.22297563,-5.79950893,2,0.500000,0.000000,0.500000,0.500000,1.5000,4.5000
2026-08-20,1000.0000,0.000000,0,0.00008052,1.0000,3,3085,2872,18384,3399403.8555,58847.3495,-2095.663273,536.391886,-2632.055158,-7.61094265,-1.90173812,-1.91724568,-2.11104840,-2.13915133,-2.16545249,3072,25.481517,0.000000,755.187649,755.187649,1.5000,4.5000
2026-08-20,1000.0000,5.000000,0,0.00008052,1.0000,3,2,2,14402,2235.6000,0.0000,-1.200000,0.335340,-1.535340,-6.86768653,-1.56317468,-1.56317468,10.74173881,15.22297563,-5.79950893,2,0.500000,0.000000,0.500000,0.500000,1.5000,4.5000
2026-08-20,2000.0000,0.000000,0,0.00008052,1.0000,3,2812,2611,18335,3091677.9048,58278.7954,-1832.515334,489.977144,-2322.492478,-7.37309334,-1.88557549,-1.88490348,-2.02532789,-2.08824914,-2.40789448,2800,25.861396,0.000000,687.863049,687.863049,1.5000,4.5000
2026-08-20,2000.0000,5.000000,0,0.00008052,1.0000,3,2,2,14414,2235.6000,0.0000,-1.200000,0.335340,-1.535340,-6.86768653,-1.56317468,-1.56317468,10.74173881,15.22297563,-5.79950893,2,0.500000,0.000000,0.500000,0.500000,1.5000,4.5000
2026-08-20,5000.0000,0.000000,0,0.00008052,1.0000,3,2915,2731,21555,3213788.3547,59276.7842,-2124.814877,508.742806,-2633.557683,-8.04615115,-2.30766620,-2.27896168,-2.44004913,-2.64597955,-3.79998409,2905,25.955975,0.000000,715.212943,715.212943,1.5000,4.5000
2026-08-20,5000.0000,5.000000,0,0.00008052,1.0000,3,8,8,21785,8963.8500,0.0000,-2.150000,1.344578,-3.494578,-3.89852296,-1.56281689,-0.19461793,6.76022609,7.27414629,-3.12530054,8,1.000000,0.000000,2.000000,2.000000,1.5000,4.5000
2026-08-21,0.1000,0.000000,0,0.00008052,1.0000,3,4709,4420,24085,5468497.9393,42723.5184,-4382.545314,839.500274,-5222.045588,-9.47529623,-2.18616947,-2.24703468,-2.42477324,-2.49082094,-2.84442576,4698,25.461572,0.000000,1146.530137,1146.530137,1.5000,4.5000
2026-08-21,0.1000,5.000000,0,0.00008052,1.0000,3,0,0,17965,0.0000,0.0000,0.000000,0.000000,0.000000,0.00000000,0.00000000,0.00000000,0.00000000,0.00000000,0.00000000,0,0.000000,0.000000,0.000000,0.000000,1.5000,4.5000
2026-08-21,1.0000,0.000000,0,0.00008052,1.0000,3,4709,4420,24085,5468497.9393,42723.5184,-4382.545314,839.500274,-5222.045588,-9.47529623,-2.18616947,-2.24703468,-2.42477324,-2.49082094,-2.84442576,4698,25.461572,0.000000,1146.530137,1146.530137,1.5000,4.5000
2026-08-21,1.0000,5.000000,0,0.00008052,1.0000,3,0,0,17965,0.0000,0.0000,0.000000,0.000000,0.000000,0.00000000,0.00000000,0.00000000,0.00000000,0.00000000,0.00000000,0,0.000000,0.000000,0.000000,0.000000,1.5000,4.5000
2026-08-21,10.0000,0.000000,0,0.00008052,1.0000,3,4709,4420,24085,5468497.9393,42723.5184,-4382.545314,839.500274,-5222.045588,-9.47529623,-2.18616947,-2.24703468,-2.42477324,-2.49082094,-2.84442576,4698,25.461572,0.000000,1146.530137,1146.530137,1.5000,4.5000
2026-08-21,10.0000,5.000000,0,0.00008052,1.0000,3,0,0,17965,0.0000,0.0000,0.000000,0.000000,0.000000,0.00000000,0.00000000,0.00000000,0.00000000,0.00000000,0.00000000,0,0.000000,0.000000,0.000000,0.000000,1.5000,4.5000
2026-08-21,33.0000,0.000000,0,0.00008052,1.0000,3,4709,4420,24085,5468497.9393,42723.5184,-4382.545314,839.500274,-5222.045588,-9.47529623,-2.18616947,-2.24703468,-2.42477324,-2.49082094,-2.84442576,4698,25.461572,0.000000,1146.530137,1146.530137,1.5000,4.5000
2026-08-21,33.0000,5.000000,0,0.00008052,1.0000,3,0,0,17965,0.0000,0.0000,0.000000,0.000000,0.000000,0.00000000,0.00000000,0.00000000,0.00000000,0.00000000,0.00000000,0,0.000000,0.000000,0.000000,0.000000,1.5000,4.5000
2026-08-21,66.0000,0.000000,0,0.00008052,1.0000,3,4642,4356,23999,5391012.2393,41464.6684,-4281.395314,827.310937,-5108.706250,-9.40400914,-2.19666830,-2.25227489,-2.36640176,-2.39725570,-2.60453860,4631,25.461572,0.000000,1130.030137,1130.030137,1.5000,4.5000
2026-08-21,66.0000,5.000000,0,0.00008052,1.0000,3,0,0,17967,0.0000,0.0000,0.000000,0.000000,0.000000,0.00000000,0.00000000,0.00000000,0.00000000,0.00000000,0.00000000,0,0.000000,0.000000,0.000000,0.000000,1.5000,4.5000
2026-08-21,100.0000,0.000000,0,0.00008052,1.0000,3,4579,4294,23910,5316615.9393,43982.3684,-4440.695314,817.284457,-5257.979770,-9.80856887,-2.18635456,-2.23724980,-2.39434911,-2.49428544,-2.62641188,4568,25.461572,0.000000,1115.030137,1115.030137,1.5000,4.5000
2026-08-21,100.0000,5.000000,0,0.00008052,1.0000,3,0,0,17967,0.0000,0.0000,0.000000,0.000000,0.000000,0.00000000,0.00000000,0.00000000,0.00000000,0.00000000,0.00000000,0,0.000000,0.000000,0.000000,0.000000,1.5000,4.5000
2026-08-21,200.0000,0.000000,0,0.00008052,1.0000,3,4440,4164,23650,5150756.8809,44782.9970,-4434.808314,792.765881,-5227.574194,-10.06165734,-2.14488941,-2.17804326,-2.41954083,-2.55423380,-2.67417697,4431,25.392841,0.000000,1080.848137,1080.848137,1.5000,4.5000
2026-08-21,200.0000,5.000000,0,0.00008052,1.0000,3,0,0,17968,0.0000,0.0000,0.000000,0.000000,0.000000,0.00000000,0.00000000,0.00000000,0.00000000,0.00000000,0.00000000,0,0.000000,0.000000,0.000000,0.000000,1.5000,4.5000
2026-08-21,500.0000,0.000000,0,0.00008052,1.0000,3,4086,3834,23041,4734205.3524,23882.6402,-4552.704638,720.877991,-5273.582629,-11.08340711,-2.13106424,-2.12258626,-2.39420754,-2.57375793,-2.87773637,4074,25.479225,0.000000,990.547768,990.547768,1.5000,4.5000
2026-08-21,500.0000,5.000000,0,0.00008052,1.0000,3,0,0,17971,0.0000,0.0000,0.000000,0.000000,0.000000,0.00000000,0.00000000,0.00000000,0.00000000,0.00000000,0.00000000,0,0.000000,0.000000,0.000000,0.000000,1.5000,4.5000
2026-08-21,1000.0000,0.000000,0,0.00008052,1.0000,3,3591,3340,22356,4138569.3314,8275.5118,-5269.568739,624.509380,-5894.078119,-14.21340403,-2.11718635,-2.12969658,-2.39116288,-2.52357035,-2.83950375,3581,25.851889,0.000000,863.539105,863.539105,1.5000,4.5000
2026-08-21,1000.0000,5.000000,0,0.00008052,1.0000,3,0,0,17975,0.0000,0.0000,0.000000,0.000000,0.000000,0.00000000,0.00000000,0.00000000,0.00000000,0.00000000,0.00000000,0,0.000000,0.000000,0.000000,0.000000,1.5000,4.5000
2026-08-21,2000.0000,0.000000,0,0.00008052,1.0000,3,3304,3066,22133,3800611.8715,11619.4271,-4720.840168,575.320523,-5296.160691,-13.89254816,-2.16867994,-2.20720475,-2.51637123,-2.68717262,-2.92441919,3293,25.945004,0.000000,794.093268,794.093268,1.5000,4.5000
2026-08-21,2000.0000,5.000000,0,0.00008052,1.0000,3,0,0,17991,0.0000,0.0000,0.000000,0.000000,0.000000,0.00000000,0.00000000,0.00000000,0.00000000,0.00000000,0.00000000,0,0.000000,0.000000,0.000000,0.000000,1.5000,4.5000
2026-08-21,5000.0000,0.000000,0,0.00008052,1.0000,3,3267,3095,25663,3794684.5968,42333.5132,-4661.625152,588.252770,-5249.877922,-13.68218177,-2.77242368,-2.77173203,-2.95877755,-3.16406144,-2.82899871,3259,25.949114,0.000000,798.895900,798.895900,1.5000,4.5000
2026-08-21,5000.0000,5.000000,0,0.00008052,1.0000,3,4,4,25893,4662.3000,0.0000,0.000000,0.699345,-0.699345,-1.50000000,-1.28732134,-0.85711983,0.65096587,-6.10408064,6.44791804,4,0.500000,0.000000,1.000000,1.000000,1.5000,4.5000
2026-08-22,0.1000,0.000000,0,0.00008052,1.0000,3,3051,2713,15747,3479002.0319,55267.3412,1234.872977,546.720608,688.152368,1.94708523,-1.82108037,-1.80434438,-1.90737434,-2.28225918,-2.48840243,3048,25.457177,0.000000,722.394617,722.394617,1.5000,4.5000
2026-08-22,0.1000,5.000000,0,0.00008052,1.0000,3,0,0,12928,0.0000,0.0000,0.000000,0.000000,0.000000,0.00000000,0.00000000,0.00000000,0.00000000,0.00000000,0.00000000,0,0.000000,0.000000,0.000000,0.000000,1.5000,4.5000
2026-08-22,1.0000,0.000000,0,0.00008052,1.0000,3,3051,2713,15747,3479002.0319,55267.3412,1234.872977,546.720608,688.152368,1.94708523,-1.82108037,-1.80434438,-1.90737434,-2.28225918,-2.48840243,3048,25.457177,0.000000,722.394617,722.394617,1.5000,4.5000
2026-08-22,1.0000,5.000000,0,0.00008052,1.0000,3,0,0,12928,0.0000,0.0000,0.000000,0.000000,0.000000,0.00000000,0.00000000,0.00000000,0.00000000,0.00000000,0.00000000,0,0.000000,0.000000,0.000000,0.000000,1.5000,4.5000
2026-08-22,10.0000,0.000000,0,0.00008052,1.0000,3,3051,2713,15747,3479002.0319,55267.3412,1234.872977,546.720608,688.152368,1.94708523,-1.82108037,-1.80434438,-1.90737434,-2.28225918,-2.48840243,3048,25.457177,0.000000,722.394617,722.394617,1.5000,4.5000
2026-08-22,10.0000,5.000000,0,0.00008052,1.0000,3,0,0,12928,0.0000,0.0000,0.000000,0.000000,0.000000,0.00000000,0.00000000,0.00000000,0.00000000,0.00000000,0.00000000,0,0.000000,0.000000,0.000000,0.000000,1.5000,4.5000
2026-08-22,33.0000,0.000000,0,0.00008052,1.0000,3,3051,2713,15747,3479002.0319,55267.3412,1234.872977,546.720608,688.152368,1.94708523,-1.82108037,-1.80434438,-1.90737434,-2.28225918,-2.48840243,3048,25.457177,0.000000,722.394617,722.394617,1.5000,4.5000
2026-08-22,33.0000,5.000000,0,0.00008052,1.0000,3,0,0,12928,0.0000,0.0000,0.000000,0.000000,0.000000,0.00000000,0.00000000,0.00000000,0.00000000,0.00000000,0.00000000,0,0.000000,0.000000,0.000000,0.000000,1.5000,4.5000
2026-08-22,66.0000,0.000000,0,0.00008052,1.0000,3,3032,2695,15705,3456652.9819,55267.3412,1240.922977,543.368251,697.554726,1.98624872,-1.83153224,-1.81333302,-1.93473784,-2.31298297,-2.56029305,3029,25.457177,0.000000,717.894617,717.894617,1.5000,4.5000
2026-08-22,66.0000,5.000000,0,0.00008052,1.0000,3,0,0,12928,0.0000,0.0000,0.000000,0.000000,0.000000,0.00000000,0.00000000,0.00000000,0.00000000,0.00000000,0.00000000,0,0.000000,0.000000,0.000000,0.000000,1.5000,4.5000
2026-08-22,100.0000,0.000000,0,0.00008052,1.0000,3,3008,2670,15636,3424603.4680,55212.3028,1213.547527,538.536056,675.011470,1.93979082,-1.84528327,-1.85056579,-1.95183033,-2.27063692,-2.53656738,3005,25.637700,0.000000,711.371917,711.371917,1.5000,4.5000
2026-08-22,100.0000,5.000000,0,0.00008052,1.0000,3,0,0,12929,0.0000,0.0000,0.000000,0.000000,0.000000,0.00000000,0.00000000,0.00000000,0.00000000,0.00000000,0.00000000,0,0.000000,0.000000,0.000000,0.000000,1.5000,4.5000
2026-08-22,200.0000,0.000000,0,0.00008052,1.0000,3,2950,2614,15523,3349184.8529,55297.2682,1300.266985,527.261499,773.005487,2.27055235,-1.80591192,-1.80556771,-1.92861221,-2.13612588,-2.50064437,2947,25.637700,0.000000,695.906960,695.906960,1.5000,4.5000
2026-08-22,200.0000,5.000000,0,0.00008052,1.0000,3,0,0,12929,0.0000,0.0000,0.000000,0.000000,0.000000,0.00000000,0.00000000,0.00000000,0.00000000,0.00000000,0.00000000,0,0.000000,0.000000,0.000000,0.000000,1.5000,4.5000
2026-08-22,500.0000,0.000000,0,0.00008052,1.0000,3,2903,2562,15460,3286142.9298,57949.8405,1303.876784,518.998868,784.877916,2.34705784,-1.76526863,-1.79525530,-1.79765233,-1.93803216,-2.52207954,2901,25.581105,0.000000,683.847060,683.847060,1.5000,4.5000
2026-08-22,500.0000,5.000000,0,0.00008052,1.0000,3,0,0,12936,0.0000,0.0000,0.000000,0.000000,0.000000,0.00000000,0.00000000,0.00000000,0.00000000,0.00000000,0.00000000,0,0.000000,0.000000,0.000000,0.000000,1.5000,4.5000
2026-08-22,1000.0000,0.000000,0,0.00008052,1.0000,3,2799,2452,15422,3145081.5168,58020.4696,1342.776296,497.871439,844.904857,2.63777070,-1.67801048,-1.71889328,-1.71743555,-1.91505717,-2.48918239,2797,25.820854,0.000000,655.198900,655.198900,1.5000,4.5000
2026-08-22,1000.0000,5.000000,0,0.00008052,1.0000,3,0,0,12937,0.0000,0.0000,0.000000,0.000000,0.000000,0.00000000,0.00000000,0.00000000,0.00000000,0.00000000,0.00000000,0,0.000000,0.000000,0.000000,0.000000,1.5000,4.5000
2026-08-22,2000.0000,0.000000,0,0.00008052,1.0000,3,2677,2357,15309,3018617.7011,56785.1288,1624.627548,478.345963,1146.281585,3.72725672,-1.73987605,-1.78628950,-1.82746187,-1.91181923,-2.38362251,2674,25.937000,0.000000,629.319817,629.319817,1.5000,4.5000
2026-08-22,2000.0000,5.000000,0,0.00008052,1.0000,3,0,0,12944,0.0000,0.0000,0.000000,0.000000,0.000000,0.00000000,0.00000000,0.00000000,0.00000000,0.00000000,0.00000000,0,0.000000,0.000000,0.000000,0.000000,1.5000,4.5000
2026-08-22,5000.0000,0.000000,0,0.00008052,1.0000,3,2872,2576,19083,3256837.8400,57825.8632,1545.935748,514.547314,1031.388434,3.11159299,-2.14518848,-2.14248434,-2.10164927,-2.04871970,-1.81933160,2868,26.402551,0.000000,678.427514,678.427514,1.5000,4.5000
2026-08-22,5000.0000,5.000000,0,0.00008052,1.0000,3,2,2,19869,2439.6500,0.0000,-2.150000,0.365947,-2.515948,-10.31273953,-2.66431867,-2.66431867,-4.92072893,-6.14788586,-20.08865675,2,0.500000,0.000000,0.500000,0.500000,1.5000,4.5000
2026-08-23,0.1000,0.000000,0,0.00008052,1.0000,3,3490,2925,15328,3748645.7054,24884.9430,-2556.526321,573.495080,-3130.021402,-8.29467598,-1.53778425,-1.64943925,-1.77671505,-1.96709110,-1.66402042,3470,25.499710,0.000000,776.830959,776.830959,1.5000,4.5000
2026-08-23,0.1000,5.000000,0,0.00008052,1.0000,3,10,6,11286,9661.8341,34.2074,-0.641434,1.464668,-2.106103,-2.17212618,-0.45319519,-0.49462650,0.90665837,-1.52710090,-0.64102952,10,0.500000,0.000000,2.000000,2.000000,1.5000,4.5000
2026-08-23,1.0000,0.000000,0,0.00008052,1.0000,3,3490,2925,15328,3748645.7054,24884.9430,-2556.526321,573.495080,-3130.021402,-8.29467598,-1.53778425,-1.64943925,-1.77671505,-1.96709110,-1.66402042,3470,25.499710,0.000000,776.830959,776.830959,1.5000,4.5000
2026-08-23,1.0000,5.000000,0,0.00008052,1.0000,3,10,6,11286,9661.8341,34.2074,-0.641434,1.464668,-2.106103,-2.17212618,-0.45319519,-0.49462650,0.90665837,-1.52710090,-0.64102952,10,0.500000,0.000000,2.000000,2.000000,1.5000,4.5000
2026-08-23,10.0000,0.000000,0,0.00008052,1.0000,3,3490,2925,15328,3748645.7054,24884.9430,-2556.526321,573.495080,-3130.021402,-8.29467598,-1.53778425,-1.64943925,-1.77671505,-1.96709110,-1.66402042,3470,25.499710,0.000000,776.830959,776.830959,1.5000,4.5000
2026-08-23,10.0000,5.000000,0,0.00008052,1.0000,3,10,6,11286,9661.8341,34.2074,-0.641434,1.464668,-2.106103,-2.17212618,-0.45319519,-0.49462650,0.90665837,-1.52710090,-0.64102952,10,0.500000,0.000000,2.000000,2.000000,1.5000,4.5000
2026-08-23,33.0000,0.000000,0,0.00008052,1.0000,3,3490,2925,15328,3748645.7054,24884.9430,-2556.526321,573.495080,-3130.021402,-8.29467598,-1.53778425,-1.64943925,-1.77671505,-1.96709110,-1.66402042,3470,25.499710,0.000000,776.830959,776.830959,1.5000,4.5000
2026-08-23,33.0000,5.000000,0,0.00008052,1.0000,3,10,6,11286,9661.8341,34.2074,-0.641434,1.464668,-2.106103,-2.17212618,-0.45319519,-0.49462650,0.90665837,-1.52710090,-0.64102952,10,0.500000,0.000000,2.000000,2.000000,1.5000,4.5000
2026-08-23,66.0000,0.000000,0,0.00008052,1.0000,3,3463,2894,15308,3710476.7986,28074.7079,-2523.398041,569.205138,-3092.603180,-8.27219626,-1.50383028,-1.61408311,-1.74423216,-1.93956999,-1.62343499,3443,25.494415,0.000000,769.625559,769.625559,1.5000,4.5000
2026-08-23,66.0000,5.000000,0,0.00008052,1.0000,3,10,6,11286,9661.8341,34.2074,-0.641434,1.464668,-2.106103,-2.17212618,-0.45319519,-0.49462650,0.90665837,-1.52710090,-0.64102952,10,0.500000,0.000000,2.000000,2.000000,1.5000,4.5000
2026-08-23,100.0000,0.000000,0,0.00008052,1.0000,3,3425,2858,15292,3664851.3064,30539.3471,-2478.344951,563.470402,-3041.815354,-8.23137697,-1.48923258,-1.62097063,-1.74691232,-1.95645230,-1.68326524,3405,25.494415,0.000000,760.625559,760.625559,1.5000,4.5000
2026-08-23,100.0000,5.000000,0,0.00008052,1.0000,3,10,6,11287,9661.8341,34.2074,-0.641434,1.464668,-2.106103,-2.17212618,-0.45319519,-0.49462650,0.90665837,-1.52710090,-0.64102952,10,0.500000,0.000000,2.000000,2.000000,1.5000,4.5000
2026-08-23,200.0000,0.000000,0,0.00008052,1.0000,3,3368,2797,15209,3594778.6163,32880.5449,-2295.266891,554.013038,-2849.279929,-7.85432093,-1.46838298,-1.61406510,-1.75275327,-1.92526736,-1.58988324,3349,25.494415,0.000000,746.583959,746.583959,1.5000,4.5000
2026-08-23,200.0000,5.000000,0,0.00008052,1.0000,3,10,6,11287,9661.8341,34.2074,-0.641434,1.464668,-2.106103,-2.17212618,-0.45319519,-0.49462650,0.90665837,-1.52710090,-0.64102952,10,0.500000,0.000000,2.000000,2.000000,1.5000,4.5000
2026-08-23,500.0000,0.000000,0,0.00008052,1.0000,3,3364,2807,15054,3593245.5948,34780.9462,-1941.960807,554.638265,-2496.599072,-6.88142450,-1.46298935,-1.58616194,-1.77296970,-1.95012053,-1.62732807,3348,25.472308,0.000000,746.853759,746.853759,1.5000,4.5000
2026-08-23,500.0000,5.000000,0,0.00008052,1.0000,3,10,7,11300,9661.6341,34.2074,-0.541434,1.464638,-2.006073,-2.06900305,-0.57692864,-0.61835994,1.40153775,-0.94984083,-0.88843349,10,1.000000,0.000000,2.000000,2.000000,1.5000,4.5000
2026-08-23,1000.0000,0.000000,0,0.00008052,1.0000,3,3161,2625,14791,3367173.8378,39317.6396,-1631.393623,522.769014,-2154.162637,-6.32369889,-1.55481742,-1.69280807,-1.88305556,-2.02817733,-1.66716832,3149,25.619292,0.000000,701.117159,701.117159,1.5000,4.5000
2026-08-23,1000.0000,5.000000,0,0.00008052,1.0000,3,10,7,11302,9661.4341,34.2074,-0.741434,1.464608,-2.206043,-2.27529304,-0.57695925,-0.70087499,0.61800708,-1.03230825,-0.18730563,10,1.000000,0.000000,2.000000,2.000000,1.5000,4.5000
2026-08-23,2000.0000,0.000000,0,0.00008052,1.0000,3,3149,2578,14907,3307548.2644,44780.7519,-1159.484974,516.283578,-1675.768552,-4.99881886,-1.55426440,-1.67894045,-1.92350585,-2.19705454,-2.20931225,3140,25.470624,0.000000,689.854070,689.854070,1.5000,4.5000
2026-08-23,2000.0000,5.000000,0,0.00008052,1.0000,3,12,9,11319,12085.9841,34.2074,-1.091434,1.828291,-2.919725,-2.40897602,-0.48081001,-0.51532050,0.85873286,-1.06652679,-0.01862318,12,1.000000,0.000000,2.500000,2.500000,1.5000,4.5000
2026-08-23,5000.0000,0.000000,0,0.00008052,1.0000,3,3141,2682,18095,3387262.0626,55723.3188,-1916.563907,533.164803,-2449.728709,-7.11512957,-1.80968668,-1.93269790,-2.01788935,-2.21569659,-2.55987848,3134,25.892030,0.000000,708.703812,708.703812,1.5000,4.5000
2026-08-23,5000.0000,5.000000,0,0.00008052,1.0000,3,17,14,17624,19821.9564,421.6294,10.173013,3.163027,7.009986,3.46281853,-5.56354989,-7.07576196,-15.90427494,-9.68451498,-2.22179617,17,0.500000,0.000000,4.171130,4.171130,1.5000,4.5000
2026-08-24,0.1000,0.000000,0,0.00008052,1.0000,3,3863,3492,18459,4479854.1593,39502.0787,-1955.910091,689.754059,-2645.664150,-5.85407304,-2.01121679,-2.08682099,-2.07641074,-2.06434349,-1.84993548,3854,25.492062,0.000000,913.978042,913.978042,1.5000,4.5000
2026-08-24,0.1000,5.000000,0,0.00008052,1.0000,3,8,6,14396,7633.2573,274.4428,0.714500,1.268488,-0.553988,-0.70056763,-1.10386993,-1.40837660,0.00699430,-0.09182947,6.78560026,8,0.610600,0.000000,1.610600,1.610600,1.5000,4.5000
2026-08-24,1.0000,0.000000,0,0.00008052,1.0000,3,3863,3492,18459,4479854.1593,39502.0787,-1955.910091,689.754059,-2645.664150,-5.85407304,-2.01121679,-2.08682099,-2.07641074,-2.06434349,-1.84993548,3854,25.492062,0.000000,913.978042,913.978042,1.5000,4.5000
2026-08-24,1.0000,5.000000,0,0.00008052,1.0000,3,8,6,14396,7633.2573,274.4428,0.714500,1.268488,-0.553988,-0.70056763,-1.10386993,-1.40837660,0.00699430,-0.09182947,6.78560026,8,0.610600,0.000000,1.610600,1.610600,1.5000,4.5000
2026-08-24,10.0000,0.000000,0,0.00008052,1.0000,3,3863,3492,18459,4479854.1593,39502.0787,-1955.910091,689.754059,-2645.664150,-5.85407304,-2.01121679,-2.08682099,-2.07641074,-2.06434349,-1.84993548,3854,25.492062,0.000000,913.978042,913.978042,1.5000,4.5000
2026-08-24,10.0000,5.000000,0,0.00008052,1.0000,3,8,6,14396,7633.2573,274.4428,0.714500,1.268488,-0.553988,-0.70056763,-1.10386993,-1.40837660,0.00699430,-0.09182947,6.78560026,8,0.610600,0.000000,1.610600,1.610600,1.5000,4.5000
2026-08-24,33.0000,0.000000,0,0.00008052,1.0000,3,3863,3492,18459,4479854.1593,39502.0787,-1955.910091,689.754059,-2645.664150,-5.85407304,-2.01121679,-2.08682099,-2.07641074,-2.06434349,-1.84993548,3854,25.492062,0.000000,913.978042,913.978042,1.5000,4.5000
2026-08-24,33.0000,5.000000,0,0.00008052,1.0000,3,8,6,14396,7633.2573,274.4428,0.714500,1.268488,-0.553988,-0.70056763,-1.10386993,-1.40837660,0.00699430,-0.09182947,6.78560026,8,0.610600,0.000000,1.610600,1.610600,1.5000,4.5000
2026-08-24,66.0000,0.000000,0,0.00008052,1.0000,3,3803,3433,18379,4404312.7854,40723.4238,-1859.281311,678.972459,-2538.253770,-5.71031067,-1.98969236,-2.07138923,-2.03673586,-2.03382243,-1.83710986,3794,25.492062,0.000000,898.978042,898.978042,1.5000,4.5000
2026-08-24,66.0000,5.000000,0,0.00008052,1.0000,3,8,6,14396,7633.2573,274.4428,0.714500,1.268488,-0.553988,-0.70056763,-1.10386993,-1.40837660,0.00699430,-0.09182947,6.78560026,8,0.610600,0.000000,1.610600,1.610600,1.5000,4.5000
2026-08-24,100.0000,0.000000,0,0.00008052,1.0000,3,3731,3364,18300,4317574.9039,42005.3151,-1863.863381,666.538627,-2530.402008,-5.80423316,-1.96798654,-2.04246272,-1.99201311,-1.98411681,-1.85345871,3722,25.448708,0.000000,881.799842,881.799842,1.5000,4.5000
2026-08-24,100.0000,5.000000,0,0.00008052,1.0000,3,8,6,14402,7633.2573,274.4428,0.714500,1.268488,-0.553988,-0.70056763,-1.10386993,-1.40837660,0.00699430,-0.09182947,6.78560026,8,0.610600,0.000000,1.610600,1.610600,1.5000,4.5000
2026-08-24,200.0000,0.000000,0,0.00008052,1.0000,3,3607,3242,18127,4164568.6812,45059.1740,-1850.745061,644.961930,-2495.706992,-5.92856917,-1.96954028,-2.04867302,-2.00035128,-2.04860119,-1.99774504,3598,25.485038,0.000000,851.530542,851.530542,1.5000,4.5000
2026-08-24,200.0000,5.000000,0,0.00008052,1.0000,3,8,6,14403,7633.2573,274.4428,0.714500,1.268488,-0.553988,-0.70056763,-1.10386993,-1.40837660,0.00699430,-0.09182947,6.78560026,8,0.610600,0.000000,1.610600,1.610600,1.5000,4.5000
2026-08-24,500.0000,0.000000,0,0.00008052,1.0000,3,3493,3126,18133,4017623.9149,52578.0494,-1813.911406,626.303709,-2440.215116,-5.99531703,-1.94820311,-2.04697067,-2.06803574,-2.04836455,-2.12773793,3483,25.855846,0.000000,823.593742,823.593742,1.5000,4.5000
2026-08-24,500.0000,5.000000,0,0.00008052,1.0000,3,8,6,14409,7633.7573,274.4428,0.214500,1.268563,-1.054063,-1.33287329,-1.50962145,-1.05309824,-0.19575278,-0.39593466,6.99009738,8,0.610600,0.000000,1.610600,1.610600,1.5000,4.5000
2026-08-24,1000.0000,0.000000,0,0.00008052,1.0000,3,3277,2892,17960,3729648.7879,55752.4254,-1848.279900,584.535910,-2432.815810,-6.42683740,-1.87292310,-1.99121733,-1.98515286,-2.01915881,-2.07154157,3267,25.919081,0.000000,766.246142,766.246142,1.5000,4.5000
2026-08-24,1000.0000,5.000000,0,0.00008052,1.0000,3,10,8,14412,10097.8073,274.4428,0.264500,1.638170,-1.373670,-1.32437066,-1.61341537,-1.49182848,-0.64353705,-1.37182323,4.21211589,10,1.110600,0.000000,2.110600,2.110600,1.5000,4.5000
2026-08-24,2000.0000,0.000000,0,0.00008052,1.0000,3,3293,2903,18218,3744019.7633,58357.2863,-1478.565022,587.863743,-2066.428765,-5.43457090,-1.87874006,-1.97317278,-2.06455400,-2.18374140,-2.66404092,3282,25.754035,0.000000,770.016342,770.016342,1.5000,4.5000
2026-08-24,2000.0000,5.000000,0,0.00008052,1.0000,3,8,6,14419,7634.3573,274.4428,0.814500,1.268653,-0.454153,-0.57423739,-1.50955959,-0.95151765,-0.34814222,-0.70092388,6.98847648,8,0.610600,0.000000,1.610600,1.610600,1.5000,4.5000
2026-08-24,5000.0000,0.000000,0,0.00008052,1.0000,3,3319,2977,21979,3781051.5609,63150.0515,-2043.851657,595.575257,-2639.426914,-6.86599502,-2.22319675,-2.24291324,-2.29492811,-2.50460975,-2.55781416,3313,25.848735,0.000000,778.623907,778.623907,1.5000,4.5000
2026-08-24,5000.0000,5.000000,0,0.00008052,1.0000,3,14,11,21904,15010.1573,274.4428,-6.285500,2.375023,-8.660523,-5.66617561,-2.22158182,-1.61642793,0.11356609,0.29524344,3.18769567,14,0.889400,0.000000,3.110600,3.110600,1.5000,4.5000
2026-08-25,0.1000,0.000000,0,0.00008052,1.0000,3,3405,3019,16392,3901651.5422,58613.2707,397.763426,611.623703,-213.860277,-0.54001509,-1.65211652,-1.64651420,-1.75707913,-1.41424107,-1.87421755,3385,25.470205,0.000000,800.087615,800.087615,1.5000,4.5000
2026-08-25,0.1000,5.000000,0,0.00008052,1.0000,3,4,4,12631,4969.6500,0.0000,-1.750000,0.745448,-2.495447,-5.02137474,0.10118701,-0.70271319,1.31788007,-5.50980606,-6.16865680,4,0.500000,0.000000,1.000000,1.000000,1.5000,4.5000
2026-08-25,1.0000,0.000000,0,0.00008052,1.0000,3,3405,3019,16392,3901651.5422,58613.2707,397.763426,611.623703,-213.860277,-0.54001509,-1.65211652,-1.64651420,-1.75707913,-1.41424107,-1.87421755,3385,25.470205,0.000000,800.087615,800.087615,1.5000,4.5000
2026-08-25,1.0000,5.000000,0,0.00008052,1.0000,3,4,4,12631,4969.6500,0.0000,-1.750000,0.745448,-2.495447,-5.02137474,0.10118701,-0.70271319,1.31788007,-5.50980606,-6.16865680,4,0.500000,0.000000,1.000000,1.000000,1.5000,4.5000
2026-08-25,10.0000,0.000000,0,0.00008052,1.0000,3,3407,3021,16399,3904115.8922,58613.2707,397.413426,611.993356,-214.579930,-0.54149532,-1.65377656,-1.64961543,-1.76221168,-1.42143250,-1.89114222,3387,25.470205,0.000000,800.587615,800.587615,1.5000,4.5000
2026-08-25,10.0000,5.000000,0,0.00008052,1.0000,3,4,4,12631,4969.6500,0.0000,-1.750000,0.745448,-2.495447,-5.02137474,0.10118701,-0.70271319,1.31788007,-5.50980606,-6.16865680,4,0.500000,0.000000,1.000000,1.000000,1.5000,4.5000
2026-08-25,33.0000,0.000000,0,0.00008052,1.0000,3,3409,3023,16411,3906573.0922,58613.2707,407.713426,612.361936,-204.648510,-0.51611322,-1.64942134,-1.64068846,-1.75426667,-1.40931881,-1.87848499,3389,25.470205,0.000000,801.087615,801.087615,1.5000,4.5000
2026-08-25,33.0000,5.000000,0,0.00008052,1.0000,3,4,4,12631,4969.6500,0.0000,-1.750000,0.745448,-2.495447,-5.02137474,0.10118701,-0.70271319,1.31788007,-5.50980606,-6.16865680,4,0.500000,0.000000,1.000000,1.000000,1.5000,4.5000
2026-08-25,66.0000,0.000000,0,0.00008052,1.0000,3,3387,2995,16363,3872541.0678,59178.8967,408.962996,607.511664,-198.548668,-0.50499189,-1.64443551,-1.64288237,-1.71902218,-1.38168958,-1.83434892,3368,25.498980,0.000000,794.319315,794.319315,1.5000,4.5000
2026-08-25,66.0000,5.000000,0,0.00008052,1.0000,3,4,4,12631,4969.6500,0.0000,-1.750000,0.745448,-2.495447,-5.02137474,0.10118701,-0.70271319,1.31788007,-5.50980606,-6.16865680,4,0.500000,0.000000,1.000000,1.000000,1.5000,4.5000
2026-08-25,100.0000,0.000000,0,0.00008052,1.0000,3,3376,2984,16366,3859995.1974,59164.2495,341.408286,605.623192,-264.214906,-0.67416218,-1.65096385,-1.66246370,-1.75056381,-1.44383861,-1.95245843,3360,25.647905,0.000000,791.811215,791.811215,1.5000,4.5000
2026-08-25,100.0000,5.000000,0,0.00008052,1.0000,3,4,4,12633,4969.6500,0.0000,-1.750000,0.745448,-2.495447,-5.02137474,0.10118701,-0.70271319,1.31788007,-5.50980606,-6.16865680,4,0.500000,0.000000,1.000000,1.000000,1.5000,4.5000
2026-08-25,200.0000,0.000000,0,0.00008052,1.0000,3,3281,2890,16208,3743204.9791,59571.5871,346.939322,588.287961,-241.348639,-0.63466426,-1.61483390,-1.60374598,-1.72394470,-1.39179724,-1.88659132,3265,25.987164,0.000000,768.321192,768.321192,1.5000,4.5000
2026-08-25,200.0000,5.000000,0,0.00008052,1.0000,3,4,4,12635,4969.6500,0.0000,-1.750000,0.745448,-2.495447,-5.02137474,0.10118701,-0.70271319,1.31788007,-5.50980606,-6.16865680,4,0.500000,0.000000,1.000000,1.000000,1.5000,4.5000
2026-08-25,500.0000,0.000000,0,0.00008052,1.0000,3,3159,2787,15785,3608174.1233,58904.4440,437.422984,567.733118,-130.310135,-0.35535136,-1.63834526,-1.61233310,-1.68478800,-1.31320624,-1.81478783,3149,25.498980,0.000000,740.906092,740.906092,1.5000,4.5000
2026-08-25,500.0000,5.000000,0,0.00008052,1.0000,3,4,4,12637,4969.6500,0.0000,-1.750000,0.745448,-2.495447,-5.02137474,0.10118701,-0.70271319,1.31788007,-5.50980606,-6.16865680,4,0.500000,0.000000,1.000000,1.000000,1.5000,4.5000
2026-08-25,1000.0000,0.000000,0,0.00008052,1.0000,3,3059,2673,15552,3461643.3417,58724.0394,435.492144,545.672319,-110.180175,-0.31297920,-1.62266232,-1.60235577,-1.74888179,-1.38530135,-2.01884595,3045,25.529691,0.000000,711.279292,711.279292,1.5000,4.5000
2026-08-25,1000.0000,5.000000,0,0.00008052,1.0000,3,6,6,12647,7449.6500,0.0000,-4.050000,1.117448,-5.167448,-6.93649702,-1.27581892,-1.77824370,-0.80052503,-4.20965471,-8.88232685,6,0.500000,0.000000,1.500000,1.500000,1.5000,4.5000
2026-08-25,2000.0000,0.000000,0,0.00008052,1.0000,3,2885,2517,15416,3263381.7878,58942.5093,565.571562,516.031397,49.540165,0.14911297,-1.63732297,-1.61568077,-1.66704429,-1.37468258,-1.68326094,2874,25.612733,0.000000,671.178161,671.178161,1.5000,4.5000
2026-08-25,2000.0000,5.000000,0,0.00008052,1.0000,3,6,6,12657,7451.8500,0.0000,-3.450000,1.117778,-4.567778,-6.12972282,-1.40941514,-1.67693196,-2.00764693,-7.02941306,-8.67458432,6,0.500000,0.000000,1.500000,1.500000,1.5000,4.5000
2026-08-25,5000.0000,0.000000,0,0.00008052,1.0000,3,2934,2624,19270,3372915.9661,59238.7318,432.268168,532.594824,-100.326657,-0.29231391,-1.88847524,-1.84993054,-1.96969959,-1.76068666,-2.07466171,2920,26.142294,0.000000,693.274206,693.274206,1.5000,4.5000
2026-08-25,5000.0000,5.000000,0,0.00008052,1.0000,3,13,12,19527,14936.4569,11.9614,-9.995510,2.245851,-12.241361,-8.18906785,-3.32443291,-3.73297858,-5.32885722,-8.84752312,-8.68787083,13,0.504900,0.000000,3.004900,3.004900,1.5000,4.5000
2026-08-26,0.1000,0.000000,0,0.00008052,1.0000,3,3361,2925,14136,3746157.8531,61544.3113,-1520.364121,589.618618,-2109.982739,-5.54135446,-1.57101407,-1.66759907,-1.83606361,-1.77105533,-1.13175605,3352,25.489135,0.000000,773.271000,773.271000,1.5000,4.5000
2026-08-26,0.1000,5.000000,0,0.00008052,1.0000,3,2,2,10290,2467.9500,0.0000,0.550000,0.370193,0.179807,0.72857027,0.20223611,-0.60833373,-1.62217812,0.20124280,6.27907172,2,0.500000,0.000000,0.500000,0.500000,1.5000,4.5000
2026-08-26,1.0000,0.000000,0,0.00008052,1.0000,3,3361,2925,14136,3746157.8531,61544.3113,-1520.364121,589.618618,-2109.982739,-5.54135446,-1.57101407,-1.66759907,-1.83606361,-1.77105533,-1.13175605,3352,25.489135,0.000000,773.271000,773.271000,1.5000,4.5000
2026-08-26,1.0000,5.000000,0,0.00008052,1.0000,3,2,2,10290,2467.9500,0.0000,0.550000,0.370193,0.179807,0.72857027,0.20223611,-0.60833373,-1.62217812,0.20124280,6.27907172,2,0.500000,0.000000,0.500000,0.500000,1.5000,4.5000
2026-08-26,10.0000,0.000000,0,0.00008052,1.0000,3,3363,2927,14137,3748603.2031,61544.3113,-1519.114121,589.985421,-2109.099541,-5.53548001,-1.57032094,-1.66684834,-1.83198017,-1.76621854,-1.12730609,3354,25.489135,0.000000,773.771000,773.771000,1.5000,4.5000
2026-08-26,10.0000,5.000000,0,0.00008052,1.0000,3,2,2,10290,2467.9500,0.0000,0.550000,0.370193,0.179807,0.72857027,0.20223611,-0.60833373,-1.62217812,0.20124280,6.27907172,2,0.500000,0.000000,0.500000,0.500000,1.5000,4.5000
2026-08-26,33.0000,0.000000,0,0.00008052,1.0000,3,3365,2929,14143,3751043.8531,61544.3113,-1520.064121,590.351518,-2110.415639,-5.53538842,-1.56877495,-1.66365831,-1.82600579,-1.76150633,-1.13054341,3356,25.489135,0.000000,774.271000,774.271000,1.5000,4.5000
2026-08-26,33.0000,5.000000,0,0.00008052,1.0000,3,2,2,10291,2467.9500,0.0000,0.550000,0.370193,0.179807,0.72857027,0.20223611,-0.60833373,-1.62217812,0.20124280,6.27907172,2,0.500000,0.000000,0.500000,0.500000,1.5000,4.5000
2026-08-26,66.0000,0.000000,0,0.00008052,1.0000,3,3342,2907,14115,3724303.1626,62090.6411,-1515.343921,586.586263,-2101.930184,-5.55127198,-1.56595963,-1.65755734,-1.82230880,-1.71937822,-1.10513872,3333,25.478295,0.000000,768.966600,768.966600,1.5000,4.5000
2026-08-26,66.0000,5.000000,0,0.00008052,1.0000,3,2,2,10291,2467.9500,0.0000,0.550000,0.370193,0.179807,0.72857027,0.20223611,-0.60833373,-1.62217812,0.20124280,6.27907172,2,0.500000,0.000000,0.500000,0.500000,1.5000,4.5000
2026-08-26,100.0000,0.000000,0,0.00008052,1.0000,3,3305,2873,14035,3681956.2794,61650.8206,-1485.706511,580.036311,-2065.742822,-5.51805456,-1.55506089,-1.63868574,-1.81947045,-1.71006898,-1.11869457,3296,25.494834,0.000000,760.291100,760.291100,1.5000,4.5000
2026-08-26,100.0000,5.000000,0,0.00008052,1.0000,3,2,2,10291,2467.9500,0.0000,0.550000,0.370193,0.179807,0.72857027,0.20223611,-0.60833373,-1.62217812,0.20124280,6.27907172,2,0.500000,0.000000,0.500000,0.500000,1.5000,4.5000
2026-08-26,200.0000,0.000000,0,0.00008052,1.0000,3,3256,2837,13978,3633112.2309,61981.1246,-1429.230081,572.858341,-2002.088421,-5.41823502,-1.51877216,-1.60199980,-1.75412857,-1.66240499,-1.09658109,3248,25.463635,0.000000,750.423000,750.423000,1.5000,4.5000
2026-08-26,200.0000,5.000000,0,0.00008052,1.0000,3,2,2,10291,2467.9500,0.0000,0.550000,0.370193,0.179807,0.72857027,0.20223611,-0.60833373,-1.62217812,0.20124280,6.27907172,2,0.500000,0.000000,0.500000,0.500000,1.5000,4.5000
2026-08-26,500.0000,0.000000,0,0.00008052,1.0000,3,3210,2796,13798,3577844.0433,62548.4883,-1518.722421,564.823426,-2083.545847,-5.72340985,-1.50848048,-1.59125681,-1.70606278,-1.59545790,-1.27371496,3200,25.499662,0.000000,739.385878,739.385878,1.5000,4.5000
2026-08-26,500.0000,5.000000,0,0.00008052,1.0000,3,2,2,10296,2467.9500,0.0000,0.550000,0.370193,0.179807,0.72857027,0.20223611,-0.60833373,-1.62217812,0.20124280,6.27907172,2,0.500000,0.000000,0.500000,0.500000,1.5000,4.5000
2026-08-26,1000.0000,0.000000,0,0.00008052,1.0000,3,3060,2629,13483,3367512.4865,61735.2170,-1475.322692,532.907721,-2008.230413,-5.85618359,-1.47373956,-1.56027040,-1.74435400,-1.68960127,-1.27519848,3051,25.633980,0.000000,696.496661,696.496661,1.5000,4.5000
2026-08-26,1000.0000,5.000000,0,0.00008052,1.0000,3,4,4,10299,4909.3000,0.0000,0.700000,0.736395,-0.036395,-0.07413481,-0.10369296,0.10547404,-0.29907726,-2.04995399,5.08535687,4,0.500000,0.000000,1.000000,1.000000,1.5000,4.5000
2026-08-26,2000.0000,0.000000,0,0.00008052,1.0000,3,2916,2469,13385,3169510.5946,61771.7637,-1374.144789,503.223883,-1877.368672,-5.80998026,-1.46477023,-1.54547708,-1.77845285,-1.71370558,-1.49070432,2907,25.878138,0.000000,656.252083,656.252083,1.5000,4.5000
2026-08-26,2000.0000,5.000000,0,0.00008052,1.0000,3,6,6,10311,7380.0000,0.0000,1.400000,1.107000,0.293000,0.39701897,-0.33897684,-0.13224691,-1.75139899,-2.78427074,3.92792754,6,0.500000,0.000000,1.500000,1.500000,1.5000,4.5000
2026-08-26,5000.0000,0.000000,0,0.00008052,1.0000,3,3001,2651,17021,3370434.2776,58131.4145,-1550.490643,531.724278,-2082.214921,-6.07313702,-1.71264080,-1.76069455,-1.80485707,-1.84810513,-1.76345874,2990,25.894839,0.000000,696.204220,696.204220,1.5000,4.5000
2026-08-26,5000.0000,5.000000,0,0.00008052,1.0000,3,9,8,16452,9833.2602,3.5085,3.851700,1.476568,2.375132,2.41454503,-3.19428753,-3.28402841,1.33524169,0.87954675,8.11395846,9,0.501400,0.000000,2.001400,2.001400,1.5000,4.5000
2026-08-27,0.1000,0.000000,0,0.00008052,1.0000,3,3141,2807,14618,3643061.2909,49993.0161,-733.825085,568.956051,-1302.781136,-3.52765226,-1.44358164,-1.49906872,-1.58147233,-1.88153795,-2.53231226,3136,25.489262,0.000000,736.478160,736.478160,1.5000,4.5000
2026-08-27,0.1000,5.000000,0,0.00008052,1.0000,3,4,4,11062,5005.3000,0.0000,0.700000,0.750795,-0.050795,-0.10148243,-1.39862937,-1.39862937,1.59735168,2.09698785,3.89792068,4,0.500000,0.000000,1.000000,1.000000,1.5000,4.5000
2026-08-27,1.0000,0.000000,0,0.00008052,1.0000,3,3141,2807,14618,3643061.2909,49993.0161,-733.825085,568.956051,-1302.781136,-3.52765226,-1.44358164,-1.49906872,-1.58147233,-1.88153795,-2.53231226,3136,25.489262,0.000000,736.478160,736.478160,1.5000,4.5000
2026-08-27,1.0000,5.000000,0,0.00008052,1.0000,3,4,4,11062,5005.3000,0.0000,0.700000,0.750795,-0.050795,-0.10148243,-1.39862937,-1.39862937,1.59735168,2.09698785,3.89792068,4,0.500000,0.000000,1.000000,1.000000,1.5000,4.5000
2026-08-27,10.0000,0.000000,0,0.00008052,1.0000,3,3139,2805,14606,3640549.3909,49993.0161,-732.425085,568.579266,-1301.004351,-3.52523886,-1.44380405,-1.49811996,-1.57993710,-1.88349555,-2.53087303,3134,25.489262,0.000000,735.978160,735.978160,1.5000,4.5000
2026-08-27,10.0000,5.000000,0,0.00008052,1.0000,3,4,4,11062,5005.3000,0.0000,0.700000,0.750795,-0.050795,-0.10148243,-1.39862937,-1.39862937,1.59735168,2.09698785,3.89792068,4,0.500000,0.000000,1.000000,1.000000,1.5000,4.5000
2026-08-27,33.0000,0.000000,0,0.00008052,1.0000,3,3137,2803,14608,3638061.1409,49993.0161,-736.875085,568.206028,-1305.081114,-3.53867123,-1.44100904,-1.49471906,-1.58070583,-1.89394002,-2.53739663,3132,25.489262,0.000000,735.478160,735.478160,1.5000,4.5000
2026-08-27,33.0000,5.000000,0,0.00008052,1.0000,3,4,4,11062,5005.3000,0.0000,0.700000,0.750795,-0.050795,-0.10148243,-1.39862937,-1.39862937,1.59735168,2.09698785,3.89792068,4,0.500000,0.000000,1.000000,1.000000,1.5000,4.5000
2026-08-27,66.0000,0.000000,0,0.00008052,1.0000,3,3123,2787,14560,3618587.1371,51823.1300,-761.385135,566.108479,-1327.493614,-3.61674450,-1.45120313,-1.54260635,-1.63495689,-1.93978511,-2.56028106,3118,25.489262,0.000000,731.978160,731.978160,1.5000,4.5000
2026-08-27,66.0000,5.000000,0,0.00008052,1.0000,3,4,4,11062,5006.2000,0.0000,-0.200000,0.750930,-0.950930,-1.89950461,-1.29845388,-1.99741941,1.39911994,0.20126839,0.39817205,4,0.500000,0.000000,1.000000,1.000000,1.5000,4.5000
2026-08-27,100.0000,0.000000,0,0.00008052,1.0000,3,3109,2776,14485,3604199.7959,52395.4328,-720.335515,564.207914,-1284.543429,-3.51294948,-1.46045675,-1.56817351,-1.63179009,-1.91893828,-2.42009925,3104,25.762906,0.000000,729.205860,729.205860,1.5000,4.5000
2026-08-27,100.0000,5.000000,0,0.00008052,1.0000,3,4,4,11062,5006.2000,0.0000,-0.200000,0.750930,-0.950930,-1.89950461,-1.29845388,-1.99741941,1.39911994,0.20126839,0.39817205,4,0.500000,0.000000,1.000000,1.000000,1.5000,4.5000
2026-08-27,200.0000,0.000000,0,0.00008052,1.0000,3,3109,2774,14483,3598453.7234,51754.6043,-729.806385,563.057630,-1292.864016,-3.54189104,-1.46456059,-1.55711273,-1.66984264,-1.98530820,-2.47231000,3104,25.470306,0.000000,727.938760,727.938760,1.5000,4.5000
2026-08-27,200.0000,5.000000,0,0.00008052,1.0000,3,4,4,11064,5006.2000,0.0000,-0.200000,0.750930,-0.950930,-1.89950461,-1.29845388,-1.99741941,1.39911994,0.20126839,0.39817205,4,0.500000,0.000000,1.000000,1.000000,1.5000,4.5000
2026-08-27,500.0000,0.000000,0,0.00008052,1.0000,3,3228,2898,14376,3753207.9061,55860.2559,-765.911033,588.118301,-1354.029334,-3.55475218,-1.46740749,-1.56896219,-1.67896322,-1.83796304,-2.18961031,3223,25.444261,0.000000,759.759716,759.759716,1.5000,4.5000
2026-08-27,500.0000,5.000000,0,0.00008052,1.0000,3,6,6,11070,7509.7500,0.0000,0.950000,1.126462,-0.176462,-0.23497786,-1.13201625,-1.59799327,2.39773143,3.92848558,1.46230946,6,0.500000,0.000000,1.500000,1.500000,1.5000,4.5000
2026-08-27,1000.0000,0.000000,0,0.00008052,1.0000,3,3051,2711,14232,3519290.4353,58056.1103,-782.852948,554.018815,-1336.871763,-3.73704853,-1.42618630,-1.50280397,-1.63503635,-1.72364659,-1.97913216,3046,25.497526,0.000000,713.717306,713.717306,1.5000,4.5000
2026-08-27,1000.0000,5.000000,0,0.00008052,1.0000,3,4,4,11069,5006.2000,0.0000,-0.200000,0.750930,-0.950930,-1.89950461,-1.29845388,-1.99741941,1.39911994,0.20126839,0.39817205,4,0.500000,0.000000,1.000000,1.000000,1.5000,4.5000
2026-08-27,2000.0000,0.000000,0,0.00008052,1.0000,3,2949,2604,14270,3387884.6528,42957.4286,-809.948393,527.513541,-1337.461934,-3.89834887,-1.44090199,-1.48996557,-1.59388939,-1.64014247,-1.61785300,2941,26.288573,0.000000,684.516849,684.516849,1.5000,4.5000
2026-08-27,2000.0000,5.000000,0,0.00008052,1.0000,3,6,6,11088,7509.5000,0.0000,0.700000,1.126425,-0.426425,-0.56784739,-1.46479717,-1.93077419,2.06501694,3.59615639,1.12996698,6,0.500000,0.000000,1.500000,1.500000,1.5000,4.5000
2026-08-27,5000.0000,0.000000,0,0.00008052,1.0000,3,3063,2762,17631,3556436.3337,46703.0816,-1241.222895,554.481837,-1795.704732,-4.98372260,-1.74686923,-1.82934702,-1.92444632,-1.88581479,-2.06443878,3055,26.387466,0.000000,718.934378,718.934378,1.5000,4.5000
2026-08-27,5000.0000,5.000000,0,0.00008052,1.0000,3,20,20,17857,25012.4000,0.0000,-3.900000,3.751860,-7.651860,-3.05922662,-2.75980195,-2.71034010,-0.36455804,1.01409564,-2.39828575,20,1.000000,0.000000,5.000000,5.000000,1.5000,4.5000
2026-08-28,0.1000,0.000000,0,0.00008052,1.0000,3,2958,2589,13509,3345997.0775,61097.6401,1113.140418,529.393500,583.746918,1.71332753,-1.57697764,-1.61698989,-1.65166459,-1.92861212,-2.58259963,2954,25.471930,0.000000,687.510637,687.510637,1.5000,4.5000
2026-08-28,0.1000,5.000000,0,0.00008052,1.0000,3,12,11,9901,15043.0500,0.0000,-3.050000,2.256458,-5.306458,-3.52751437,-1.66140761,-1.76104507,-1.06223255,-1.22878876,-1.44681516,12,1.000000,0.000000,3.000000,3.000000,1.5000,4.5000
2026-08-28,1.0000,0.000000,0,0.00008052,1.0000,3,2958,2589,13509,3345997.0775,61097.6401,1113.140418,529.393500,583.746918,1.71332753,-1.57697764,-1.61698989,-1.65166459,-1.92861212,-2.58259963,2954,25.471930,0.000000,687.510637,687.510637,1.5000,4.5000
2026-08-28,1.0000,5.000000,0,0.00008052,1.0000,3,12,11,9901,15043.0500,0.0000,-3.050000,2.256458,-5.306458,-3.52751437,-1.66140761,-1.76104507,-1.06223255,-1.22878876,-1.44681516,12,1.000000,0.000000,3.000000,3.000000,1.5000,4.5000
2026-08-28,10.0000,0.000000,0,0.00008052,1.0000,3,2958,2589,13509,3345997.0775,61097.6401,1113.140418,529.393500,583.746918,1.71332753,-1.57697764,-1.61698989,-1.65166459,-1.92861212,-2.58259963,2954,25.471930,0.000000,687.510637,687.510637,1.5000,4.5000
2026-08-28,10.0000,5.000000,0,0.00008052,1.0000,3,12,11,9901,15043.0500,0.0000,-3.050000,2.256458,-5.306458,-3.52751437,-1.66140761,-1.76104507,-1.06223255,-1.22878876,-1.44681516,12,1.000000,0.000000,3.000000,3.000000,1.5000,4.5000
2026-08-28,33.0000,0.000000,0,0.00008052,1.0000,3,2954,2590,13509,3346092.7699,61224.4007,1082.072258,529.464896,552.607362,1.62182542,-1.57930035,-1.61938661,-1.64303015,-1.92194444,-2.59024059,2950,25.451583,0.000000,687.562537,687.562537,1.5000,4.5000
2026-08-28,33.0000,5.000000,0,0.00008052,1.0000,3,12,11,9901,15043.0500,0.0000,-3.050000,2.256458,-5.306458,-3.52751437,-1.66140761,-1.76104507,-1.06223255,-1.22878876,-1.44681516,12,1.000000,0.000000,3.000000,3.000000,1.5000,4.5000
2026-08-28,66.0000,0.000000,0,0.00008052,1.0000,3,2933,2572,13474,3322585.7952,61505.6158,1083.716768,526.065396,557.651371,1.64786143,-1.59030165,-1.62181229,-1.65442528,-1.94051031,-2.53672900,2925,25.451583,0.000000,682.922976,682.922976,1.5000,4.5000
2026-08-28,66.0000,5.000000,0,0.00008052,1.0000,3,12,11,9901,15043.0500,0.0000,-3.050000,2.256458,-5.306458,-3.52751437,-1.66140761,-1.76104507,-1.06223255,-1.22878876,-1.44681516,12,1.000000,0.000000,3.000000,3.000000,1.5000,4.5000
2026-08-28,100.0000,0.000000,0,0.00008052,1.0000,3,2923,2560,13485,3308296.7789,61678.6193,1130.865071,523.999896,606.865176,1.80080002,-1.56962474,-1.59893856,-1.62618030,-1.88362807,-2.46788984,2915,25.465471,0.000000,680.020009,680.020009,1.5000,4.5000
2026-08-28,100.0000,5.000000,0,0.00008052,1.0000,3,12,11,9904,15043.1000,0.0000,-3.000000,2.256465,-5.256465,-3.49426980,-1.62815873,-1.72779619,-1.02899030,-1.19554784,-1.41357424,12,1.000000,0.000000,3.000000,3.000000,1.5000,4.5000
2026-08-28,200.0000,0.000000,0,0.00008052,1.0000,3,2915,2545,13363,3293104.4378,61689.3659,1185.417981,521.725880,663.692101,1.97833947,-1.53662361,-1.56926678,-1.61058486,-1.87935025,-2.37912956,2907,25.470171,0.000000,677.029509,677.029509,1.5000,4.5000
2026-08-28,200.0000,5.000000,0,0.00008052,1.0000,3,12,11,9905,15043.1000,0.0000,-3.000000,2.256465,-5.256465,-3.49426980,-1.62815873,-1.72779619,-1.02899030,-1.19554784,-1.41357424,12,1.000000,0.000000,3.000000,3.000000,1.5000,4.5000
2026-08-28,500.0000,0.000000,0,0.00008052,1.0000,3,3076,2721,13527,3509667.7011,61098.9525,1335.676517,553.944684,781.731833,2.18925488,-1.53392841,-1.60159583,-1.63343545,-1.96157904,-2.16668484,3072,25.483533,0.000000,720.821367,720.821367,1.5000,4.5000
2026-08-28,500.0000,5.000000,0,0.00008052,1.0000,3,10,9,9904,12536.1500,0.0000,-3.150000,1.880423,-5.030422,-4.01273318,-1.59479804,-1.71436300,-1.31462306,-1.11554054,-1.93562137,10,0.500000,0.000000,2.500000,2.500000,1.5000,4.5000
2026-08-28,1000.0000,0.000000,0,0.00008052,1.0000,3,3030,2660,13449,3430385.8368,61446.6010,1414.397877,542.208846,872.189031,2.49779749,-1.48505040,-1.55692223,-1.54857972,-1.71262674,-1.76622121,3029,25.854975,0.000000,704.894305,704.894305,1.5000,4.5000
2026-08-28,1000.0000,5.000000,0,0.00008052,1.0000,3,17,16,9910,20012.2440,146.5380,-9.406000,3.067779,-12.473779,-6.18776407,-1.88111747,-1.90122980,-2.12345395,-0.90485851,-1.98295389,17,0.500000,0.000000,4.060000,4.060000,1.5000,4.5000
2026-08-28,2000.0000,0.000000,0,0.00008052,1.0000,3,2912,2539,13441,3290849.7384,62132.3273,1462.821698,521.587008,941.234690,2.80715695,-1.49487578,-1.53503002,-1.54014941,-1.66478608,-1.79266843,2911,25.696635,0.000000,676.632705,676.632705,1.5000,4.5000
2026-08-28,2000.0000,5.000000,0,0.00008052,1.0000,3,17,16,9921,20012.5940,146.5380,-9.756000,3.067831,-12.823831,-6.36130127,-2.04961452,-2.06972685,-2.29192340,-1.07325897,-2.15134745,17,0.500000,0.000000,4.060000,4.060000,1.5000,4.5000
2026-08-28,5000.0000,0.000000,0,0.00008052,1.0000,3,2950,2627,16117,3356005.6733,61590.4481,1082.343758,531.116553,551.227205,1.61290915,-1.74508450,-1.79889496,-1.76089164,-1.94650658,-1.80455578,2948,26.313766,0.000000,689.794363,689.794363,1.5000,4.5000
2026-08-28,5000.0000,5.000000,0,0.00008052,1.0000,3,31,28,15460,37424.5192,31.2627,-3.743520,5.627746,-9.371266,-2.50195447,-2.31683382,-2.26273928,-1.85774278,-1.25381038,-1.92294254,31,0.512800,0.000000,7.512800,7.512800,1.5000,4.5000
2026-08-29,0.1000,0.000000,0,0.00008052,1.0000,3,2166,1130,4967,1640720.7664,53941.4279,-338.502693,270.381758,-608.884450,-3.59295470,-0.59584605,-0.68163942,-0.90895124,-1.05775432,-1.27706966,2165,25.402380,0.000000,346.754271,346.754271,1.5000,4.5000
2026-08-29,0.1000,5.000000,0,0.00008052,1.0000,3,216,116,3119,178697.5344,128.8510,-27.889228,26.862613,-54.751841,-3.06173167,-0.54816995,-0.73781035,-1.10210484,-1.22787931,-1.47217264,216,2.500000,0.000000,36.655277,36.655277,1.5000,4.5000
2026-08-29,1.0000,0.000000,0,0.00008052,1.0000,3,2166,1130,4967,1640720.7664,53941.4279,-338.502693,270.381758,-608.884450,-3.59295470,-0.59584605,-0.68163942,-0.90895124,-1.05775432,-1.27706966,2165,25.402380,0.000000,346.754271,346.754271,1.5000,4.5000
2026-08-29,1.0000,5.000000,0,0.00008052,1.0000,3,216,116,3119,178697.5344,128.8510,-27.889228,26.862613,-54.751841,-3.06173167,-0.54816995,-0.73781035,-1.10210484,-1.22787931,-1.47217264,216,2.500000,0.000000,36.655277,36.655277,1.5000,4.5000
2026-08-29,10.0000,0.000000,0,0.00008052,1.0000,3,2166,1130,4967,1640720.7664,53941.4279,-338.502693,270.381758,-608.884450,-3.59295470,-0.59584605,-0.68163942,-0.90895124,-1.05775432,-1.27706966,2165,25.402380,0.000000,346.754271,346.754271,1.5000,4.5000
2026-08-29,10.0000,5.000000,0,0.00008052,1.0000,3,216,116,3119,178697.5344,128.8510,-27.889228,26.862613,-54.751841,-3.06173167,-0.54816995,-0.73781035,-1.10210484,-1.22787931,-1.47217264,216,2.500000,0.000000,36.655277,36.655277,1.5000,4.5000
2026-08-29,33.0000,0.000000,0,0.00008052,1.0000,3,2166,1130,4967,1640720.7664,53941.4279,-338.502693,270.381758,-608.884450,-3.59295470,-0.59584605,-0.68163942,-0.90895124,-1.05775432,-1.27706966,2165,25.402380,0.000000,346.754271,346.754271,1.5000,4.5000
2026-08-29,33.0000,5.000000,0,0.00008052,1.0000,3,216,116,3119,178697.5344,128.8510,-27.889228,26.862613,-54.751841,-3.06173167,-0.54816995,-0.73781035,-1.10210484,-1.22787931,-1.47217264,216,2.500000,0.000000,36.655277,36.655277,1.5000,4.5000
2026-08-29,66.0000,0.000000,0,0.00008052,1.0000,3,2160,1125,4953,1633393.1664,61313.3279,-360.902693,272.599973,-633.502665,-3.73812614,-0.59275904,-0.67575189,-0.90767532,-1.06257765,-1.27226859,2159,25.471750,0.000000,346.754271,346.754271,1.5000,4.5000
2026-08-29,66.0000,5.000000,0,0.00008052,1.0000,3,190,121,3111,173909.4793,553.0159,-28.066401,26.335279,-54.401680,-3.11824500,-0.63782967,-0.87048884,-1.28429062,-1.51286831,-2.22545622,190,2.500000,0.000000,35.753398,35.753398,1.5000,4.5000
2026-08-29,100.0000,0.000000,0,0.00008052,1.0000,3,2174,1125,4927,1630622.6121,51751.7199,-341.313400,267.881666,-609.195066,-3.62104351,-0.57582213,-0.65771711,-0.89872453,-1.07448729,-1.28163548,2173,25.427692,0.000000,344.251584,344.251584,1.5000,4.5000
2026-08-29,100.0000,5.000000,0,0.00008052,1.0000,3,211,123,3115,178140.1093,560.4032,-29.807218,26.973198,-56.780416,-3.17740644,-0.58317710,-0.80334414,-1.19255716,-1.31848814,-2.08398931,211,3.000000,0.000000,36.627015,36.627015,1.5000,4.5000
2026-08-29,200.0000,0.000000,0,0.00008052,1.0000,3,2170,1124,4878,1631909.3906,61061.6924,-380.052340,272.264170,-652.316511,-3.85308714,-0.57605454,-0.65912959,-0.91700215,-1.06922216,-1.32283644,2169,25.435239,0.000000,346.399484,346.399484,1.5000,4.5000
2026-08-29,200.0000,5.000000,0,0.00008052,1.0000,3,215,124,3123,180540.8615,498.4593,-29.693615,27.305436,-56.999051,-3.14843485,-0.59313884,-0.80920975,-1.19498847,-1.32436832,-2.13657048,215,3.000000,0.000000,37.103938,37.103938,1.5000,4.5000
2026-08-29,500.0000,0.000000,0,0.00008052,1.0000,3,2121,1146,4630,1650507.7184,60326.2275,-481.194753,274.722960,-755.917713,-4.41841661,-0.62052982,-0.70372997,-0.98324449,-1.11197025,-1.33041371,2120,25.476653,0.000000,350.088456,350.088456,1.5000,4.5000
2026-08-29,500.0000,5.000000,0,0.00008052,1.0000,3,223,140,3139,194293.6073,247.7456,-30.489853,29.255527,-59.745379,-3.07108892,-0.68111716,-0.84809177,-1.09827934,-1.18663306,-1.14145242,222,2.000000,0.000000,39.874724,39.874724,1.5000,4.5000
2026-08-29,1000.0000,0.000000,0,0.00008052,1.0000,3,2066,1105,4475,1587575.3044,60372.7974,-517.294172,265.304054,-782.598226,-4.74892520,-0.59657146,-0.68001378,-0.93639667,-1.06388545,-1.30685466,2065,25.456177,0.000000,337.217745,337.217745,1.5000,4.5000
2026-08-29,1000.0000,5.000000,0,0.00008052,1.0000,3,266,144,3212,208858.6133,1113.7345,-34.934171,31.829973,-66.764144,-3.17966363,-0.68243400,-0.86269746,-1.15015883,-1.30233631,-1.72390431,266,2.000000,0.000000,43.038650,43.038651,1.5000,4.5000
2026-08-29,2000.0000,0.000000,0,0.00008052,1.0000,3,2225,1172,4566,1670034.2654,61259.0095,-497.029050,278.071694,-775.100744,-4.47700430,-0.57103346,-0.64133050,-0.89920171,-1.04339884,-1.18729768,2224,25.489172,0.000000,354.283217,354.283217,1.5000,4.5000
2026-08-29,2000.0000,5.000000,0,0.00008052,1.0000,3,284,167,3292,239464.5968,436.4574,-36.402293,36.116095,-72.518388,-3.02284574,-0.67948903,-0.86767526,-1.12359102,-1.12011675,-1.35104897,284,1.500000,0.000000,49.160580,49.160580,1.5000,4.5000
2026-08-29,5000.0000,0.000000,0,0.00008052,1.0000,3,2097,1281,5905,1760929.2984,57522.9068,-510.985110,290.024703,-801.009813,-4.40489891,-0.70090218,-0.78405283,-0.99729601,-1.07641753,-1.09470472,2095,25.999856,0.000000,372.104164,372.104164,1.5000,4.5000
2026-08-29,5000.0000,5.000000,0,0.00008052,1.0000,3,314,211,5207,286597.3140,780.1147,-40.728783,43.340649,-84.069431,-2.92540133,-0.80102829,-0.97188921,-1.09267770,-1.15694243,-1.22609262,314,1.500000,0.000000,58.859344,58.859344,1.5000,4.5000
2026-08-30,0.1000,0.000000,0,0.00008052,1.0000,3,2784,2024,9782,2688167.3625,55787.4152,540.990215,428.329441,112.660774,0.41057810,-1.28290991,-1.33690824,-1.76680296,-1.68757916,-1.81068736,2769,25.497741,0.000000,554.799610,554.799610,1.5000,4.5000
2026-08-30,0.1000,5.000000,0,0.00008052,1.0000,3,83,61,6892,83065.1412,315.1266,-22.526579,12.601578,-35.128158,-4.21300608,-0.80130017,-0.96323597,-1.12371148,-0.95517817,-1.84198850,83,1.500000,0.000000,16.959935,16.959935,1.5000,4.5000
2026-08-30,1.0000,0.000000,0,0.00008052,1.0000,3,2784,2024,9782,2688167.3625,55787.4152,540.990215,428.329441,112.660774,0.41057810,-1.28290991,-1.33690824,-1.76680296,-1.68757916,-1.81068736,2769,25.497741,0.000000,554.799610,554.799610,1.5000,4.5000
2026-08-30,1.0000,5.000000,0,0.00008052,1.0000,3,83,61,6892,83065.1412,315.1266,-22.526579,12.601578,-35.128158,-4.21300608,-0.80130017,-0.96323597,-1.12371148,-0.95517817,-1.84198850,83,1.500000,0.000000,16.959935,16.959935,1.5000,4.5000
2026-08-30,10.0000,0.000000,0,0.00008052,1.0000,3,2784,2024,9782,2688167.3625,55787.4152,540.990215,428.329441,112.660774,0.41057810,-1.28290991,-1.33690824,-1.76680296,-1.68757916,-1.81068736,2769,25.497741,0.000000,554.799610,554.799610,1.5000,4.5000
2026-08-30,10.0000,5.000000,0,0.00008052,1.0000,3,83,61,6892,83065.1412,315.1266,-22.526579,12.601578,-35.128158,-4.21300608,-0.80130017,-0.96323597,-1.12371148,-0.95517817,-1.84198850,83,1.500000,0.000000,16.959935,16.959935,1.5000,4.5000
2026-08-30,33.0000,0.000000,0,0.00008052,1.0000,3,2784,2024,9782,2688167.3625,55787.4152,540.990215,428.329441,112.660774,0.41057810,-1.28290991,-1.33690824,-1.76680296,-1.68757916,-1.81068736,2769,25.497741,0.000000,554.799610,554.799610,1.5000,4.5000
2026-08-30,33.0000,5.000000,0,0.00008052,1.0000,3,83,61,6892,83065.1412,315.1266,-22.526579,12.601578,-35.128158,-4.21300608,-0.80130017,-0.96323597,-1.12371148,-0.95517817,-1.84198850,83,1.500000,0.000000,16.959935,16.959935,1.5000,4.5000
2026-08-30,66.0000,0.000000,0,0.00008052,1.0000,3,2761,2001,9761,2660917.7012,55776.0454,560.398705,424.236876,136.161829,0.50120419,-1.26817554,-1.32864978,-1.73898776,-1.64815917,-1.74474042,2746,25.497741,0.000000,549.294910,549.294910,1.5000,4.5000
2026-08-30,66.0000,5.000000,0,0.00008052,1.0000,3,83,61,6892,83066.5412,315.1266,-23.926579,12.601788,-36.528368,-4.38086315,-0.84456693,-0.99206165,-1.08993226,-0.89244147,-1.98137313,83,1.500000,0.000000,16.959935,16.959935,1.5000,4.5000
2026-08-30,100.0000,0.000000,0,0.00008052,1.0000,3,2747,1978,9678,2633451.3305,55789.2703,558.017000,420.122871,137.894129,0.51276234,-1.23998787,-1.30469902,-1.71647084,-1.68106563,-1.68320447,2731,25.482652,0.000000,543.745394,543.745394,1.5000,4.5000
2026-08-30,100.0000,5.000000,0,0.00008052,1.0000,3,85,63,6893,85520.0353,317.4471,-24.011977,12.970857,-36.982833,-4.30847134,-0.82948427,-0.97350853,-1.04512418,-0.87623216,-1.93954150,85,1.500000,0.000000,17.459935,17.459935,1.5000,4.5000
2026-08-30,200.0000,0.000000,0,0.00008052,1.0000,3,2694,1938,9479,2582596.5442,56808.8418,506.659231,412.953460,93.705771,0.35502606,-1.20631581,-1.28182893,-1.65847738,-1.60894907,-1.56471098,2677,25.483462,0.000000,533.666861,533.666861,1.5000,4.5000
2026-08-30,200.0000,5.000000,0,0.00008052,1.0000,3,87,65,6900,87974.8353,317.4471,-24.511977,13.339077,-37.851053,-4.28701720,-0.82915215,-0.97453700,-1.10065766,-0.87481244,-2.01200952,87,1.500000,0.000000,17.959935,17.959935,1.5000,4.5000
2026-08-30,500.0000,0.000000,0,0.00008052,1.0000,3,2552,1855,8940,2468916.6855,55804.2676,410.066325,395.449423,14.616901,0.05789512,-1.22694895,-1.31334476,-1.50833893,-1.50187496,-1.48575404,2537,25.640752,0.000000,510.499493,510.499493,1.5000,4.5000
2026-08-30,500.0000,5.000000,0,0.00008052,1.0000,3,102,79,6903,108104.0248,301.0956,-24.614353,16.351097,-40.965450,-3.77892205,-1.00123782,-1.11330267,-1.41952102,-1.27131773,-2.04011256,102,1.500000,0.000000,22.055200,22.055200,1.5000,4.5000
2026-08-30,1000.0000,0.000000,0,0.00008052,1.0000,3,2280,1667,8597,2219462.2550,57821.6230,493.615200,358.939069,134.676131,0.59138930,-1.27674900,-1.36911084,-1.49879220,-1.43138351,-1.32948470,2271,25.487504,0.000000,460.489110,460.489110,1.5000,4.5000
2026-08-30,1000.0000,5.000000,0,0.00008052,1.0000,3,108,70,6908,94374.7039,87.0683,-10.726391,14.195386,-24.921778,-2.63829240,-0.92653187,-1.00215119,-0.81354817,-1.00939583,-0.69808232,108,1.000000,0.000000,19.216474,19.216474,1.5000,4.5000
2026-08-30,2000.0000,0.000000,0,0.00008052,1.0000,3,2341,1645,8530,2201402.0318,55773.0031,428.387744,355.308156,73.079588,0.32376571,-1.15901668,-1.24484848,-1.41937845,-1.37492832,-1.21276082,2331,25.491343,0.000000,456.580660,456.580660,1.5000,4.5000
2026-08-30,2000.0000,5.000000,0,0.00008052,1.0000,3,113,82,6963,108875.7786,79.3051,-11.182603,16.367054,-27.549657,-2.52853342,-0.94484466,-1.03512890,-1.07099353,-1.15724427,-0.50741066,113,1.027007,0.000000,22.167113,22.167113,1.5000,4.5000
2026-08-30,5000.0000,0.000000,0,0.00008052,1.0000,3,2317,1750,10657,2305230.4326,55836.1875,297.573401,370.910849,-73.337448,-0.31061151,-1.50784776,-1.58711609,-1.77703767,-1.57708319,-1.60609899,2309,25.838663,0.000000,477.360150,477.360150,1.5000,4.5000
2026-08-30,5000.0000,5.000000,0,0.00008052,1.0000,3,153,120,11151,156838.5272,882.4657,-55.132283,23.922889,-79.055172,-5.01234301,-1.21836230,-1.20363276,-1.46732133,-1.38860872,-0.84678746,153,1.230614,0.000000,32.092938,32.092938,1.5000,4.5000
2026-08-31,0.1000,0.000000,0,0.00008052,1.0000,3,3122,2799,14965,3595576.0131,47721.5740,-1322.930305,560.811110,-1883.741415,-5.17042973,-1.53525997,-1.61610522,-1.46366602,-1.49227787,-1.39234966,3115,25.319257,0.000000,743.833300,743.833300,1.5000,4.5000
2026-08-31,0.1000,5.000000,0,0.00008052,1.0000,3,0,0,10982,0.0000,0.0000,0.000000,0.000000,0.000000,0.00000000,0.00000000,0.00000000,0.00000000,0.00000000,0.00000000,0,0.000000,0.000000,0.000000,0.000000,1.5000,4.5000
2026-08-31,1.0000,0.000000,0,0.00008052,1.0000,3,3122,2799,14965,3595576.0131,47721.5740,-1322.930305,560.811110,-1883.741415,-5.17042973,-1.53525997,-1.61610522,-1.46366602,-1.49227787,-1.39234966,3115,25.319257,0.000000,743.833300,743.833300,1.5000,4.5000
2026-08-31,1.0000,5.000000,0,0.00008052,1.0000,3,0,0,10982,0.0000,0.0000,0.000000,0.000000,0.000000,0.00000000,0.00000000,0.00000000,0.00000000,0.00000000,0.00000000,0,0.000000,0.000000,0.000000,0.000000,1.5000,4.5000
2026-08-31,10.0000,0.000000,0,0.00008052,1.0000,3,3122,2799,14965,3595576.0131,47721.5740,-1322.930305,560.811110,-1883.741415,-5.17042973,-1.53525997,-1.61610522,-1.46366602,-1.49227787,-1.39234966,3115,25.319257,0.000000,743.833300,743.833300,1.5000,4.5000
2026-08-31,10.0000,5.000000,0,0.00008052,1.0000,3,0,0,10982,0.0000,0.0000,0.000000,0.000000,0.000000,0.00000000,0.00000000,0.00000000,0.00000000,0.00000000,0.00000000,0,0.000000,0.000000,0.000000,0.000000,1.5000,4.5000
2026-08-31,33.0000,0.000000,0,0.00008052,1.0000,3,3122,2799,14965,3595576.0131,47721.5740,-1322.930305,560.811110,-1883.741415,-5.17042973,-1.53525997,-1.61610522,-1.46366602,-1.49227787,-1.39234966,3115,25.319257,0.000000,743.833300,743.833300,1.5000,4.5000
2026-08-31,33.0000,5.000000,0,0.00008052,1.0000,3,0,0,10982,0.0000,0.0000,0.000000,0.000000,0.000000,0.00000000,0.00000000,0.00000000,0.00000000,0.00000000,0.00000000,0,0.000000,0.000000,0.000000,0.000000,1.5000,4.5000
2026-08-31,66.0000,0.000000,0,0.00008052,1.0000,3,3100,2773,14941,3563822.9631,47721.5740,-1323.080305,556.048153,-1879.128458,-5.20311584,-1.52495014,-1.60748663,-1.44582330,-1.46618399,-1.41795537,3093,25.319257,0.000000,737.333300,737.333300,1.5000,4.5000
2026-08-31,66.0000,5.000000,0,0.00008052,1.0000,3,0,0,10982,0.0000,0.0000,0.000000,0.000000,0.000000,0.00000000,0.00000000,0.00000000,0.00000000,0.00000000,0.00000000,0,0.000000,0.000000,0.000000,0.000000,1.5000,4.5000
2026-08-31,100.0000,0.000000,0,0.00008052,1.0000,3,3092,2756,14914,3541944.7157,52696.7966,-1344.150276,555.005266,-1899.155542,-5.28329608,-1.51721494,-1.60361599,-1.44568855,-1.48496241,-1.47284159,3086,25.335149,0.000000,733.849193,733.849193,1.5000,4.5000
2026-08-31,100.0000,5.000000,0,0.00008052,1.0000,3,0,0,10984,0.0000,0.0000,0.000000,0.000000,0.000000,0.00000000,0.00000000,0.00000000,0.00000000,0.00000000,0.00000000,0,0.000000,0.000000,0.000000,0.000000,1.5000,4.5000
2026-08-31,200.0000,0.000000,0,0.00008052,1.0000,3,3082,2763,14856,3544403.2657,60100.7966,-1364.200276,558.705848,-1922.906125,-5.33473147,-1.54119870,-1.62632150,-1.46281268,-1.50159759,-1.56135149,3075,25.352025,0.000000,735.849193,735.849193,1.5000,4.5000
2026-08-31,200.0000,5.000000,0,0.00008052,1.0000,3,0,0,10987,0.0000,0.0000,0.000000,0.000000,0.000000,0.00000000,0.00000000,0.00000000,0.00000000,0.00000000,0.00000000,0,0.000000,0.000000,0.000000,0.000000,1.5000,4.5000
2026-08-31,500.0000,0.000000,0,0.00008052,1.0000,3,3025,2727,14388,3498894.5098,61539.2931,-1427.171703,552.526858,-1979.698561,-5.56027347,-1.57023610,-1.64158827,-1.50197765,-1.55652509,-1.78630746,3019,25.555440,0.000000,726.921377,726.921377,1.5000,4.5000
2026-08-31,500.0000,5.000000,0,0.00008052,1.0000,3,0,0,10989,0.0000,0.0000,0.000000,0.000000,0.000000,0.00000000,0.00000000,0.00000000,0.00000000,0.00000000,0.00000000,0,0.000000,0.000000,0.000000,0.000000,1.5000,4.5000
2026-08-31,1000.0000,0.000000,0,0.00008052,1.0000,3,2900,2605,14071,3341802.7202,60714.4623,-1450.738537,528.591916,-1979.330453,-5.81725336,-1.56341983,-1.63187273,-1.50865756,-1.55828650,-1.76344613,2894,25.765850,0.000000,694.828938,694.828938,1.5000,4.5000
2026-08-31,1000.0000,5.000000,0,0.00008052,1.0000,3,0,0,10994,0.0000,0.0000,0.000000,0.000000,0.000000,0.00000000,0.00000000,0.00000000,0.00000000,0.00000000,0.00000000,0,0.000000,0.000000,0.000000,0.000000,1.5000,4.5000
2026-08-31,2000.0000,0.000000,0,0.00008052,1.0000,3,2785,2508,13519,3200135.9346,61049.8872,-1488.625713,507.492839,-1996.118553,-6.12083660,-1.59966746,-1.66412037,-1.55829146,-1.51913164,-1.63802305,2779,25.988031,0.000000,665.938135,665.938135,1.5000,4.5000
2026-08-31,2000.0000,5.000000,0,0.00008052,1.0000,3,0,0,11013,0.0000,0.0000,0.000000,0.000000,0.000000,0.00000000,0.00000000,0.00000000,0.00000000,0.00000000,0.00000000,0,0.000000,0.000000,0.000000,0.000000,1.5000,4.5000
2026-08-31,5000.0000,0.000000,0,0.00008052,1.0000,3,3071,2797,17378,3532360.9302,61469.7429,-1415.797379,557.515524,-1973.312903,-5.49083438,-1.84144161,-1.84481576,-1.83626040,-1.74370328,-1.98362567,3067,25.972800,0.000000,733.469864,733.469864,1.5000,4.5000
2026-08-31,5000.0000,5.000000,0,0.00008052,1.0000,3,0,0,17634,0.0000,0.0000,0.000000,0.000000,0.000000,0.00000000,0.00000000,0.00000000,0.00000000,0.00000000,0.00000000,0,0.000000,0.000000,0.000000,0.000000,1.5000,4.5000
2026-09-01,0.1000,0.000000,0,0.00008052,1.0000,3,3022,2606,13225,3359299.7426,37282.0769,-1695.655469,520.671896,-2216.327365,-6.52516996,-1.40122260,-1.42458266,-1.33025162,-1.31926580,-0.89869078,3012,25.494845,0.000000,694.842645,694.842645,1.5000,4.5000
2026-09-01,0.1000,5.000000,0,0.00008052,1.0000,3,2,2,9477,2475.7500,0.0000,-0.350000,0.371363,-0.721363,-2.91371302,-1.41359884,-1.41359884,-4.03886606,-3.43290339,-2.62569549,2,0.500000,0.000000,0.500000,0.500000,1.5000,4.5000
2026-09-01,1.0000,0.000000,0,0.00008052,1.0000,3,3022,2606,13225,3359299.7426,37282.0769,-1695.655469,520.671896,-2216.327365,-6.52516996,-1.40122260,-1.42458266,-1.33025162,-1.31926580,-0.89869078,3012,25.494845,0.000000,694.842645,694.842645,1.5000,4.5000
2026-09-01,1.0000,5.000000,0,0.00008052,1.0000,3,2,2,9477,2475.7500,0.0000,-0.350000,0.371363,-0.721363,-2.91371302,-1.41359884,-1.41359884,-4.03886606,-3.43290339,-2.62569549,2,0.500000,0.000000,0.500000,0.500000,1.5000,4.5000
2026-09-01,10.0000,0.000000,0,0.00008052,1.0000,3,3022,2606,13225,3359299.7426,37282.0769,-1695.655469,520.671896,-2216.327365,-6.52516996,-1.40122260,-1.42458266,-1.33025162,-1.31926580,-0.89869078,3012,25.494845,0.000000,694.842645,694.842645,1.5000,4.5000
2026-09-01,10.0000,5.000000,0,0.00008052,1.0000,3,2,2,9477,2475.7500,0.0000,-0.350000,0.371363,-0.721363,-2.91371302,-1.41359884,-1.41359884,-4.03886606,-3.43290339,-2.62569549,2,0.500000,0.000000,0.500000,0.500000,1.5000,4.5000
2026-09-01,33.0000,0.000000,0,0.00008052,1.0000,3,3022,2606,13225,3359299.7426,37282.0769,-1695.655469,520.671896,-2216.327365,-6.52516996,-1.40122260,-1.42458266,-1.33025162,-1.31926580,-0.89869078,3012,25.494845,0.000000,694.842645,694.842645,1.5000,4.5000
2026-09-01,33.0000,5.000000,0,0.00008052,1.0000,3,2,2,9477,2475.7500,0.0000,-0.350000,0.371363,-0.721363,-2.91371302,-1.41359884,-1.41359884,-4.03886606,-3.43290339,-2.62569549,2,0.500000,0.000000,0.500000,0.500000,1.5000,4.5000
2026-09-01,66.0000,0.000000,0,0.00008052,1.0000,3,3004,2601,13214,3350694.1938,40896.7530,-1603.530599,521.007668,-2124.538267,-6.26413474,-1.40741008,-1.43184375,-1.33358637,-1.32899119,-0.79860828,2994,25.494845,0.000000,693.836745,693.836745,1.5000,4.5000
2026-09-01,66.0000,5.000000,0,0.00008052,1.0000,3,2,2,9479,2475.7500,0.0000,-0.350000,0.371363,-0.721363,-2.91371302,-1.41359884,-1.41359884,-4.03886606,-3.43290339,-2.62569549,2,0.500000,0.000000,0.500000,0.500000,1.5000,4.5000
2026-09-01,100.0000,0.000000,0,0.00008052,1.0000,3,2996,2595,13102,3340553.7033,40762.9657,-1611.034199,519.426390,-2130.460590,-6.30068343,-1.40895805,-1.43325466,-1.36361836,-1.33892579,-0.81339433,2986,25.494845,0.000000,691.771245,691.771245,1.5000,4.5000
2026-09-01,100.0000,5.000000,0,0.00008052,1.0000,3,2,2,9479,2475.7500,0.0000,-0.350000,0.371363,-0.721363,-2.91371302,-1.41359884,-1.41359884,-4.03886606,-3.43290339,-2.62569549,2,0.500000,0.000000,0.500000,0.500000,1.5000,4.5000
2026-09-01,200.0000,0.000000,0,0.00008052,1.0000,3,3016,2614,13006,3362053.0358,44394.0140,-1718.375803,524.285262,-2242.661065,-6.58357823,-1.40200406,-1.42107120,-1.34001605,-1.33340244,-0.78621656,3006,25.873571,0.000000,696.782212,696.782212,1.5000,4.5000
2026-09-01,200.0000,5.000000,0,0.00008052,1.0000,3,2,2,9479,2475.7500,0.0000,-0.350000,0.371363,-0.721363,-2.91371302,-1.41359884,-1.41359884,-4.03886606,-3.43290339,-2.62569549,2,0.500000,0.000000,0.500000,0.500000,1.5000,4.5000
2026-09-01,500.0000,0.000000,0,0.00008052,1.0000,3,3027,2608,12646,3349962.1100,50333.6238,-1792.754678,525.144447,-2317.899125,-6.81675744,-1.39106950,-1.42820322,-1.39291238,-1.41895857,-0.91007055,3017,25.459192,0.000000,695.137840,695.137840,1.5000,4.5000
2026-09-01,500.0000,5.000000,0,0.00008052,1.0000,3,4,4,9484,4950.5500,0.0000,-0.750000,0.742583,-1.492583,-3.01498318,-1.71709638,-1.71709638,-2.82762815,-2.52481009,-2.22168560,4,0.500000,0.000000,1.000000,1.000000,1.5000,4.5000
2026-09-01,1000.0000,0.000000,0,0.00008052,1.0000,3,2972,2523,12616,3254928.7880,49697.0153,-1745.505693,510.602975,-2256.108668,-6.82712295,-1.35964064,-1.40809142,-1.40122217,-1.47865955,-0.91555273,2963,25.609787,0.000000,675.473277,675.473277,1.5000,4.5000
2026-09-01,1000.0000,5.000000,0,0.00008052,1.0000,3,4,4,9493,4950.5500,0.0000,-0.750000,0.742583,-1.492583,-3.01498318,-1.71709638,-1.71709638,-2.82762815,-2.52481009,-2.22168560,4,0.500000,0.000000,1.000000,1.000000,1.5000,4.5000
2026-09-01,2000.0000,0.000000,0,0.00008052,1.0000,3,2906,2471,12429,3182381.0416,48113.4844,-1725.820674,499.008224,-2224.828899,-6.88696074,-1.36876663,-1.42785870,-1.40691041,-1.47815797,-1.21899376,2897,25.971305,0.000000,660.300751,660.300751,1.5000,4.5000
2026-09-01,2000.0000,5.000000,0,0.00008052,1.0000,3,4,4,9504,4950.5500,0.0000,-0.750000,0.742583,-1.492583,-3.01498318,-1.71709638,-1.71709638,-2.82762815,-2.52481009,-2.22168560,4,0.500000,0.000000,1.000000,1.000000,1.5000,4.5000
2026-09-01,5000.0000,0.000000,0,0.00008052,1.0000,3,3151,2748,15675,3494448.5620,47051.5918,-1473.591082,545.340501,-2018.931583,-5.70078073,-1.60228677,-1.63777511,-1.66132709,-1.73065426,-1.25217197,3147,26.364878,0.000000,723.765172,723.765172,1.5000,4.5000
2026-09-01,5000.0000,5.000000,0,0.00008052,1.0000,3,12,12,15268,14820.7000,0.0000,-2.600000,2.223105,-4.823105,-3.25430310,-1.62020283,-1.36676486,-3.20651363,-2.73191328,-1.41652592,12,1.000000,0.000000,3.000000,3.000000,1.5000,4.5000
2026-09-02,0.1000,0.000000,0,0.00008052,1.0000,3,3515,3035,14753,3808724.9555,25453.4170,-1233.901214,582.762781,-1816.663995,-4.73807898,-1.59097003,-1.64547307,-1.58494633,-1.58431445,-1.63341442,3500,25.454878,0.000000,800.127052,800.127052,1.5000,4.5000
2026-09-02,0.1000,5.000000,0,0.00008052,1.0000,3,12,12,10020,14519.8500,0.0000,-0.350000,2.177978,-2.527977,-1.74104932,-1.65288087,-1.58413273,-1.10191393,-1.32602839,-1.75537195,12,1.000000,0.000000,3.000000,3.000000,1.5000,4.5000
2026-09-02,1.0000,0.000000,0,0.00008052,1.0000,3,3515,3035,14753,3808724.9555,25453.4170,-1233.901214,582.762781,-1816.663995,-4.73807898,-1.59097003,-1.64547307,-1.58494633,-1.58431445,-1.63341442,3500,25.454878,0.000000,800.127052,800.127052,1.5000,4.5000
2026-09-02,1.0000,5.000000,0,0.00008052,1.0000,3,12,12,10020,14519.8500,0.0000,-0.350000,2.177978,-2.527977,-1.74104932,-1.65288087,-1.58413273,-1.10191393,-1.32602839,-1.75537195,12,1.000000,0.000000,3.000000,3.000000,1.5000,4.5000
2026-09-02,10.0000,0.000000,0,0.00008052,1.0000,3,3515,3035,14753,3808724.9555,25453.4170,-1233.901214,582.762781,-1816.663995,-4.73807898,-1.59097003,-1.64547307,-1.58494633,-1.58431445,-1.63341442,3500,25.454878,0.000000,800.127052,800.127052,1.5000,4.5000
2026-09-02,10.0000,5.000000,0,0.00008052,1.0000,3,12,12,10020,14519.8500,0.0000,-0.350000,2.177978,-2.527977,-1.74104932,-1.65288087,-1.58413273,-1.10191393,-1.32602839,-1.75537195,12,1.000000,0.000000,3.000000,3.000000,1.5000,4.5000
2026-09-02,33.0000,0.000000,0,0.00008052,1.0000,3,3515,3035,14753,3808724.9555,25453.4170,-1233.901214,582.762781,-1816.663995,-4.73807898,-1.59097003,-1.64547307,-1.58494633,-1.58431445,-1.63341442,3500,25.454878,0.000000,800.127052,800.127052,1.5000,4.5000
2026-09-02,33.0000,5.000000,0,0.00008052,1.0000,3,12,12,10020,14519.8500,0.0000,-0.350000,2.177978,-2.527977,-1.74104932,-1.65288087,-1.58413273,-1.10191393,-1.32602839,-1.75537195,12,1.000000,0.000000,3.000000,3.000000,1.5000,4.5000
2026-09-02,66.0000,0.000000,0,0.00008052,1.0000,3,3513,3028,14717,3802878.3267,29108.6322,-1256.957224,583.530633,-1840.487857,-4.80295961,-1.58523638,-1.64244824,-1.58001113,-1.57875022,-1.67387262,3498,25.470234,0.000000,799.655152,799.655152,1.5000,4.5000
2026-09-02,66.0000,5.000000,0,0.00008052,1.0000,3,12,12,10020,14519.8500,0.0000,-0.350000,2.177978,-2.527977,-1.74104932,-1.65288087,-1.58413273,-1.10191393,-1.32602839,-1.75537195,12,1.000000,0.000000,3.000000,3.000000,1.5000,4.5000
2026-09-02,100.0000,0.000000,0,0.00008052,1.0000,3,3500,3014,14632,3783306.4130,33522.1114,-1275.721294,582.580912,-1858.302206,-4.86870760,-1.57142552,-1.62984019,-1.57206567,-1.55499555,-1.64063521,3486,25.471209,0.000000,796.481652,796.481652,1.5000,4.5000
2026-09-02,100.0000,5.000000,0,0.00008052,1.0000,3,12,12,10021,14519.8500,0.0000,-0.350000,2.177978,-2.527977,-1.74104932,-1.65288087,-1.58413273,-1.10191393,-1.32602839,-1.75537195,12,1.000000,0.000000,3.000000,3.000000,1.5000,4.5000
2026-09-02,200.0000,0.000000,0,0.00008052,1.0000,3,3444,2950,14477,3713454.2181,34920.5962,-1397.600957,572.732401,-1970.333358,-5.25650037,-1.54592402,-1.58650318,-1.53123836,-1.48462314,-1.66779795,3431,25.459818,0.000000,782.120103,782.120103,1.5000,4.5000
2026-09-02,200.0000,5.000000,0,0.00008052,1.0000,3,24,17,10059,21972.4580,220.5424,-3.215640,3.395113,-6.610753,-2.97875576,-1.17700357,-1.28513360,-1.57277072,-2.02357976,1.01176918,23,1.000000,0.000000,4.592200,4.592200,1.5000,4.5000
2026-09-02,500.0000,0.000000,0,0.00008052,1.0000,3,3328,2842,14142,3576581.2464,37745.7945,-1255.999012,553.472794,-1809.471807,-5.00638649,-1.52983925,-1.57758009,-1.45618582,-1.32477935,-1.65637447,3318,25.488747,0.000000,754.064994,754.064994,1.5000,4.5000
2026-09-02,500.0000,5.000000,0,0.00008052,1.0000,3,24,17,10059,22097.3203,101.8598,-0.435919,3.360435,-3.796354,-1.71013245,-1.29301499,-1.75996233,-1.55081890,-1.60009800,1.01811721,24,1.000000,0.000000,4.592200,4.592200,1.5000,4.5000
2026-09-02,1000.0000,0.000000,0,0.00008052,1.0000,3,3196,2707,13937,3404951.3380,37718.4470,-1046.112106,527.716002,-1573.828107,-4.57153374,-1.50379756,-1.56050278,-1.40371368,-1.30586637,-1.79637263,3189,25.724860,0.000000,718.192153,718.192153,1.5000,4.5000
2026-09-02,1000.0000,5.000000,0,0.00008052,1.0000,3,20,17,10099,22085.4776,88.9498,-1.703194,3.352849,-5.056043,-2.28012331,-1.40700709,-1.84330776,-1.26130410,-0.89634251,-1.67227250,20,1.000000,0.000000,4.586803,4.586803,1.5000,4.5000
2026-09-02,2000.0000,0.000000,0,0.00008052,1.0000,3,3242,2742,13846,3454698.0201,33667.7060,-922.230386,533.355171,-1455.585556,-4.17268621,-1.51857994,-1.55187748,-1.38178684,-1.26164503,-1.57135592,3234,25.747506,0.000000,727.578586,727.578586,1.5000,4.5000
2026-09-02,2000.0000,5.000000,0,0.00008052,1.0000,3,16,16,10043,19334.4000,0.0000,-2.000000,2.900160,-4.900160,-2.53442569,-1.60447933,-2.43396728,-2.63649824,-2.08982654,-2.60778202,16,1.000000,0.000000,4.000000,4.000000,1.5000,4.5000
2026-09-02,5000.0000,0.000000,0,0.00008052,1.0000,3,3369,2945,17054,3654575.7116,27374.6018,-820.779626,560.504928,-1381.284554,-3.75150243,-1.78788884,-1.82120449,-1.62898429,-1.57432311,-1.98054431,3361,25.998601,0.000000,767.988203,767.988203,1.5000,4.5000
2026-09-02,5000.0000,5.000000,0,0.00008052,1.0000,3,31,24,15975,29203.9722,217.6788,-4.993375,4.478551,-9.471926,-3.21937278,-1.44905853,-1.70309249,-2.00110182,-2.09939559,-0.00429189,31,1.500000,0.000000,6.091003,6.091003,1.5000,4.5000
2026-09-03,0.1000,0.000000,0,0.00008052,1.0000,3,3287,2909,14991,3730686.7022,59368.3826,1056.840106,586.318777,470.521328,1.24146303,-1.80580896,-1.96669461,-1.95128567,-2.07495592,-2.21895782,3282,25.498198,0.000000,775.017117,775.017117,1.5000,4.5000
2026-09-03,0.1000,5.000000,0,0.00008052,1.0000,3,14,13,10779,16730.8000,0.0000,0.900000,2.509620,-1.609620,-0.96206995,-1.34580812,-2.78093985,-2.92746990,0.00428919,1.76320912,14,1.000000,0.000000,3.500000,3.500000,1.5000,4.5000
2026-09-03,1.0000,0.000000,0,0.00008052,1.0000,3,3287,2909,14991,3730686.7022,59368.3826,1056.840106,586.318777,470.521328,1.24146303,-1.80580896,-1.96669461,-1.95128567,-2.07495592,-2.21895782,3282,25.498198,0.000000,775.017117,775.017117,1.5000,4.5000
2026-09-03,1.0000,5.000000,0,0.00008052,1.0000,3,14,13,10779,16730.8000,0.0000,0.900000,2.509620,-1.609620,-0.96206995,-1.34580812,-2.78093985,-2.92746990,0.00428919,1.76320912,14,1.000000,0.000000,3.500000,3.500000,1.5000,4.5000
2026-09-03,10.0000,0.000000,0,0.00008052,1.0000,3,3287,2909,14991,3730686.7022,59368.3826,1056.840106,586.318777,470.521328,1.24146303,-1.80580896,-1.96669461,-1.95128567,-2.07495592,-2.21895782,3282,25.498198,0.000000,775.017117,775.017117,1.5000,4.5000
2026-09-03,10.0000,5.000000,0,0.00008052,1.0000,3,14,13,10779,16730.8000,0.0000,0.900000,2.509620,-1.609620,-0.96206995,-1.34580812,-2.78093985,-2.92746990,0.00428919,1.76320912,14,1.000000,0.000000,3.500000,3.500000,1.5000,4.5000
2026-09-03,33.0000,0.000000,0,0.00008052,1.0000,3,3287,2909,14991,3730686.7022,59368.3826,1056.840106,586.318777,470.521328,1.24146303,-1.80580896,-1.96669461,-1.95128567,-2.07495592,-2.21895782,3282,25.498198,0.000000,775.017117,775.017117,1.5000,4.5000
2026-09-03,33.0000,5.000000,0,0.00008052,1.0000,3,14,13,10779,16730.8000,0.0000,0.900000,2.509620,-1.609620,-0.96206995,-1.34580812,-2.78093985,-2.92746990,0.00428919,1.76320912,14,1.000000,0.000000,3.500000,3.500000,1.5000,4.5000
2026-09-03,66.0000,0.000000,0,0.00008052,1.0000,3,3257,2879,14926,3694142.9522,59368.3826,1146.190106,580.837215,565.352891,1.50619737,-1.77609413,-1.93562582,-1.92128521,-2.05262674,-2.13600821,3252,25.498198,0.000000,767.517117,767.517117,1.5000,4.5000
2026-09-03,66.0000,5.000000,0,0.00008052,1.0000,3,14,13,10779,16730.8000,0.0000,0.900000,2.509620,-1.609620,-0.96206995,-1.34580812,-2.78093985,-2.92746990,0.00428919,1.76320912,14,1.000000,0.000000,3.500000,3.500000,1.5000,4.5000
2026-09-03,100.0000,0.000000,0,0.00008052,1.0000,3,3241,2859,14839,3668656.2809,59943.9430,1149.400984,577.273216,572.127768,1.53443044,-1.77220401,-1.92766861,-1.91588645,-2.03545973,-2.09343167,3236,25.467414,0.000000,762.517117,762.517117,1.5000,4.5000
2026-09-03,100.0000,5.000000,0,0.00008052,1.0000,3,14,13,10781,16730.8000,0.0000,0.900000,2.509620,-1.609620,-0.96206995,-1.34580812,-2.78093985,-2.92746990,0.00428919,1.76320912,14,1.000000,0.000000,3.500000,3.500000,1.5000,4.5000
2026-09-03,200.0000,0.000000,0,0.00008052,1.0000,3,3166,2776,14655,3566981.7334,59661.8420,1363.724686,561.895089,801.829597,2.21094127,-1.72313552,-1.86253427,-1.83659029,-1.99751480,-2.14358643,3161,25.455779,0.000000,741.632417,741.632417,1.5000,4.5000
2026-09-03,200.0000,5.000000,0,0.00008052,1.0000,3,14,13,10786,16730.8000,0.0000,0.900000,2.509620,-1.609620,-0.96206995,-1.34580812,-2.78093985,-2.92746990,0.00428919,1.76320912,14,1.000000,0.000000,3.500000,3.500000,1.5000,4.5000
2026-09-03,500.0000,0.000000,0,0.00008052,1.0000,3,3076,2669,14366,3436013.0284,59286.1431,1609.347964,542.080719,1067.267245,3.05343604,-1.67677027,-1.76861517,-1.72244302,-1.95352641,-2.01218874,3069,25.307037,0.000000,714.801362,714.801362,1.5000,4.5000
2026-09-03,500.0000,5.000000,0,0.00008052,1.0000,3,14,13,10783,16730.8000,0.0000,0.900000,2.509620,-1.609620,-0.96206995,-1.34580812,-2.78093985,-2.92746990,0.00428919,1.76320912,14,1.000000,0.000000,3.500000,3.500000,1.5000,4.5000
2026-09-03,1000.0000,0.000000,0,0.00008052,1.0000,3,2955,2575,14412,3315027.0749,60278.8276,1797.356936,524.379534,1272.977403,3.77144306,-1.68086465,-1.81397678,-1.69802127,-2.00237439,-2.13576352,2949,25.974046,0.000000,690.832073,690.832073,1.5000,4.5000
2026-09-03,1000.0000,5.000000,0,0.00008052,1.0000,3,12,11,10782,14341.3000,0.0000,0.800000,2.151195,-1.351195,-0.94217051,-1.43060006,-2.73873429,-3.27588673,-0.09960283,1.70845336,12,1.000000,0.000000,3.000000,3.000000,1.5000,4.5000
2026-09-03,2000.0000,0.000000,0,0.00008052,1.0000,3,2984,2562,14697,3300576.8397,59749.3797,1492.105001,521.973747,970.131254,2.88701510,-1.62285298,-1.73183386,-1.66458835,-1.96808028,-2.07356955,2978,25.643225,0.000000,688.397780,688.397780,1.5000,4.5000
2026-09-03,2000.0000,5.000000,0,0.00008052,1.0000,3,10,9,10786,11948.0500,0.0000,1.750000,1.792207,-0.042208,-0.03532585,-1.50779912,-2.86862265,-2.92809420,0.54913976,3.42799399,10,1.000000,0.000000,2.500000,2.500000,1.5000,4.5000
2026-09-03,5000.0000,0.000000,0,0.00008052,1.0000,3,2932,2632,17911,3338954.9234,61240.0580,380.106939,528.401265,-148.294326,-0.43613477,-1.92110666,-1.96442631,-1.81901093,-2.16906027,-2.13073759,2926,25.994439,0.000000,696.454658,696.454658,1.5000,4.5000
2026-09-03,5000.0000,5.000000,0,0.00008052,1.0000,3,12,12,16644,14376.2000,0.0000,-0.100000,2.156430,-2.256430,-1.56955941,-1.80480581,-2.75612863,-3.08291690,-1.05739354,0.55300196,12,1.000000,0.000000,3.000000,3.000000,1.5000,4.5000
2026-09-04,0.1000,0.000000,0,0.00008052,1.0000,3,2743,2301,11651,3061911.8736,60608.9551,1264.085382,486.560811,777.524571,2.49005408,-1.52971756,-1.67713386,-1.94823378,-1.97520225,-1.35344228,2742,25.400859,0.000000,627.567004,627.567004,1.5000,4.5000
2026-09-04,0.1000,5.000000,0,0.00008052,1.0000,3,22,21,8861,27305.4500,0.0000,-0.850000,4.095818,-4.945817,-1.81129317,-1.03608124,-1.18024505,-0.46002330,-0.51922871,-0.00129047,22,2.000000,0.000000,5.500000,5.500000,1.5000,4.5000
2026-09-04,1.0000,0.000000,0,0.00008052,1.0000,3,2743,2301,11651,3061911.8736,60608.9551,1264.085382,486.560811,777.524571,2.49005408,-1.52971756,-1.67713386,-1.94823378,-1.97520225,-1.35344228,2742,25.400859,0.000000,627.567004,627.567004,1.5000,4.5000
2026-09-04,1.0000,5.000000,0,0.00008052,1.0000,3,22,21,8861,27305.4500,0.0000,-0.850000,4.095818,-4.945817,-1.81129317,-1.03608124,-1.18024505,-0.46002330,-0.51922871,-0.00129047,22,2.000000,0.000000,5.500000,5.500000,1.5000,4.5000
2026-09-04,10.0000,0.000000,0,0.00008052,1.0000,3,2743,2301,11651,3061911.8736,60608.9551,1264.085382,486.560811,777.524571,2.49005408,-1.52971756,-1.67713386,-1.94823378,-1.97520225,-1.35344228,2742,25.400859,0.000000,627.567004,627.567004,1.5000,4.5000
2026-09-04,10.0000,5.000000,0,0.00008052,1.0000,3,22,21,8861,27305.4500,0.0000,-0.850000,4.095818,-4.945817,-1.81129317,-1.03608124,-1.18024505,-0.46002330,-0.51922871,-0.00129047,22,2.000000,0.000000,5.500000,5.500000,1.5000,4.5000
2026-09-04,33.0000,0.000000,0,0.00008052,1.0000,3,2743,2301,11651,3061911.8736,60608.9551,1264.085382,486.560811,777.524571,2.49005408,-1.52971756,-1.67713386,-1.94823378,-1.97520225,-1.35344228,2742,25.400859,0.000000,627.567004,627.567004,1.5000,4.5000
2026-09-04,33.0000,5.000000,0,0.00008052,1.0000,3,22,21,8861,27305.4500,0.0000,-0.850000,4.095818,-4.945817,-1.81129317,-1.03608124,-1.18024505,-0.46002330,-0.51922871,-0.00129047,22,2.000000,0.000000,5.500000,5.500000,1.5000,4.5000
2026-09-04,66.0000,0.000000,0,0.00008052,1.0000,3,2711,2281,11551,3036511.4592,60284.2882,1277.137924,482.604649,794.533275,2.56566251,-1.51398904,-1.65346257,-1.91518006,-1.96301294,-1.44082620,2710,25.499329,0.000000,622.434779,622.434779,1.5000,4.5000
2026-09-04,66.0000,5.000000,0,0.00008052,1.0000,3,22,21,8861,27305.4500,0.0000,-0.850000,4.095818,-4.945817,-1.81129317,-1.03608124,-1.18024505,-0.46002330,-0.51922871,-0.00129047,22,2.000000,0.000000,5.500000,5.500000,1.5000,4.5000
2026-09-04,100.0000,0.000000,0,0.00008052,1.0000,3,2695,2269,11433,3022136.7208,60378.3106,1299.112940,480.490748,818.622192,2.65569570,-1.53336310,-1.66580724,-1.92129450,-1.94865534,-1.38985021,2694,25.803672,0.000000,619.527975,619.527975,1.5000,4.5000
2026-09-04,100.0000,5.000000,0,0.00008052,1.0000,3,24,23,8866,29811.2500,0.0000,-0.950000,4.471688,-5.421687,-1.81867164,-1.28230891,-1.36459073,-0.45506961,-0.60904606,-0.05129145,24,2.000000,0.000000,6.000000,6.000000,1.5000,4.5000
2026-09-04,200.0000,0.000000,0,0.00008052,1.0000,3,2674,2230,11409,2970033.1809,60427.7989,1286.384563,472.697487,813.687077,2.68502740,-1.50493446,-1.62083144,-1.84266970,-1.83407263,-1.47699987,2673,25.494868,0.000000,609.046982,609.046982,1.5000,4.5000
2026-09-04,200.0000,5.000000,0,0.00008052,1.0000,3,24,23,8865,29810.8000,0.0000,-1.400000,4.471620,-5.871620,-1.96962846,-1.34880303,-1.43108484,-0.77081597,-1.12422404,-0.45007416,24,2.000000,0.000000,6.000000,6.000000,1.5000,4.5000
2026-09-04,500.0000,0.000000,0,0.00008052,1.0000,3,2649,2210,11232,2940597.7028,60272.6733,1350.216758,468.212358,882.004399,2.93916194,-1.50285270,-1.60835328,-1.72343272,-1.63873302,-1.16819949,2648,25.491025,0.000000,603.070986,603.070986,1.5000,4.5000
2026-09-04,500.0000,5.000000,0,0.00008052,1.0000,3,28,27,8885,34737.6500,0.0000,-4.550000,5.210648,-9.760647,-2.80981802,-1.80014446,-0.80348633,-0.70594724,-1.55270469,-1.12318617,28,2.000000,0.000000,7.000000,7.000000,1.5000,4.5000
2026-09-04,1000.0000,0.000000,0,0.00008052,1.0000,3,2510,2102,10982,2796187.8106,60294.1412,1175.740832,446.560535,729.180297,2.55272153,-1.51119234,-1.58270027,-1.67548194,-1.53342903,-1.08344840,2509,25.947695,0.000000,574.139829,574.139829,1.5000,4.5000
2026-09-04,1000.0000,5.000000,0,0.00008052,1.0000,3,28,27,8888,34737.0500,0.0000,-3.950000,5.210558,-9.160557,-2.63711441,-1.80014803,-0.80348989,-0.60401815,-1.45074000,-0.97761440,28,2.000000,0.000000,7.000000,7.000000,1.5000,4.5000
2026-09-04,2000.0000,0.000000,0,0.00008052,1.0000,3,2479,2050,10955,2726248.9385,58981.7050,1147.030068,435.479108,711.550960,2.55472904,-1.51129323,-1.56420904,-1.69990545,-1.49773227,-0.62534356,2471,25.978706,0.000000,559.839615,559.839615,1.5000,4.5000
2026-09-04,2000.0000,5.000000,0,0.00008052,1.0000,3,26,25,8906,32230.9000,0.0000,-3.700000,4.834635,-8.534635,-2.64796670,-1.81520305,-0.82024070,-0.55580955,-1.17188859,-0.53940165,26,1.500000,0.000000,6.500000,6.500000,1.5000,4.5000
2026-09-04,5000.0000,0.000000,0,0.00008052,1.0000,3,2523,2187,13566,2846950.8100,60158.1430,1028.943877,454.113786,574.830091,1.97732559,-1.83660651,-1.86506776,-2.00817335,-2.04086274,-1.38261159,2522,25.968149,0.000000,584.382150,584.382150,1.5000,4.5000
2026-09-04,5000.0000,5.000000,0,0.00008052,1.0000,3,36,35,14057,44538.6000,0.0000,-1.800000,6.680790,-8.480790,-1.90414382,-1.39532312,-0.66848356,-0.43057724,-1.07045346,0.23430049,34,1.500000,0.000000,9.000000,9.000000,1.5000,4.5000
2026-09-05,0.1000,0.000000,0,0.00008052,1.0000,3,1999,1192,5120,1686198.5630,19564.6938,-527.478456,261.733897,-789.212352,-4.62674025,-0.93534241,-1.00512126,-1.12849230,-1.08074323,-0.53312663,1992,25.458964,0.000000,345.843027,345.843027,1.5000,4.5000
2026-09-05,0.1000,5.000000,0,0.00008052,1.0000,3,219,125,3308,194849.1271,247.1110,-18.200247,29.338569,-47.538816,-2.43668541,-0.78398414,-0.93289546,-1.10131059,-0.99720276,-0.58545235,219,2.000000,0.000000,39.735595,39.735595,1.5000,4.5000
2026-09-05,1.0000,0.000000,0,0.00008052,1.0000,3,1999,1192,5120,1686198.5630,19564.6938,-527.478456,261.733897,-789.212352,-4.62674025,-0.93534241,-1.00512126,-1.12849230,-1.08074323,-0.53312663,1992,25.458964,0.000000,345.843027,345.843027,1.5000,4.5000
2026-09-05,1.0000,5.000000,0,0.00008052,1.0000,3,219,125,3308,194849.1271,247.1110,-18.200247,29.338569,-47.538816,-2.43668541,-0.78398414,-0.93289546,-1.10131059,-0.99720276,-0.58545235,219,2.000000,0.000000,39.735595,39.735595,1.5000,4.5000
2026-09-05,10.0000,0.000000,0,0.00008052,1.0000,3,1999,1192,5120,1686198.5630,19564.6938,-527.478456,261.733897,-789.212352,-4.62674025,-0.93534241,-1.00512126,-1.12849230,-1.08074323,-0.53312663,1992,25.458964,0.000000,345.843027,345.843027,1.5000,4.5000
2026-09-05,10.0000,5.000000,0,0.00008052,1.0000,3,219,125,3308,194849.1271,247.1110,-18.200247,29.338569,-47.538816,-2.43668541,-0.78398414,-0.93289546,-1.10131059,-0.99720276,-0.58545235,219,2.000000,0.000000,39.735595,39.735595,1.5000,4.5000
2026-09-05,33.0000,0.000000,0,0.00008052,1.0000,3,1999,1192,5120,1686198.5630,19564.6938,-527.478456,261.733897,-789.212352,-4.62674025,-0.93534241,-1.00512126,-1.12849230,-1.08074323,-0.53312663,1992,25.458964,0.000000,345.843027,345.843027,1.5000,4.5000
2026-09-05,33.0000,5.000000,0,0.00008052,1.0000,3,219,125,3308,194849.1271,247.1110,-18.200247,29.338569,-47.538816,-2.43668541,-0.78398414,-0.93289546,-1.10131059,-0.99720276,-0.58545235,219,2.000000,0.000000,39.735595,39.735595,1.5000,4.5000
2026-09-05,66.0000,0.000000,0,0.00008052,1.0000,3,1990,1183,5099,1675122.8130,15845.2938,-533.328456,258.398804,-791.727260,-4.68209458,-0.92228330,-0.99013286,-1.12163794,-1.06864992,-0.52045729,1983,25.458964,0.000000,342.843027,342.843027,1.5000,4.5000
2026-09-05,66.0000,5.000000,0,0.00008052,1.0000,3,219,125,3308,194849.1271,247.1110,-18.200247,29.338569,-47.538816,-2.43668541,-0.78398414,-0.93289546,-1.10131059,-0.99720276,-0.58545235,219,2.000000,0.000000,39.735595,39.735595,1.5000,4.5000
2026-09-05,100.0000,0.000000,0,0.00008052,1.0000,3,1986,1179,5064,1666377.7785,14428.7517,-544.920814,256.449605,-801.370419,-4.76777312,-0.91104472,-0.97694716,-1.10508023,-1.06230436,-0.56934126,1979,25.483113,0.000000,340.771748,340.771748,1.5000,4.5000
2026-09-05,100.0000,5.000000,0,0.00008052,1.0000,3,218,123,3301,192070.7381,108.3453,-22.417201,28.859366,-51.276567,-2.66816588,-0.80883555,-0.93787262,-1.11106362,-1.06066401,-0.80692536,218,2.000000,0.000000,39.134582,39.134582,1.5000,4.5000
2026-09-05,200.0000,0.000000,0,0.00008052,1.0000,3,1985,1171,5055,1660743.4944,18715.4516,-544.604890,257.533477,-802.138368,-4.77617134,-0.89461153,-0.96228817,-1.09902850,-1.06674238,-0.55223600,1978,25.466396,0.000000,340.500535,340.500535,1.5000,4.5000
2026-09-05,200.0000,5.000000,0,0.00008052,1.0000,3,192,103,3258,149158.6810,232.4608,-19.638728,22.478409,-42.117138,-2.81925269,-0.78900796,-0.91641657,-1.20507635,-1.25815121,-1.30898577,192,2.000000,0.000000,30.422814,30.422814,1.5000,4.5000
2026-09-05,500.0000,0.000000,0,0.00008052,1.0000,3,1977,1177,4998,1662919.2317,13417.6174,-580.347724,255.475813,-835.823537,-4.98601184,-0.87251155,-0.94156410,-1.03705543,-1.00722311,-0.51402119,1970,25.487457,0.000000,339.845985,339.845985,1.5000,4.5000
2026-09-05,500.0000,5.000000,0,0.00008052,1.0000,3,190,122,3310,175690.3831,241.1861,-14.311629,26.462091,-40.773720,-2.31758976,-0.94525504,-1.09967572,-1.41281927,-1.42551276,-1.08037839,190,2.000000,0.000000,35.824694,35.824694,1.5000,4.5000
2026-09-05,1000.0000,0.000000,0,0.00008052,1.0000,3,2098,1279,5069,1804585.2647,7406.7689,-483.313611,274.020836,-757.334447,-4.17956830,-0.88641212,-0.97271662,-1.09014227,-0.98563458,-0.46497503,2090,23.139885,0.000000,367.352308,367.352308,1.5000,4.5000
2026-09-05,1000.0000,5.000000,0,0.00008052,1.0000,3,208,136,3339,200157.6459,524.2903,-21.595151,30.259577,-51.854728,-2.58392605,-1.10986810,-1.23511288,-1.51555168,-1.65340930,-1.34921945,208,2.000000,0.000000,40.859978,40.859978,1.5000,4.5000
2026-09-05,2000.0000,0.000000,0,0.00008052,1.0000,3,2102,1265,4938,1786602.8943,8798.0782,-682.522581,271.949569,-954.472150,-5.31620605,-0.87274043,-0.96204806,-1.07145032,-0.96595545,-0.41776295,2092,25.308836,0.000000,364.059291,364.059291,1.5000,4.5000
2026-09-05,2000.0000,5.000000,0,0.00008052,1.0000,3,248,151,3418,216416.0230,419.4449,-28.224783,32.651154,-60.875936,-2.80747135,-0.93978092,-1.03505390,-1.37529250,-1.72491799,-2.11395922,246,2.500000,0.000000,44.141700,44.141700,1.5000,4.5000
2026-09-05,5000.0000,0.000000,0,0.00008052,1.0000,3,2115,1374,6056,1881647.0801,25452.2288,-694.555469,293.700565,-988.256034,-5.18198517,-0.96083079,-1.02598014,-1.16340698,-1.08050321,-0.68428971,2103,25.862085,0.000000,386.693349,386.693349,1.5000,4.5000
2026-09-05,5000.0000,5.000000,0,0.00008052,1.0000,3,288,188,5534,262800.5180,751.0382,-29.078267,39.758045,-68.836312,-2.61187272,-0.92253780,-1.03969756,-1.23180857,-1.34914575,-1.63516093,287,2.500000,0.000000,53.657296,53.657296,1.5000,4.5000
2026-09-06,0.1000,0.000000,0,0.00008052,1.0000,3,2555,1956,9153,2688739.3442,45727.8831,-734.184894,423.888449,-1158.073343,-4.23509681,-1.25584265,-1.38214386,-1.49304190,-1.73158242,-1.46052242,2548,25.480356,0.000000,547.356636,547.356636,1.5000,4.5000
2026-09-06,0.1000,5.000000,0,0.00008052,1.0000,3,55,31,6108,44996.7566,112.9295,-8.027048,6.800332,-14.827380,-3.28696152,-0.85073569,-0.88751548,-1.19925217,-1.86116718,-1.42106710,55,1.000000,0.000000,9.044901,9.044901,1.5000,4.5000
2026-09-06,1.0000,0.000000,0,0.00008052,1.0000,3,2555,1956,9153,2688739.3442,45727.8831,-734.184894,423.888449,-1158.073343,-4.23509681,-1.25584265,-1.38214386,-1.49304190,-1.73158242,-1.46052242,2548,25.480356,0.000000,547.356636,547.356636,1.5000,4.5000
2026-09-06,1.0000,5.000000,0,0.00008052,1.0000,3,55,31,6108,44996.7566,112.9295,-8.027048,6.800332,-14.827380,-3.28696152,-0.85073569,-0.88751548,-1.19925217,-1.86116718,-1.42106710,55,1.000000,0.000000,9.044901,9.044901,1.5000,4.5000
2026-09-06,10.0000,0.000000,0,0.00008052,1.0000,3,2555,1956,9153,2688739.3442,45727.8831,-734.184894,423.888449,-1158.073343,-4.23509681,-1.25584265,-1.38214386,-1.49304190,-1.73158242,-1.46052242,2548,25.480356,0.000000,547.356636,547.356636,1.5000,4.5000
2026-09-06,10.0000,5.000000,0,0.00008052,1.0000,3,55,31,6108,44996.7566,112.9295,-8.027048,6.800332,-14.827380,-3.28696152,-0.85073569,-0.88751548,-1.19925217,-1.86116718,-1.42106710,55,1.000000,0.000000,9.044901,9.044901,1.5000,4.5000
2026-09-06,33.0000,0.000000,0,0.00008052,1.0000,3,2555,1956,9153,2688739.3442,45727.8831,-734.184894,423.888449,-1158.073343,-4.23509681,-1.25584265,-1.38214386,-1.49304190,-1.73158242,-1.46052242,2548,25.480356,0.000000,547.356636,547.356636,1.5000,4.5000
2026-09-06,33.0000,5.000000,0,0.00008052,1.0000,3,55,31,6108,44996.7566,112.9295,-8.027048,6.800332,-14.827380,-3.28696152,-0.85073569,-0.88751548,-1.19925217,-1.86116718,-1.42106710,55,1.000000,0.000000,9.044901,9.044901,1.5000,4.5000
2026-09-06,66.0000,0.000000,0,0.00008052,1.0000,3,2542,1945,9132,2675048.6942,44470.2831,-712.134894,421.268932,-1133.403826,-4.16766287,-1.24792047,-1.37497188,-1.48098707,-1.70602766,-1.41233068,2534,25.480356,0.000000,544.356636,544.356636,1.5000,4.5000
2026-09-06,66.0000,5.000000,0,0.00008052,1.0000,3,55,31,6108,44996.7566,112.9295,-8.027048,6.800332,-14.827380,-3.28696152,-0.85073569,-0.88751548,-1.19925217,-1.86116718,-1.42106710,55,1.000000,0.000000,9.044901,9.044901,1.5000,4.5000
2026-09-06,100.0000,0.000000,0,0.00008052,1.0000,3,2516,1913,9103,2635056.1520,44547.5307,-700.624653,415.304812,-1115.929465,-4.16453176,-1.22097568,-1.35200265,-1.45007439,-1.69199934,-1.41090636,2509,25.474400,0.000000,536.387348,536.387348,1.5000,4.5000
2026-09-06,100.0000,5.000000,0,0.00008052,1.0000,3,55,31,6108,44996.7566,112.9295,-8.027048,6.800332,-14.827380,-3.28696152,-0.85073569,-0.88751548,-1.19925217,-1.86116718,-1.42106710,55,1.000000,0.000000,9.044901,9.044901,1.5000,4.5000
2026-09-06,200.0000,0.000000,0,0.00008052,1.0000,3,2483,1887,9074,2603934.1509,40637.1183,-676.149984,408.876826,-1085.026810,-4.10284579,-1.19932729,-1.32873097,-1.39284729,-1.61195419,-1.39764106,2476,25.474400,0.000000,529.350636,529.350636,1.5000,4.5000
2026-09-06,200.0000,5.000000,0,0.00008052,1.0000,3,55,31,6108,44996.7566,112.9295,-8.027048,6.800332,-14.827380,-3.28696152,-0.85073569,-0.88751548,-1.19925217,-1.86116718,-1.42106710,55,1.000000,0.000000,9.044901,9.044901,1.5000,4.5000
2026-09-06,500.0000,0.000000,0,0.00008052,1.0000,3,2487,1874,8974,2591515.2311,42915.9028,-632.576466,408.039441,-1040.615907,-3.95005925,-1.16113522,-1.28750865,-1.34121692,-1.52051653,-1.29702095,2480,25.496342,0.000000,527.291058,527.291058,1.5000,4.5000
2026-09-06,500.0000,5.000000,0,0.00008052,1.0000,3,43,26,6134,34937.2510,52.3379,-7.013116,5.264140,-12.277255,-3.50883099,-0.80857117,-0.85597557,-1.37081638,-2.05418890,-1.63994227,43,1.000000,0.000000,7.020809,7.020809,1.5000,4.5000
2026-09-06,1000.0000,0.000000,0,0.00008052,1.0000,3,2546,1955,8830,2693585.8389,55326.9752,-756.820609,428.935015,-1185.755624,-4.31354395,-1.14666132,-1.24700713,-1.30200637,-1.40060165,-1.48750593,2541,25.470480,0.000000,550.230442,550.230442,1.5000,4.5000
2026-09-06,1000.0000,5.000000,0,0.00008052,1.0000,3,71,43,6154,60195.8132,169.6559,-11.602548,9.105717,-20.708265,-3.43048197,-0.77740922,-0.82870317,-1.18879079,-1.54904828,-2.14245001,71,1.000000,0.000000,12.105252,12.105252,1.5000,4.5000
2026-09-06,2000.0000,0.000000,0,0.00008052,1.0000,3,2553,1962,8555,2692741.5787,51169.5483,-759.227923,426.937534,-1186.165456,-4.32290042,-1.18716724,-1.31202842,-1.37341282,-1.55797253,-1.61470498,2549,25.973420,0.000000,549.252796,549.252796,1.5000,4.5000
2026-09-06,2000.0000,5.000000,0,0.00008052,1.0000,3,76,42,6169,60496.7000,14.1337,-6.906594,9.080865,-15.987459,-2.64208216,-0.86131189,-0.90448342,-0.80489283,-1.32949550,-1.12942429,76,1.000000,0.000000,12.138920,12.138920,1.5000,4.5000
2026-09-06,5000.0000,0.000000,0,0.00008052,1.0000,3,2538,2085,10677,2781311.1261,47318.3086,-758.033426,438.489908,-1196.523333,-4.23004625,-1.35191299,-1.42804901,-1.47187405,-1.63673845,-1.53143269,2532,26.177538,0.000000,566.215769,566.215769,1.5000,4.5000
2026-09-06,5000.0000,5.000000,0,0.00008052,1.0000,3,105,78,10120,108746.0909,553.7210,-28.418102,16.561088,-44.979190,-4.11521202,-1.31897169,-1.36292927,-1.77795470,-2.02704383,-1.58616929,105,1.000000,0.000000,21.895342,21.895342,1.5000,4.5000
2026-09-07,0.1000,0.000000,0,0.00008052,1.0000,3,2811,2249,10876,3045044.0577,4169.7650,-854.974885,458.633003,-1313.607888,-4.30802156,-1.35276392,-1.43304737,-1.30865675,-1.29515432,-1.48203740,2802,25.455976,0.000000,610.817462,610.817462,1.5000,4.5000
2026-09-07,0.1000,5.000000,0,0.00008052,1.0000,3,10,8,6980,11986.3455,239.6316,-0.034878,1.905786,-1.940664,-1.58732810,-0.40117109,-0.36105073,0.24077207,-0.28122611,0.24030687,10,0.500000,0.000000,2.453828,2.453828,1.5000,4.5000
2026-09-07,1.0000,0.000000,0,0.00008052,1.0000,3,2811,2249,10876,3045044.0577,4169.7650,-854.974885,458.633003,-1313.607888,-4.30802156,-1.35276392,-1.43304737,-1.30865675,-1.29515432,-1.48203740,2802,25.455976,0.000000,610.817462,610.817462,1.5000,4.5000
2026-09-07,1.0000,5.000000,0,0.00008052,1.0000,3,10,8,6980,11986.3455,239.6316,-0.034878,1.905786,-1.940664,-1.58732810,-0.40117109,-0.36105073,0.24077207,-0.28122611,0.24030687,10,0.500000,0.000000,2.453828,2.453828,1.5000,4.5000
2026-09-07,10.0000,0.000000,0,0.00008052,1.0000,3,2811,2249,10876,3045044.0577,4169.7650,-854.974885,458.633003,-1313.607888,-4.30802156,-1.35276392,-1.43304737,-1.30865675,-1.29515432,-1.48203740,2802,25.455976,0.000000,610.817462,610.817462,1.5000,4.5000
2026-09-07,10.0000,5.000000,0,0.00008052,1.0000,3,10,8,6980,11986.3455,239.6316,-0.034878,1.905786,-1.940664,-1.58732810,-0.40117109,-0.36105073,0.24077207,-0.28122611,0.24030687,10,0.500000,0.000000,2.453828,2.453828,1.5000,4.5000
2026-09-07,33.0000,0.000000,0,0.00008052,1.0000,3,2811,2249,10876,3045044.0577,4169.7650,-854.974885,458.633003,-1313.607888,-4.30802156,-1.35276392,-1.43304737,-1.30865675,-1.29515432,-1.48203740,2802,25.455976,0.000000,610.817462,610.817462,1.5000,4.5000
2026-09-07,33.0000,5.000000,0,0.00008052,1.0000,3,10,8,6980,11986.3455,239.6316,-0.034878,1.905786,-1.940664,-1.58732810,-0.40117109,-0.36105073,0.24077207,-0.28122611,0.24030687,10,0.500000,0.000000,2.453828,2.453828,1.5000,4.5000
2026-09-07,66.0000,0.000000,0,0.00008052,1.0000,3,2805,2238,10862,3034533.0044,7089.4957,-917.197454,458.370224,-1375.567678,-4.52247995,-1.33564145,-1.41105261,-1.28192090,-1.26451912,-1.46064250,2796,25.429957,0.000000,609.317462,609.317462,1.5000,4.5000
2026-09-07,66.0000,5.000000,0,0.00008052,1.0000,3,12,8,6980,12138.1196,87.7904,0.032222,1.860224,-1.828001,-1.49518627,-0.56875855,-0.53532492,-0.23476248,-0.80373199,-2.84758534,12,0.500000,0.000000,2.453828,2.453828,1.5000,4.5000
2026-09-07,100.0000,0.000000,0,0.00008052,1.0000,3,2800,2232,10855,3027012.6544,4600.3957,-966.747454,456.122076,-1422.869531,-4.69344045,-1.31997236,-1.38769212,-1.28636710,-1.27706707,-1.46951664,2791,25.429957,0.000000,607.317462,607.317462,1.5000,4.5000
2026-09-07,100.0000,5.000000,0,0.00008052,1.0000,3,12,8,6980,12138.1196,87.7904,0.032222,1.860224,-1.828001,-1.49518627,-0.56875855,-0.53532492,-0.23476248,-0.80373199,-2.84758534,12,0.500000,0.000000,2.453828,2.453828,1.5000,4.5000
2026-09-07,200.0000,0.000000,0,0.00008052,1.0000,3,2762,2194,10817,2978256.9306,3065.1188,-892.246664,448.117843,-1340.364507,-4.49587292,-1.30455993,-1.36321476,-1.25721258,-1.25129834,-1.42024013,2753,25.313157,0.000000,597.268062,597.268062,1.5000,4.5000
2026-09-07,200.0000,5.000000,0,0.00008052,1.0000,3,14,10,6984,14627.3196,87.7904,0.632222,2.233604,-1.601381,-1.08825641,-0.68840276,-0.65974536,-0.08638115,-0.37315313,-2.09660178,14,0.500000,0.000000,2.953828,2.953828,1.5000,4.5000
2026-09-07,500.0000,0.000000,0,0.00008052,1.0000,3,2676,2118,10553,2881291.6443,3097.0380,-509.421544,433.587414,-943.008957,-3.26935466,-1.28097612,-1.33427279,-1.19906414,-1.19119729,-1.29634958,2668,25.436221,0.000000,577.870752,577.870752,1.5000,4.5000
2026-09-07,500.0000,5.000000,0,0.00008052,1.0000,3,12,11,6971,14744.2584,200.4708,-1.729196,2.301851,-4.031046,-2.69730299,-0.66905524,-0.63562160,0.26757820,0.00025566,-0.30056822,12,0.500000,0.000000,3.000000,3.000000,1.5000,4.5000
2026-09-07,1000.0000,0.000000,0,0.00008052,1.0000,3,2592,2053,10035,2793298.9042,35542.8008,-175.462871,434.989096,-610.451967,-2.15795732,-1.25760354,-1.30365580,-1.16469165,-1.15917080,-1.00230003,2581,25.448427,0.000000,566.757847,566.757847,1.5000,4.5000
2026-09-07,1000.0000,5.000000,0,0.00008052,1.0000,3,11,9,6969,12458.1500,0.0000,-0.350000,1.868723,-2.218723,-1.78094059,-0.16431050,-0.01868104,0.45584390,-0.49180300,2.05637811,11,0.500000,0.000000,2.500000,2.500000,1.5000,4.5000
2026-09-07,2000.0000,0.000000,0,0.00008052,1.0000,3,2661,2116,9978,2867882.1651,55378.7578,-200.453102,455.102766,-655.555867,-2.24254996,-1.28320088,-1.31582176,-1.18688635,-1.24373148,-1.16278162,2650,25.380535,0.000000,585.819376,585.819376,1.5000,4.5000
2026-09-07,2000.0000,5.000000,0,0.00008052,1.0000,3,24,22,7012,29884.2500,0.0000,-6.450000,4.482638,-10.932638,-3.65832755,-1.85921902,-2.47933349,-2.02607468,-1.87400739,-2.21306811,24,0.500000,0.000000,6.000000,6.000000,1.5000,4.5000
2026-09-07,5000.0000,0.000000,0,0.00008052,1.0000,3,2717,2237,12605,2980795.3593,56226.1466,-307.797162,472.421070,-780.218232,-2.56902439,-1.42000446,-1.48057781,-1.44133826,-1.46733578,-1.38063466,2708,25.588039,0.000000,608.620057,608.620057,1.5000,4.5000
2026-09-07,5000.0000,5.000000,0,0.00008052,1.0000,3,34,28,10843,39864.8000,0.0000,-4.300000,5.979720,-10.279720,-2.57864582,-1.48789524,-1.69539995,-0.99227322,-1.03834778,-0.92300351,34,1.000000,0.000000,8.000000,8.000000,1.5000,4.5000
2026-09-08,0.1000,0.000000,0,0.00008052,1.0000,3,2918,2522,12015,3338700.2061,41818.0766,-168.968622,519.623165,-688.591787,-2.03694147,-1.46544142,-1.54213199,-1.49506721,-1.29894541,-1.32422911,2916,25.413038,0.000000,681.052006,681.052006,1.5000,4.5000
2026-09-08,0.1000,5.000000,0,0.00008052,1.0000,3,36,22,8299,30021.5859,162.5200,-1.734127,4.576372,-6.310498,-2.09066933,-1.32313898,-1.51301434,-2.04335511,-0.91523643,-2.04246043,36,1.500000,0.000000,6.065416,6.065416,1.5000,4.5000
2026-09-08,1.0000,0.000000,0,0.00008052,1.0000,3,2918,2522,12015,3338700.2061,41818.0766,-168.968622,519.623165,-688.591787,-2.03694147,-1.46544142,-1.54213199,-1.49506721,-1.29894541,-1.32422911,2916,25.413038,0.000000,681.052006,681.052006,1.5000,4.5000
2026-09-08,1.0000,5.000000,0,0.00008052,1.0000,3,36,22,8299,30021.5859,162.5200,-1.734127,4.576372,-6.310498,-2.09066933,-1.32313898,-1.51301434,-2.04335511,-0.91523643,-2.04246043,36,1.500000,0.000000,6.065416,6.065416,1.5000,4.5000
2026-09-08,10.0000,0.000000,0,0.00008052,1.0000,3,2918,2522,12015,3338700.2061,41818.0766,-168.968622,519.623165,-688.591787,-2.03694147,-1.46544142,-1.54213199,-1.49506721,-1.29894541,-1.32422911,2916,25.413038,0.000000,681.052006,681.052006,1.5000,4.5000
2026-09-08,10.0000,5.000000,0,0.00008052,1.0000,3,36,22,8299,30021.5859,162.5200,-1.734127,4.576372,-6.310498,-2.09066933,-1.32313898,-1.51301434,-2.04335511,-0.91523643,-2.04246043,36,1.500000,0.000000,6.065416,6.065416,1.5000,4.5000
2026-09-08,33.0000,0.000000,0,0.00008052,1.0000,3,2916,2520,12013,3336227.1561,41818.0766,-167.418622,519.252208,-686.670830,-2.03274611,-1.46228646,-1.53902967,-1.49359897,-1.29609343,-1.31639775,2914,25.413038,0.000000,680.552006,680.552006,1.5000,4.5000
2026-09-08,33.0000,5.000000,0,0.00008052,1.0000,3,36,22,8299,30021.5859,162.5200,-1.734127,4.576372,-6.310498,-2.09066933,-1.32313898,-1.51301434,-2.04335511,-0.91523643,-2.04246043,36,1.500000,0.000000,6.065416,6.065416,1.5000,4.5000
2026-09-08,66.0000,0.000000,0,0.00008052,1.0000,3,2902,2504,12007,3318885.6561,41818.0766,-162.818622,516.650983,-679.469605,-2.02180751,-1.44856783,-1.52038960,-1.48758516,-1.28569960,-1.29353459,2900,25.413038,0.000000,677.052006,677.052006,1.5000,4.5000
2026-09-08,66.0000,5.000000,0,0.00008052,1.0000,3,36,22,8299,30021.5859,162.5200,-1.734127,4.576372,-6.310498,-2.09066933,-1.32313898,-1.51301434,-2.04335511,-0.91523643,-2.04246043,36,1.500000,0.000000,6.065416,6.065416,1.5000,4.5000
2026-09-08,100.0000,0.000000,0,0.00008052,1.0000,3,2881,2482,11994,3290284.9191,43054.8503,-173.329324,512.917420,-686.246745,-2.05873626,-1.43519301,-1.50927578,-1.46952428,-1.25807834,-1.36982979,2879,25.413038,0.000000,671.549822,671.549822,1.5000,4.5000
2026-09-08,100.0000,5.000000,0,0.00008052,1.0000,3,36,22,8299,30021.5859,162.5200,-1.734127,4.576372,-6.310498,-2.09066933,-1.32313898,-1.51301434,-2.04335511,-0.91523643,-2.04246043,36,1.500000,0.000000,6.065416,6.065416,1.5000,4.5000
2026-09-08,200.0000,0.000000,0,0.00008052,1.0000,3,2816,2414,11886,3209225.8643,43185.2972,-133.445779,500.817263,-634.263042,-1.95013180,-1.40732076,-1.47807811,-1.42978666,-1.23468649,-1.33066068,2814,25.462328,0.000000,655.258029,655.258029,1.5000,4.5000
2026-09-08,200.0000,5.000000,0,0.00008052,1.0000,3,35,22,8299,30021.8859,162.5200,-1.934127,4.576417,-6.510543,-2.15692284,-1.34372226,-1.59642309,-2.19931739,-1.10785138,-1.86546279,35,2.000000,0.000000,6.065416,6.065416,1.5000,4.5000
2026-09-08,500.0000,0.000000,0,0.00008052,1.0000,3,2812,2377,11812,3157429.7763,46651.0299,-113.803317,494.607430,-608.410746,-1.89886206,-1.37028615,-1.44547615,-1.38595409,-1.19137395,-1.28915876,2809,25.932328,0.000000,645.441864,645.441864,1.5000,4.5000
2026-09-08,500.0000,5.000000,0,0.00008052,1.0000,3,30,19,8345,27523.8969,152.8139,-1.882955,4.197351,-6.080305,-2.19690316,-1.29962211,-1.82215658,-3.21543299,-2.00892147,-3.69675327,30,1.500000,0.000000,5.561512,5.561512,1.5000,4.5000
2026-09-08,1000.0000,0.000000,0,0.00008052,1.0000,3,2797,2359,11548,3131957.1282,47686.9963,-20.872583,491.252718,-512.125300,-1.61063717,-1.34921218,-1.41137162,-1.36773773,-1.22317032,-1.15747940,2794,25.592307,0.000000,640.489211,640.489211,1.5000,4.5000
2026-09-08,1000.0000,5.000000,0,0.00008052,1.0000,3,37,24,8310,32503.2359,162.5200,-2.184127,4.948619,-7.132746,-2.18355454,-1.34739424,-1.51012572,-2.34123139,-1.09136507,-1.64490881,37,2.000000,0.000000,6.565416,6.565416,1.5000,4.5000
2026-09-08,2000.0000,0.000000,0,0.00008052,1.0000,3,2822,2386,11377,3153111.2656,54756.6112,-14.762813,497.607165,-512.369978,-1.59722906,-1.40764188,-1.47393541,-1.53586658,-1.44868774,-1.33227047,2819,25.880188,0.000000,646.157850,646.157850,1.5000,4.5000
2026-09-08,2000.0000,5.000000,0,0.00008052,1.0000,3,34,24,8373,32543.7314,150.0980,-0.357627,4.949104,-5.306730,-1.62315962,-1.47287277,-1.54426830,-2.18832804,0.35327086,-1.01965988,34,1.005000,0.000000,6.565416,6.565416,1.5000,4.5000
2026-09-08,5000.0000,0.000000,0,0.00008052,1.0000,3,2949,2586,14263,3376262.4520,57200.6661,-280.097532,532.179668,-812.277200,-2.36576649,-1.59197899,-1.65339577,-1.59299081,-1.54865135,-1.76015503,2946,26.318805,0.000000,691.559001,691.559001,1.5000,4.5000
2026-09-08,5000.0000,5.000000,0,0.00008052,1.0000,3,42,36,13545,48137.4106,860.0993,-4.788660,7.607656,-12.396316,-2.52998903,-1.63244219,-1.60320535,-2.53193567,-1.58134297,-0.37668107,41,0.995100,0.000000,9.846200,9.846200,1.5000,4.5000
2026-09-09,0.1000,0.000000,0,0.00008052,1.0000,3,3051,2609,12469,3493142.0684,54476.6596,200.633154,548.485807,-347.852653,-0.98052434,-1.46252867,-1.57777873,-1.65432199,-1.79855981,-1.70478639,3044,25.476750,0.000000,711.627047,711.627047,1.5000,4.5000
2026-09-09,0.1000,5.000000,0,0.00008052,1.0000,3,25,16,8382,24215.8587,54.8812,-22.801158,3.657075,-26.458234,-10.90128841,-1.10071572,-1.25290549,-1.32593857,-2.58007382,-7.42615205,25,3.351900,0.000000,4.874144,4.874144,1.5000,4.5000
2026-09-09,1.0000,0.000000,0,0.00008052,1.0000,3,3051,2609,12469,3493142.0684,54476.6596,200.633154,548.485807,-347.852653,-0.98052434,-1.46252867,-1.57777873,-1.65432199,-1.79855981,-1.70478639,3044,25.476750,0.000000,711.627047,711.627047,1.5000,4.5000
2026-09-09,1.0000,5.000000,0,0.00008052,1.0000,3,25,16,8382,24215.8587,54.8812,-22.801158,3.657075,-26.458234,-10.90128841,-1.10071572,-1.25290549,-1.32593857,-2.58007382,-7.42615205,25,3.351900,0.000000,4.874144,4.874144,1.5000,4.5000
2026-09-09,10.0000,0.000000,0,0.00008052,1.0000,3,3051,2609,12469,3493142.0684,54476.6596,200.633154,548.485807,-347.852653,-0.98052434,-1.46252867,-1.57777873,-1.65432199,-1.79855981,-1.70478639,3044,25.476750,0.000000,711.627047,711.627047,1.5000,4.5000
2026-09-09,10.0000,5.000000,0,0.00008052,1.0000,3,25,16,8382,24215.8587,54.8812,-22.801158,3.657075,-26.458234,-10.90128841,-1.10071572,-1.25290549,-1.32593857,-2.58007382,-7.42615205,25,3.351900,0.000000,4.874144,4.874144,1.5000,4.5000
2026-09-09,33.0000,0.000000,0,0.00008052,1.0000,3,3051,2609,12469,3493142.0684,54476.6596,200.633154,548.485807,-347.852653,-0.98052434,-1.46252867,-1.57777873,-1.65432199,-1.79855981,-1.70478639,3044,25.476750,0.000000,711.627047,711.627047,1.5000,4.5000
2026-09-09,33.0000,5.000000,0,0.00008052,1.0000,3,25,16,8382,24215.8587,54.8812,-22.801158,3.657075,-26.458234,-10.90128841,-1.10071572,-1.25290549,-1.32593857,-2.58007382,-7.42615205,25,3.351900,0.000000,4.874144,4.874144,1.5000,4.5000
2026-09-09,66.0000,0.000000,0,0.00008052,1.0000,3,3029,2587,12431,3467003.1055,58171.4413,299.788474,546.227614,-246.439140,-0.69908351,-1.45659103,-1.56459508,-1.65919650,-1.81323724,-1.75180771,3022,25.474250,0.000000,707.124547,707.124547,1.5000,4.5000
2026-09-09,66.0000,5.000000,0,0.00008052,1.0000,3,25,16,8382,24215.8587,54.8812,-22.801158,3.657075,-26.458234,-10.90128841,-1.10071572,-1.25290549,-1.32593857,-2.58007382,-7.42615205,25,3.351900,0.000000,4.874144,4.874144,1.5000,4.5000
2026-09-09,100.0000,0.000000,0,0.00008052,1.0000,3,3017,2575,12423,3452035.2555,58171.4413,192.038474,543.982437,-351.943963,-1.00263031,-1.44679293,-1.55218312,-1.66313106,-1.82266355,-1.75218560,3010,25.474250,0.000000,704.124547,704.124547,1.5000,4.5000
2026-09-09,100.0000,5.000000,0,0.00008052,1.0000,3,25,16,8382,24215.8587,54.8812,-22.801158,3.657075,-26.458234,-10.90128841,-1.10071572,-1.25290549,-1.32593857,-2.58007382,-7.42615205,25,3.351900,0.000000,4.874144,4.874144,1.5000,4.5000
2026-09-09,200.0000,0.000000,0,0.00008052,1.0000,3,2953,2504,12345,3364326.8859,59578.7892,194.384624,531.459488,-337.074864,-0.98447474,-1.41150011,-1.51005609,-1.58786323,-1.72412606,-1.72930625,2947,25.463718,0.000000,686.837447,686.837447,1.5000,4.5000
2026-09-09,200.0000,5.000000,0,0.00008052,1.0000,3,25,16,8383,24215.8587,54.8812,-22.801158,3.657075,-26.458234,-10.90128841,-1.10071572,-1.25290549,-1.32593857,-2.58007382,-7.42615205,25,3.351900,0.000000,4.874144,4.874144,1.5000,4.5000
2026-09-09,500.0000,0.000000,0,0.00008052,1.0000,3,2839,2392,12084,3222445.5939,60673.8356,210.774101,510.670065,-299.895964,-0.91344823,-1.42489559,-1.51502722,-1.58042988,-1.66393395,-1.65125159,2827,25.632362,0.000000,658.635047,658.635047,1.5000,4.5000
2026-09-09,500.0000,5.000000,0,0.00008052,1.0000,3,22,11,8353,19315.5307,28.7581,-17.568394,2.910271,-20.478665,-10.58641376,-1.09583098,-1.26876225,-1.40666498,-2.83201226,-8.46677235,22,2.885800,0.000000,3.885800,3.885800,1.5000,4.5000
2026-09-09,1000.0000,0.000000,0,0.00008052,1.0000,3,2823,2381,11887,3198960.8274,61305.5661,-93.527357,507.431629,-600.958986,-1.84328185,-1.43828329,-1.54164198,-1.63838106,-1.79134037,-1.88681906,2816,25.876828,0.000000,654.129540,654.129540,1.5000,4.5000
2026-09-09,1000.0000,5.000000,0,0.00008052,1.0000,3,31,23,8392,32705.8955,306.2888,-25.406688,5.043714,-30.450403,-9.22398900,-1.28772759,-1.41083167,-1.52239021,-2.09234972,-4.76269885,31,2.500000,0.000000,6.624144,6.624144,1.5000,4.5000
2026-09-09,2000.0000,0.000000,0,0.00008052,1.0000,3,2811,2383,11363,3188420.8223,62770.9699,87.523654,506.510060,-418.986406,-1.28871636,-1.48346350,-1.57940042,-1.65323919,-1.72639244,-1.81343540,2802,25.919214,0.000000,652.265948,652.265948,1.5000,4.5000
2026-09-09,2000.0000,5.000000,0,0.00008052,1.0000,3,43,32,8435,45363.4911,461.7224,-26.268688,7.012299,-33.280987,-7.26259288,-1.13362392,-1.15371434,-1.59123465,-2.40958173,-1.31564978,43,2.500000,0.000000,9.187144,9.187144,1.5000,4.5000
2026-09-09,5000.0000,0.000000,0,0.00008052,1.0000,3,3003,2641,14403,3458469.8084,61706.1805,-298.955340,546.538253,-845.493593,-2.40185035,-1.65230694,-1.75648650,-1.79782142,-1.91143630,-1.52807550,2993,25.980666,0.000000,706.457361,706.457361,1.5000,4.5000
2026-09-09,5000.0000,5.000000,0,0.00008052,1.0000,3,43,31,13200,41743.8987,339.8932,-28.571466,6.414537,-34.986002,-8.31341494,-1.23552102,-1.45864970,-2.10049848,-3.53667863,-3.93230036,43,2.500000,0.000000,8.440265,8.440265,1.5000,4.5000
2026-09-10,0.1000,0.000000,0,0.00008052,1.0000,3,3094,2529,12206,3349303.9006,53610.6289,-1990.398343,526.520368,-2516.918711,-7.39636182,-1.55259992,-1.61895568,-1.68383052,-1.81262997,-1.45747976,3072,25.455000,0.000000,692.717075,692.717075,1.5000,4.5000
2026-09-10,0.1000,5.000000,0,0.00008052,1.0000,3,35,27,8117,38203.5182,424.8594,-5.186392,5.921714,-11.108107,-2.87563379,-1.18595479,-1.32537794,-0.50355300,-0.93611884,-1.68006620,35,2.000000,0.000000,7.823400,7.823400,1.5000,4.5000
2026-09-10,1.0000,0.000000,0,0.00008052,1.0000,3,3094,2529,12206,3349303.9006,53610.6289,-1990.398343,526.520368,-2516.918711,-7.39636182,-1.55259992,-1.61895568,-1.68383052,-1.81262997,-1.45747976,3072,25.455000,0.000000,692.717075,692.717075,1.5000,4.5000
2026-09-10,1.0000,5.000000,0,0.00008052,1.0000,3,35,27,8117,38203.5182,424.8594,-5.186392,5.921714,-11.108107,-2.87563379,-1.18595479,-1.32537794,-0.50355300,-0.93611884,-1.68006620,35,2.000000,0.000000,7.823400,7.823400,1.5000,4.5000
2026-09-10,10.0000,0.000000,0,0.00008052,1.0000,3,3094,2529,12206,3349303.9006,53610.6289,-1990.398343,526.520368,-2516.918711,-7.39636182,-1.55259992,-1.61895568,-1.68383052,-1.81262997,-1.45747976,3072,25.455000,0.000000,692.717075,692.717075,1.5000,4.5000
2026-09-10,10.0000,5.000000,0,0.00008052,1.0000,3,35,27,8117,38203.5182,424.8594,-5.186392,5.921714,-11.108107,-2.87563379,-1.18595479,-1.32537794,-0.50355300,-0.93611884,-1.68006620,35,2.000000,0.000000,7.823400,7.823400,1.5000,4.5000
2026-09-10,33.0000,0.000000,0,0.00008052,1.0000,3,3094,2529,12206,3349303.9006,53610.6289,-1990.398343,526.520368,-2516.918711,-7.39636182,-1.55259992,-1.61895568,-1.68383052,-1.81262997,-1.45747976,3072,25.455000,0.000000,692.717075,692.717075,1.5000,4.5000
2026-09-10,33.0000,5.000000,0,0.00008052,1.0000,3,35,27,8117,38203.5182,424.8594,-5.186392,5.921714,-11.108107,-2.87563379,-1.18595479,-1.32537794,-0.50355300,-0.93611884,-1.68006620,35,2.000000,0.000000,7.823400,7.823400,1.5000,4.5000
2026-09-10,66.0000,0.000000,0,0.00008052,1.0000,3,3090,2517,12210,3340110.5545,45106.7896,-1876.905933,521.314638,-2398.220571,-7.08439172,-1.53622337,-1.60365605,-1.66527204,-1.79189457,-1.42999127,3067,25.498901,0.000000,689.096075,689.096075,1.5000,4.5000
2026-09-10,66.0000,5.000000,0,0.00008052,1.0000,3,30,24,8032,32466.9652,394.2742,7.990980,5.047468,2.943512,0.89573974,-1.13472938,-1.16174440,-0.41953321,-0.12235969,1.14754696,30,2.000000,0.000000,6.661800,6.661800,1.5000,4.5000
2026-09-10,100.0000,0.000000,0,0.00008052,1.0000,3,3076,2507,12152,3322083.4673,36249.1563,-1760.951913,514.624640,-2275.576553,-6.77591176,-1.53257498,-1.59123426,-1.66951113,-1.78164732,-1.47660766,3053,25.490749,0.000000,683.600233,683.600233,1.5000,4.5000
2026-09-10,100.0000,5.000000,0,0.00008052,1.0000,3,30,24,8032,32466.9652,394.2742,7.990980,5.047468,2.943512,0.89573974,-1.13472938,-1.16174440,-0.41953321,-0.12235969,1.14754696,30,2.000000,0.000000,6.661800,6.661800,1.5000,4.5000
2026-09-10,200.0000,0.000000,0,0.00008052,1.0000,3,3067,2493,12076,3300415.1506,36906.9134,-1684.178061,511.670384,-2195.848444,-6.57967197,-1.48226233,-1.54289782,-1.61039906,-1.68824564,-1.20739179,3044,25.555486,0.000000,679.370170,679.370170,1.5000,4.5000
2026-09-10,200.0000,5.000000,0,0.00008052,1.0000,3,32,26,8037,34944.5652,394.2742,8.390980,5.419108,2.971872,0.84096474,-1.06380676,-1.01344304,-0.34913935,-0.01377756,1.17656851,32,2.000000,0.000000,7.161800,7.161800,1.5000,4.5000
2026-09-10,500.0000,0.000000,0,0.00008052,1.0000,3,3088,2513,11919,3318267.8778,8089.9816,-1280.944107,501.380673,-1782.324780,-5.35818711,-1.47838346,-1.52813273,-1.58496817,-1.68302722,-1.43471696,3067,25.349686,0.000000,677.054158,677.054158,1.5000,4.5000
2026-09-10,500.0000,5.000000,0,0.00008052,1.0000,3,19,17,8012,22222.9000,0.0000,1.900000,3.333435,-1.433435,-0.64502608,-1.43954245,-1.31230591,-0.17113732,1.28896729,1.86475065,19,1.500000,0.000000,4.500000,4.500000,1.5000,4.5000
2026-09-10,1000.0000,0.000000,0,0.00008052,1.0000,3,2943,2358,11615,3131676.4760,5521.1393,-1067.224261,472.235984,-1539.460245,-4.90711914,-1.41729045,-1.48596224,-1.48293989,-1.47285078,-1.01335490,2922,25.457252,0.000000,638.464861,638.464861,1.5000,4.5000
2026-09-10,1000.0000,5.000000,0,0.00008052,1.0000,3,21,19,8026,24682.7000,0.0000,1.200000,3.702405,-2.502405,-1.01382952,-1.28306192,-1.14856612,-0.09694541,0.97326342,1.88224157,21,1.500000,0.000000,5.000000,5.000000,1.5000,4.5000
2026-09-10,2000.0000,0.000000,0,0.00008052,1.0000,3,2919,2322,11485,3085852.2944,10738.2229,-809.007423,467.710044,-1276.717467,-4.12297803,-1.42618465,-1.49203783,-1.49936233,-1.55282285,-1.18258971,2898,25.432909,0.000000,630.100472,630.100472,1.5000,4.5000
2026-09-10,2000.0000,5.000000,0,0.00008052,1.0000,3,50,40,8103,57365.0876,611.6227,-24.064910,8.879993,-32.944903,-5.68243746,-1.09455957,-1.16842890,-0.45444027,-1.12912750,-1.64784820,50,1.000000,0.000000,11.751005,11.751005,1.5000,4.5000
2026-09-10,5000.0000,0.000000,0,0.00008052,1.0000,3,2962,2499,14125,3250494.2965,9890.0321,-1103.695201,492.024659,-1595.719860,-4.89426920,-1.63237817,-1.70583642,-1.75659849,-1.78504603,-1.47008600,2948,25.850382,0.000000,663.383819,663.383819,1.5000,4.5000
2026-09-10,5000.0000,5.000000,0,0.00008052,1.0000,3,53,42,12591,57813.7777,143.8819,1.238054,8.736814,-7.498760,-1.29383414,-1.17294745,-1.39476005,-0.78287384,-1.25447473,-1.92295117,53,1.000000,0.000000,11.734700,11.734700,1.5000,4.5000
2026-09-11,0.1000,0.000000,0,0.00008052,1.0000,3,3578,3105,15068,4103289.4434,63426.6119,1404.653341,644.035392,760.617949,1.82546144,-1.99296489,-1.97314362,-2.05565086,-2.08507447,-2.95043804,3576,25.464762,0.000000,829.288184,829.288184,1.5000,4.5000
2026-09-11,0.1000,5.000000,0,0.00008052,1.0000,3,10,10,10854,12317.8000,0.0000,-1.800000,1.847670,-3.647670,-2.96129991,-1.09560546,-1.41881315,-1.42324592,-1.62874522,-1.67185068,10,0.500000,0.000000,2.500000,2.500000,1.5000,4.5000
2026-09-11,1.0000,0.000000,0,0.00008052,1.0000,3,3578,3105,15068,4103289.4434,63426.6119,1404.653341,644.035392,760.617949,1.82546144,-1.99296489,-1.97314362,-2.05565086,-2.08507447,-2.95043804,3576,25.464762,0.000000,829.288184,829.288184,1.5000,4.5000
2026-09-11,1.0000,5.000000,0,0.00008052,1.0000,3,10,10,10854,12317.8000,0.0000,-1.800000,1.847670,-3.647670,-2.96129991,-1.09560546,-1.41881315,-1.42324592,-1.62874522,-1.67185068,10,0.500000,0.000000,2.500000,2.500000,1.5000,4.5000
2026-09-11,10.0000,0.000000,0,0.00008052,1.0000,3,3578,3105,15068,4103289.4434,63426.6119,1404.653341,644.035392,760.617949,1.82546144,-1.99296489,-1.97314362,-2.05565086,-2.08507447,-2.95043804,3576,25.464762,0.000000,829.288184,829.288184,1.5000,4.5000
2026-09-11,10.0000,5.000000,0,0.00008052,1.0000,3,10,10,10854,12317.8000,0.0000,-1.800000,1.847670,-3.647670,-2.96129991,-1.09560546,-1.41881315,-1.42324592,-1.62874522,-1.67185068,10,0.500000,0.000000,2.500000,2.500000,1.5000,4.5000
2026-09-11,33.0000,0.000000,0,0.00008052,1.0000,3,3578,3105,15068,4103289.4434,63426.6119,1404.653341,644.035392,760.617949,1.82546144,-1.99296489,-1.97314362,-2.05565086,-2.08507447,-2.95043804,3576,25.464762,0.000000,829.288184,829.288184,1.5000,4.5000
2026-09-11,33.0000,5.000000,0,0.00008052,1.0000,3,10,10,10854,12317.8000,0.0000,-1.800000,1.847670,-3.647670,-2.96129991,-1.09560546,-1.41881315,-1.42324592,-1.62874522,-1.67185068,10,0.500000,0.000000,2.500000,2.500000,1.5000,4.5000
2026-09-11,66.0000,0.000000,0,0.00008052,1.0000,3,3577,3113,15074,4110753.8703,63241.7447,1221.815341,645.071866,576.743475,1.38175391,-2.00017303,-1.98149608,-2.06213519,-2.11857834,-2.95027705,3575,25.487782,0.000000,830.821984,830.821984,1.5000,4.5000
2026-09-11,66.0000,5.000000,0,0.00008052,1.0000,3,10,10,10854,12317.8000,0.0000,-1.800000,1.847670,-3.647670,-2.96129991,-1.09560546,-1.41881315,-1.42324592,-1.62874522,-1.67185068,10,0.500000,0.000000,2.500000,2.500000,1.5000,4.5000
2026-09-11,100.0000,0.000000,0,0.00008052,1.0000,3,3561,3101,15070,4092723.5703,63241.7447,815.515341,642.367321,173.148020,0.41662528,-2.01299528,-1.97748347,-2.08645431,-2.17168009,-2.97913188,3559,25.487782,0.000000,827.321984,827.321984,1.5000,4.5000
2026-09-11,100.0000,5.000000,0,0.00008052,1.0000,3,10,10,10854,12317.8000,0.0000,-1.800000,1.847670,-3.647670,-2.96129991,-1.09560546,-1.41881315,-1.42324592,-1.62874522,-1.67185068,10,0.500000,0.000000,2.500000,2.500000,1.5000,4.5000
2026-09-11,200.0000,0.000000,0,0.00008052,1.0000,3,3475,3015,14906,3986503.0880,62194.6677,261.652981,625.963064,-364.310083,-0.89982040,-1.95602343,-1.94471104,-2.07493330,-2.06844260,-2.64089279,3469,25.474962,0.000000,806.288184,806.288184,1.5000,4.5000
2026-09-11,200.0000,5.000000,0,0.00008052,1.0000,3,10,10,10856,12317.8000,0.0000,-1.800000,1.847670,-3.647670,-2.96129991,-1.09560546,-1.41881315,-1.42324592,-1.62874522,-1.67185068,10,0.500000,0.000000,2.500000,2.500000,1.5000,4.5000
2026-09-11,500.0000,0.000000,0,0.00008052,1.0000,3,3326,2863,14685,3788794.2408,61059.4978,-1942.472606,595.795910,-2538.268516,-6.59315571,-1.86488180,-1.86639814,-2.07800203,-1.97188248,-2.05303557,3320,25.492019,0.000000,766.559460,766.559460,1.5000,4.5000
2026-09-11,500.0000,5.000000,0,0.00008052,1.0000,3,10,10,10852,12317.5000,0.0000,-2.100000,1.847625,-3.947625,-3.20489141,-1.42174837,-1.82647558,-1.91246775,-1.09884339,-1.34573769,10,0.500000,0.000000,2.500000,2.500000,1.5000,4.5000
2026-09-11,1000.0000,0.000000,0,0.00008052,1.0000,3,3050,2581,14558,3427170.6924,57193.3839,-2473.472226,539.812627,-3013.284853,-8.64801951,-1.83398222,-1.79834243,-2.01998811,-1.87800203,-1.77817976,3043,25.338619,0.000000,694.039260,694.039260,1.5000,4.5000
2026-09-11,1000.0000,5.000000,0,0.00008052,1.0000,3,10,10,10854,12317.5000,0.0000,-2.100000,1.847625,-3.947625,-3.20489141,-1.42174837,-1.82647558,-1.91246775,-1.09884339,-1.34573769,10,0.500000,0.000000,2.500000,2.500000,1.5000,4.5000
2026-09-11,2000.0000,0.000000,0,0.00008052,1.0000,3,2807,2373,14177,3151622.0373,60560.1392,-2453.355551,499.995368,-2953.350919,-9.19421987,-1.83917188,-1.83007290,-2.05869820,-1.92472183,-1.55559163,2801,25.490930,0.000000,640.330271,640.330271,1.5000,4.5000
2026-09-11,2000.0000,5.000000,0,0.00008052,1.0000,3,10,10,10863,12317.3500,0.0000,-2.250000,1.847603,-4.097603,-3.32669162,-1.25938517,-1.66411239,-1.79070215,-1.01770010,-0.98051011,10,0.500000,0.000000,2.500000,2.500000,1.5000,4.5000
2026-09-11,5000.0000,0.000000,0,0.00008052,1.0000,3,2965,2613,16667,3412652.9100,63450.4717,-3034.100263,540.450649,-3574.550912,-10.28321232,-2.37720018,-2.35718717,-2.62293248,-2.52925236,-2.49166596,2963,25.877580,0.000000,692.601440,692.601440,1.5000,4.5000
2026-09-11,5000.0000,5.000000,0,0.00008052,1.0000,3,22,19,16255,24654.1500,0.0000,-4.550000,3.698122,-8.248123,-3.34553108,-2.46890487,-2.39274546,-2.93146690,-2.85235389,-0.72971768,22,0.500000,0.000000,5.000000,5.000000,1.5000,4.5000
2026-09-12,0.1000,0.000000,0,0.00008052,1.0000,3,1881,1285,5090,1854831.8283,63188.8714,-588.071515,306.659766,-894.731281,-4.66486770,-1.25688543,-1.32027453,-1.37462174,-1.15754218,-0.86246514,1881,25.485845,0.000000,379.854017,379.854017,1.5000,4.5000
2026-09-12,0.1000,5.000000,0,0.00008052,1.0000,3,93,66,3280,96676.7939,1382.3175,-2.378822,15.123562,-17.502384,-1.78488099,-1.12266766,-1.18385364,-1.19643608,-0.75552907,-1.28434444,93,1.047239,0.000000,19.437973,19.437973,1.5000,4.5000
2026-09-12,1.0000,0.000000,0,0.00008052,1.0000,3,1881,1285,5090,1854831.8283,63188.8714,-588.071515,306.659766,-894.731281,-4.66486770,-1.25688543,-1.32027453,-1.37462174,-1.15754218,-0.86246514,1881,25.485845,0.000000,379.854017,379.854017,1.5000,4.5000
2026-09-12,1.0000,5.000000,0,0.00008052,1.0000,3,93,66,3280,96676.7939,1382.3175,-2.378822,15.123562,-17.502384,-1.78488099,-1.12266766,-1.18385364,-1.19643608,-0.75552907,-1.28434444,93,1.047239,0.000000,19.437973,19.437973,1.5000,4.5000
2026-09-12,10.0000,0.000000,0,0.00008052,1.0000,3,1881,1285,5090,1854831.8283,63188.8714,-588.071515,306.659766,-894.731281,-4.66486770,-1.25688543,-1.32027453,-1.37462174,-1.15754218,-0.86246514,1881,25.485845,0.000000,379.854017,379.854017,1.5000,4.5000
2026-09-12,10.0000,5.000000,0,0.00008052,1.0000,3,93,66,3280,96676.7939,1382.3175,-2.378822,15.123562,-17.502384,-1.78488099,-1.12266766,-1.18385364,-1.19643608,-0.75552907,-1.28434444,93,1.047239,0.000000,19.437973,19.437973,1.5000,4.5000
2026-09-12,33.0000,0.000000,0,0.00008052,1.0000,3,1881,1285,5090,1854831.8283,63188.8714,-588.071515,306.659766,-894.731281,-4.66486770,-1.25688543,-1.32027453,-1.37462174,-1.15754218,-0.86246514,1881,25.485845,0.000000,379.854017,379.854017,1.5000,4.5000
2026-09-12,33.0000,5.000000,0,0.00008052,1.0000,3,93,66,3280,96676.7939,1382.3175,-2.378822,15.123562,-17.502384,-1.78488099,-1.12266766,-1.18385364,-1.19643608,-0.75552907,-1.28434444,93,1.047239,0.000000,19.437973,19.437973,1.5000,4.5000
2026-09-12,66.0000,0.000000,0,0.00008052,1.0000,3,1892,1286,5083,1857366.3751,63184.7100,-593.963320,307.038076,-901.001396,-4.69136907,-1.24651639,-1.30880202,-1.35880499,-1.13672992,-0.81506163,1892,25.485845,0.000000,380.352369,380.352369,1.5000,4.5000
2026-09-12,66.0000,5.000000,0,0.00008052,1.0000,3,95,68,3285,99207.0439,1382.3175,-2.728822,15.503099,-18.231922,-1.81250995,-1.13231003,-1.21301170,-1.20037157,-0.76874681,-1.30723880,95,1.047239,0.000000,19.937973,19.937973,1.5000,4.5000
2026-09-12,100.0000,0.000000,0,0.00008052,1.0000,3,1879,1279,5054,1844519.5899,64321.1641,-570.490993,305.622462,-876.113456,-4.58976713,-1.21728449,-1.28022381,-1.31893859,-1.09825347,-0.70838885,1879,25.477347,0.000000,378.032872,378.032872,1.5000,4.5000
2026-09-12,100.0000,5.000000,0,0.00008052,1.0000,3,95,68,3285,99218.7439,1382.3175,-3.928822,15.504854,-19.433677,-1.93175664,-1.19038976,-1.30856323,-1.30837831,-0.87260313,-1.39032605,95,1.047239,0.000000,19.937973,19.937973,1.5000,4.5000
2026-09-12,200.0000,0.000000,0,0.00008052,1.0000,3,1885,1262,5018,1829471.1492,63277.6668,-555.051940,302.895622,-857.947563,-4.53281257,-1.14893752,-1.21548250,-1.25785874,-1.06161801,-0.67176162,1885,25.454149,0.000000,374.853169,374.853169,1.5000,4.5000
2026-09-12,200.0000,5.000000,0,0.00008052,1.0000,3,96,71,3289,101751.9439,1382.3175,-4.328822,15.884834,-20.213657,-1.95993616,-1.17582253,-1.29276503,-1.25965622,-0.86343644,-1.36966028,96,1.047239,0.000000,20.437973,20.437973,1.5000,4.5000
2026-09-12,500.0000,0.000000,0,0.00008052,1.0000,3,1939,1285,4997,1864664.7918,63600.0089,-633.077127,308.319723,-941.396849,-4.88209321,-1.11027299,-1.16722096,-1.18926411,-1.03343204,-0.65680372,1939,25.471589,0.000000,381.931155,381.931155,1.5000,4.5000
2026-09-12,500.0000,5.000000,0,0.00008052,1.0000,3,112,79,3299,115939.8930,1353.3568,-10.522890,17.999995,-28.522885,-2.43175841,-1.24866954,-1.42668535,-1.53983942,-1.29586815,-1.58443983,112,1.052663,0.000000,23.243276,23.243276,1.5000,4.5000
2026-09-12,1000.0000,0.000000,0,0.00008052,1.0000,3,1900,1212,4887,1766720.5361,63477.1333,-522.807414,293.572790,-816.380204,-4.46061219,-1.04327191,-1.10084957,-1.11772703,-0.95675181,-0.63161916,1900,25.506367,0.000000,362.500390,362.500390,1.5000,4.5000
2026-09-12,1000.0000,5.000000,0,0.00008052,1.0000,3,137,92,3363,134586.9569,1418.0730,-8.966807,20.826176,-29.792983,-2.19057951,-1.14080423,-1.18085844,-1.32030086,-1.04235958,-1.53037579,137,1.180139,0.000000,26.938742,26.938742,1.5000,4.5000
2026-09-12,2000.0000,0.000000,0,0.00008052,1.0000,3,1891,1210,4900,1767724.6693,64237.2625,-500.113863,294.065469,-794.179331,-4.33513010,-1.00453094,-1.05570123,-1.04465178,-0.92556163,-0.40094695,1891,25.434489,0.000000,362.880291,362.880291,1.5000,4.5000
2026-09-12,2000.0000,5.000000,0,0.00008052,1.0000,3,150,97,3376,147594.2040,1686.1836,-5.705560,22.897913,-28.603473,-1.91609050,-1.08444889,-1.09075042,-1.03339202,-0.80156346,-0.64290287,150,1.119200,0.000000,29.576172,29.576172,1.5000,4.5000
2026-09-12,5000.0000,0.000000,0,0.00008052,1.0000,3,1972,1359,5796,1913828.3594,63154.7743,-309.944437,315.493902,-625.438339,-3.16359977,-1.08259907,-1.13728331,-1.15623485,-1.07564465,-0.62641150,1972,25.806063,0.000000,391.642082,391.642082,1.5000,4.5000
2026-09-12,5000.0000,5.000000,0,0.00008052,1.0000,3,156,118,5089,166179.1531,1570.1789,-18.993065,25.633453,-44.626518,-2.66030974,-1.35213051,-1.36556370,-1.20310735,-1.35471934,-1.62908968,156,1.000000,0.000000,33.220037,33.220037,1.5000,4.5000
2026-09-13,0.1000,0.000000,0,0.00008052,1.0000,3,2114,1618,6940,2233035.0331,62300.0028,581.346864,362.990256,218.356608,0.95130604,-1.20523777,-1.24846644,-1.34826049,-1.30202320,-1.49053814,2100,25.478882,0.000000,460.234571,460.234571,1.5000,4.5000
2026-09-13,0.1000,5.000000,0,0.00008052,1.0000,3,142,70,4813,120354.6389,78.0368,-19.224573,18.088312,-37.312885,-3.09823598,-0.68588352,-0.61575992,-0.62909450,-0.45936498,0.21999167,142,1.341987,0.000000,23.926114,23.926114,1.5000,4.5000
2026-09-13,1.0000,0.000000,0,0.00008052,1.0000,3,2114,1618,6940,2233035.0331,62300.0028,581.346864,362.990256,218.356608,0.95130604,-1.20523777,-1.24846644,-1.34826049,-1.30202320,-1.49053814,2100,25.478882,0.000000,460.234571,460.234571,1.5000,4.5000
2026-09-13,1.0000,5.000000,0,0.00008052,1.0000,3,142,70,4813,120354.6389,78.0368,-19.224573,18.088312,-37.312885,-3.09823598,-0.68588352,-0.61575992,-0.62909450,-0.45936498,0.21999167,142,1.341987,0.000000,23.926114,23.926114,1.5000,4.5000
2026-09-13,10.0000,0.000000,0,0.00008052,1.0000,3,2114,1618,6940,2233035.0331,62300.0028,581.346864,362.990256,218.356608,0.95130604,-1.20523777,-1.24846644,-1.34826049,-1.30202320,-1.49053814,2100,25.478882,0.000000,460.234571,460.234571,1.5000,4.5000
2026-09-13,10.0000,5.000000,0,0.00008052,1.0000,3,142,70,4813,120354.6389,78.0368,-19.224573,18.088312,-37.312885,-3.09823598,-0.68588352,-0.61575992,-0.62909450,-0.45936498,0.21999167,142,1.341987,0.000000,23.926114,23.926114,1.5000,4.5000
2026-09-13,33.0000,0.000000,0,0.00008052,1.0000,3,2114,1618,6940,2233035.0331,62300.0028,581.346864,362.990256,218.356608,0.95130604,-1.20523777,-1.24846644,-1.34826049,-1.30202320,-1.49053814,2100,25.478882,0.000000,460.234571,460.234571,1.5000,4.5000
2026-09-13,33.0000,5.000000,0,0.00008052,1.0000,3,142,70,4813,120354.6389,78.0368,-19.224573,18.088312,-37.312885,-3.09823598,-0.68588352,-0.61575992,-0.62909450,-0.45936498,0.21999167,142,1.341987,0.000000,23.926114,23.926114,1.5000,4.5000
2026-09-13,66.0000,0.000000,0,0.00008052,1.0000,3,2106,1608,6926,2222393.6430,62576.7605,590.439047,361.518589,228.920458,1.00185306,-1.20329107,-1.24513318,-1.36263658,-1.30873423,-1.50336970,2092,25.470525,0.000000,458.175498,458.175498,1.5000,4.5000
2026-09-13,66.0000,5.000000,0,0.00008052,1.0000,3,103,69,4760,110537.0945,240.4326,-13.902949,16.688759,-30.591708,-2.76154457,-0.79960746,-0.74956973,-0.63329293,-0.40912074,-0.83618416,103,1.500000,0.000000,21.995646,21.995646,1.5000,4.5000
2026-09-13,100.0000,0.000000,0,0.00008052,1.0000,3,2075,1594,6868,2204888.5397,62515.5761,604.820137,358.865290,245.954847,1.08474200,-1.21891567,-1.26067753,-1.40605679,-1.36649538,-1.51419501,2061,25.487753,0.000000,454.650798,454.650798,1.5000,4.5000
2026-09-13,100.0000,5.000000,0,0.00008052,1.0000,3,102,70,4757,110537.8945,240.4326,-15.102949,16.688879,-31.791828,-2.86985990,-0.82890472,-0.80959598,-0.73122441,-0.50486353,-0.90499972,102,1.500000,0.000000,21.995646,21.995646,1.5000,4.5000
2026-09-13,200.0000,0.000000,0,0.00008052,1.0000,3,2054,1581,6788,2184789.4572,62240.6180,620.595747,355.726697,264.869050,1.17875169,-1.23712040,-1.27686514,-1.41345980,-1.33416095,-1.56048420,2040,25.464035,0.000000,450.539798,450.539798,1.5000,4.5000
2026-09-13,200.0000,5.000000,0,0.00008052,1.0000,3,143,84,4831,129046.5997,535.5957,-18.846047,19.598008,-38.444055,-2.96676983,-0.99112213,-0.96655091,-0.82936094,-0.68728563,-0.27231620,143,1.500000,0.000000,25.759755,25.759755,1.5000,4.5000
2026-09-13,500.0000,0.000000,0,0.00008052,1.0000,3,1973,1523,6637,2109235.1392,62695.4394,626.753957,344.598219,282.155738,1.29910109,-1.23292895,-1.27144713,-1.43588819,-1.37757020,-1.62271627,1963,25.460852,0.000000,435.452816,435.452816,1.5000,4.5000
2026-09-13,500.0000,5.000000,0,0.00008052,1.0000,3,141,83,4833,126522.4947,535.6400,-18.295274,19.219412,-37.514686,-2.95256074,-0.99978755,-0.98346337,-0.85875995,-0.66137956,-0.14150507,141,1.500000,0.000000,25.259773,25.259773,1.5000,4.5000
2026-09-13,1000.0000,0.000000,0,0.00008052,1.0000,3,1935,1476,6519,2050705.4729,62648.6143,654.805996,335.797697,319.008298,1.50948817,-1.19533392,-1.22798644,-1.41078204,-1.39005527,-1.58086729,1927,25.482960,0.000000,423.710313,423.710313,1.5000,4.5000
2026-09-13,1000.0000,5.000000,0,0.00008052,1.0000,3,153,73,4823,123621.7015,564.5121,-28.555701,18.797286,-47.352987,-3.81306308,-0.87582007,-0.84217367,-0.89361178,-0.05746910,1.11263863,153,1.500000,0.000000,24.688035,24.688035,1.5000,4.5000
2026-09-13,2000.0000,0.000000,0,0.00008052,1.0000,3,1905,1403,6355,1953721.9840,62272.6854,699.873138,321.081006,378.792132,1.87893419,-1.17313007,-1.20061997,-1.40769675,-1.38113394,-1.41208957,1892,25.529335,0.000000,404.187305,404.187305,1.5000,4.5000
2026-09-13,2000.0000,5.000000,0,0.00008052,1.0000,3,149,75,4794,116045.2787,12.9492,-14.945687,17.412619,-32.358306,-2.78810957,-0.82543894,-0.78156495,-0.86423101,-0.42349275,0.97716545,149,1.500000,0.000000,23.031812,23.031812,1.5000,4.5000
2026-09-13,5000.0000,0.000000,0,0.00008052,1.0000,3,1885,1487,7760,2022823.7100,61994.6593,689.296961,331.321153,357.975808,1.71705993,-1.37934060,-1.40230336,-1.59440445,-1.49230319,-1.31474558,1875,25.874057,0.000000,417.922883,417.922883,1.5000,4.5000
2026-09-13,5000.0000,5.000000,0,0.00008052,1.0000,3,162,95,7532,140988.5094,134.5873,-19.686118,21.208841,-40.894958,-2.89782179,-0.99673834,-0.97964539,-1.20075322,-0.71664134,0.43412664,162,1.500000,0.000000,28.026566,28.026566,1.5000,4.5000
