INFO: Running with entropic power schedule (0xFF, 100).
INFO: Seed: 1328387549
INFO: Loaded 1 modules   (2526 inline 8-bit counters): 2526 [0x55da4106c760, 0x55da4106d13e), 
INFO: Loaded 1 PC tables (2526 PCs): 2526 [0x55da4106d140,0x55da41076f20), 
INFO:        3 files found in /home/ubuntu/latencytax/fuzz/corpus/json
INFO: -max_len is not provided; libFuzzer will not generate inputs larger than 4869 bytes
INFO: seed corpus: files: 3 min: 6b max: 4869b total: 5781b rss: 32Mb
#4	INITED cov: 107 ft: 191 corp: 3/5781b exec/s: 0 rss: 33Mb
#10	NEW    cov: 107 ft: 196 corp: 4/7264b lim: 4869 exec/s: 0 rss: 34Mb L: 1483/4869 MS: 1 CopyPart-
#16	NEW    cov: 108 ft: 198 corp: 5/7270b lim: 4869 exec/s: 0 rss: 34Mb L: 6/4869 MS: 1 ChangeBit-
#18	NEW    cov: 108 ft: 202 corp: 6/12139b lim: 4869 exec/s: 0 rss: 34Mb L: 4869/4869 MS: 2 CopyPart-ShuffleBytes-
#22	NEW    cov: 108 ft: 203 corp: 7/13957b lim: 4869 exec/s: 0 rss: 34Mb L: 1818/4869 MS: 4 CrossOver-ChangeASCIIInt-CrossOver-CrossOver-
#30	NEW    cov: 110 ft: 209 corp: 8/18Kb lim: 4869 exec/s: 0 rss: 34Mb L: 4583/4869 MS: 3 EraseBytes-InsertByte-CrossOver-
#46	NEW    cov: 112 ft: 263 corp: 9/19Kb lim: 4869 exec/s: 0 rss: 34Mb L: 1546/4869 MS: 1 CrossOver-
#48	NEW    cov: 116 ft: 270 corp: 10/24Kb lim: 4869 exec/s: 0 rss: 34Mb L: 4869/4869 MS: 2 ChangeBinInt-ShuffleBytes-
#49	NEW    cov: 116 ft: 273 corp: 11/24Kb lim: 4869 exec/s: 0 rss: 34Mb L: 7/4869 MS: 1 InsertByte-
#50	NEW    cov: 116 ft: 274 corp: 12/27Kb lim: 4869 exec/s: 0 rss: 34Mb L: 2865/4869 MS: 1 EraseBytes-
#51	NEW    cov: 118 ft: 299 corp: 13/30Kb lim: 4869 exec/s: 0 rss: 35Mb L: 3564/4869 MS: 1 EraseBytes-
#52	NEW    cov: 119 ft: 357 corp: 14/33Kb lim: 4869 exec/s: 0 rss: 35Mb L: 2793/4869 MS: 1 EraseBytes-
#64	NEW    cov: 120 ft: 362 corp: 15/33Kb lim: 4869 exec/s: 0 rss: 35Mb L: 11/4869 MS: 2 ChangeASCIIInt-CopyPart-
#66	NEW    cov: 120 ft: 364 corp: 16/33Kb lim: 4869 exec/s: 0 rss: 35Mb L: 7/4869 MS: 2 InsertByte-CopyPart-
#75	NEW    cov: 121 ft: 365 corp: 17/36Kb lim: 4869 exec/s: 0 rss: 35Mb L: 3352/4869 MS: 4 InsertByte-CopyPart-ShuffleBytes-CrossOver-
#81	NEW    cov: 121 ft: 371 corp: 18/40Kb lim: 4869 exec/s: 0 rss: 35Mb L: 3564/4869 MS: 1 ChangeBit-
#82	NEW    cov: 121 ft: 373 corp: 19/43Kb lim: 4869 exec/s: 0 rss: 35Mb L: 2953/4869 MS: 1 InsertRepeatedBytes-
#84	NEW    cov: 121 ft: 382 corp: 20/43Kb lim: 4869 exec/s: 0 rss: 35Mb L: 12/4869 MS: 2 CopyPart-CMP- DE: "sz\":"-
#88	NEW    cov: 121 ft: 388 corp: 21/43Kb lim: 4869 exec/s: 0 rss: 35Mb L: 99/4869 MS: 4 ChangeBinInt-CMP-InsertRepeatedBytes-CrossOver- DE: "\013\000\000\000\000\000\000\000"-
#94	REDUCE cov: 121 ft: 388 corp: 21/43Kb lim: 4869 exec/s: 0 rss: 35Mb L: 1405/4869 MS: 1 EraseBytes-
#98	NEW    cov: 121 ft: 390 corp: 22/43Kb lim: 4869 exec/s: 0 rss: 35Mb L: 7/4869 MS: 4 ChangeBit-ChangeByte-CrossOver-CrossOver-
#100	NEW    cov: 124 ft: 396 corp: 23/44Kb lim: 4869 exec/s: 0 rss: 35Mb L: 1818/4869 MS: 2 ShuffleBytes-EraseBytes-
#116	NEW    cov: 124 ft: 399 corp: 24/48Kb lim: 4869 exec/s: 0 rss: 35Mb L: 3365/4869 MS: 1 EraseBytes-
#131	REDUCE cov: 124 ft: 399 corp: 24/48Kb lim: 4869 exec/s: 0 rss: 35Mb L: 4/4869 MS: 5 EraseBytes-ShuffleBytes-CMP-ChangeByte-EraseBytes- DE: "\001\000\000\000"-
#134	NEW    cov: 124 ft: 400 corp: 25/49Kb lim: 4869 exec/s: 0 rss: 35Mb L: 1216/4869 MS: 3 CMP-ChangeASCIIInt-CrossOver- DE: "\376\377\377\270"-
#146	NEW    cov: 124 ft: 402 corp: 26/52Kb lim: 4869 exec/s: 0 rss: 36Mb L: 3352/4869 MS: 2 ChangeASCIIInt-ChangeBinInt-
#152	REDUCE cov: 124 ft: 402 corp: 26/52Kb lim: 4869 exec/s: 0 rss: 36Mb L: 4610/4869 MS: 1 EraseBytes-
#158	REDUCE cov: 124 ft: 402 corp: 26/51Kb lim: 4869 exec/s: 0 rss: 36Mb L: 2240/4869 MS: 1 EraseBytes-
#160	NEW    cov: 126 ft: 404 corp: 27/56Kb lim: 4869 exec/s: 0 rss: 36Mb L: 4869/4869 MS: 2 ChangeByte-ChangeBit-
#178	NEW    cov: 126 ft: 405 corp: 28/58Kb lim: 4869 exec/s: 0 rss: 36Mb L: 1819/4869 MS: 3 ShuffleBytes-InsertByte-ChangeBinInt-
#179	REDUCE cov: 126 ft: 405 corp: 28/57Kb lim: 4869 exec/s: 0 rss: 36Mb L: 4010/4869 MS: 1 EraseBytes-
#191	NEW    cov: 126 ft: 407 corp: 29/58Kb lim: 4869 exec/s: 0 rss: 36Mb L: 965/4869 MS: 2 PersAutoDict-CrossOver- DE: "\001\000\000\000"-
#192	NEW    cov: 126 ft: 409 corp: 30/62Kb lim: 4869 exec/s: 0 rss: 36Mb L: 4583/4869 MS: 1 ChangeBit-
#207	NEW    cov: 126 ft: 421 corp: 31/64Kb lim: 4869 exec/s: 0 rss: 36Mb L: 1819/4869 MS: 5 ChangeByte-CMP-InsertByte-ChangeBinInt-CrossOver- DE: "\001\000"-
#209	NEW    cov: 126 ft: 422 corp: 32/69Kb lim: 4869 exec/s: 0 rss: 36Mb L: 4867/4869 MS: 2 ShuffleBytes-CopyPart-
#210	NEW    cov: 126 ft: 425 corp: 33/69Kb lim: 4869 exec/s: 0 rss: 36Mb L: 99/4869 MS: 1 CrossOver-
#214	NEW    cov: 126 ft: 426 corp: 34/69Kb lim: 4869 exec/s: 0 rss: 36Mb L: 26/4869 MS: 4 PersAutoDict-ShuffleBytes-PersAutoDict-CopyPart- DE: "\376\377\377\270"-"\376\377\377\270"-
#220	NEW    cov: 127 ft: 454 corp: 35/72Kb lim: 4869 exec/s: 0 rss: 36Mb L: 2718/4869 MS: 1 EraseBytes-
#230	NEW    cov: 127 ft: 457 corp: 36/72Kb lim: 4869 exec/s: 0 rss: 36Mb L: 60/4869 MS: 5 CopyPart-CopyPart-ChangeBinInt-ChangeByte-EraseBytes-
#232	NEW    cov: 127 ft: 469 corp: 37/73Kb lim: 4869 exec/s: 0 rss: 36Mb L: 1216/4869 MS: 2 CMP-CrossOver- DE: "time"-
#234	NEW    cov: 127 ft: 470 corp: 38/73Kb lim: 4869 exec/s: 0 rss: 36Mb L: 7/4869 MS: 2 CopyPart-InsertByte-
#238	NEW    cov: 127 ft: 473 corp: 39/75Kb lim: 4869 exec/s: 0 rss: 36Mb L: 1667/4869 MS: 4 CopyPart-ChangeASCIIInt-EraseBytes-CrossOver-
#241	NEW    cov: 128 ft: 475 corp: 40/77Kb lim: 4869 exec/s: 0 rss: 36Mb L: 2581/4869 MS: 3 CMP-CMP-EraseBytes- DE: "rx"-"side"-
#251	REDUCE cov: 128 ft: 475 corp: 40/77Kb lim: 4869 exec/s: 0 rss: 36Mb L: 2858/4869 MS: 5 ChangeBit-ChangeByte-CrossOver-ChangeASCIIInt-EraseBytes-
#261	NEW    cov: 128 ft: 476 corp: 41/79Kb lim: 4869 exec/s: 0 rss: 37Mb L: 2371/4869 MS: 5 InsertByte-PersAutoDict-ChangeBit-ChangeBit-EraseBytes- DE: "\376\377\377\270"-
#288	REDUCE cov: 128 ft: 480 corp: 42/83Kb lim: 4869 exec/s: 0 rss: 37Mb L: 3920/4869 MS: 2 InsertByte-CrossOver-
#297	REDUCE cov: 128 ft: 492 corp: 43/85Kb lim: 4869 exec/s: 0 rss: 37Mb L: 2372/4869 MS: 4 PersAutoDict-InsertRepeatedBytes-CrossOver-InsertRepeatedBytes- DE: "time"-
#299	NEW    cov: 128 ft: 495 corp: 44/85Kb lim: 4869 exec/s: 0 rss: 37Mb L: 16/4869 MS: 2 ChangeBinInt-PersAutoDict- DE: "sz\":"-
#308	NEW    cov: 128 ft: 496 corp: 45/88Kb lim: 4869 exec/s: 0 rss: 37Mb L: 2594/4869 MS: 4 InsertByte-EraseBytes-ChangeBit-InsertRepeatedBytes-
#318	REDUCE cov: 128 ft: 496 corp: 45/88Kb lim: 4869 exec/s: 0 rss: 37Mb L: 872/4869 MS: 5 PersAutoDict-PersAutoDict-PersAutoDict-InsertByte-EraseBytes- DE: "\013\000\000\000\000\000\000\000"-"sz\":"-"time"-
#326	NEW    cov: 130 ft: 498 corp: 46/89Kb lim: 4869 exec/s: 0 rss: 37Mb L: 1216/4869 MS: 3 CrossOver-ChangeByte-ChangeBit-
#330	NEW    cov: 130 ft: 506 corp: 47/90Kb lim: 4869 exec/s: 0 rss: 37Mb L: 1255/4869 MS: 4 ChangeASCIIInt-CMP-PersAutoDict-InsertRepeatedBytes- DE: "\001\000\000\000\000\000\000\000"-"sz\":"-
#342	NEW    cov: 131 ft: 507 corp: 48/91Kb lim: 4869 exec/s: 0 rss: 37Mb L: 1216/4869 MS: 2 ChangeBinInt-CrossOver-
#401	REDUCE cov: 132 ft: 508 corp: 49/96Kb lim: 4869 exec/s: 0 rss: 37Mb L: 4547/4869 MS: 4 ShuffleBytes-ShuffleBytes-ChangeASCIIInt-CrossOver-
#413	NEW    cov: 133 ft: 509 corp: 50/100Kb lim: 4869 exec/s: 0 rss: 38Mb L: 4584/4869 MS: 2 InsertByte-CMP- DE: "px"-
#432	REDUCE cov: 133 ft: 509 corp: 50/100Kb lim: 4869 exec/s: 0 rss: 38Mb L: 79/4869 MS: 4 ChangeByte-ShuffleBytes-ChangeBinInt-EraseBytes-
#440	REDUCE cov: 133 ft: 509 corp: 50/99Kb lim: 4869 exec/s: 0 rss: 38Mb L: 1829/4869 MS: 3 ChangeBit-ChangeASCIIInt-EraseBytes-
#444	REDUCE cov: 133 ft: 509 corp: 50/99Kb lim: 4869 exec/s: 0 rss: 38Mb L: 849/4869 MS: 4 PersAutoDict-CMP-InsertRepeatedBytes-EraseBytes- DE: "side"-"px"-
#455	NEW    cov: 134 ft: 510 corp: 51/102Kb lim: 4869 exec/s: 0 rss: 38Mb L: 2953/4869 MS: 1 ChangeByte-
#457	NEW    cov: 134 ft: 527 corp: 52/102Kb lim: 4869 exec/s: 0 rss: 38Mb L: 373/4869 MS: 2 ChangeBit-CrossOver-
#458	REDUCE cov: 134 ft: 527 corp: 52/102Kb lim: 4869 exec/s: 0 rss: 38Mb L: 4088/4869 MS: 1 EraseBytes-
#466	REDUCE cov: 134 ft: 527 corp: 52/101Kb lim: 4869 exec/s: 0 rss: 38Mb L: 3291/4869 MS: 3 InsertRepeatedBytes-CrossOver-EraseBytes-
#513	NEW    cov: 134 ft: 533 corp: 53/101Kb lim: 4869 exec/s: 0 rss: 38Mb L: 11/4869 MS: 2 ChangeBit-ShuffleBytes-
#525	NEW    cov: 134 ft: 534 corp: 54/102Kb lim: 4869 exec/s: 0 rss: 38Mb L: 1308/4869 MS: 2 InsertByte-InsertRepeatedBytes-
#531	REDUCE cov: 134 ft: 534 corp: 54/102Kb lim: 4869 exec/s: 0 rss: 38Mb L: 5/4869 MS: 1 EraseBytes-
#542	NEW    cov: 135 ft: 535 corp: 55/104Kb lim: 4869 exec/s: 0 rss: 38Mb L: 2159/4869 MS: 1 CrossOver-
#543	REDUCE cov: 135 ft: 537 corp: 56/105Kb lim: 4869 exec/s: 0 rss: 38Mb L: 872/4869 MS: 1 ChangeBinInt-
#548	REDUCE cov: 136 ft: 538 corp: 57/108Kb lim: 4869 exec/s: 0 rss: 38Mb L: 2468/4869 MS: 5 CrossOver-InsertByte-ChangeBinInt-InsertRepeatedBytes-CrossOver-
#552	REDUCE cov: 136 ft: 538 corp: 57/107Kb lim: 4869 exec/s: 0 rss: 38Mb L: 2776/4869 MS: 4 ChangeASCIIInt-CopyPart-InsertRepeatedBytes-EraseBytes-
#554	NEW    cov: 138 ft: 550 corp: 58/108Kb lim: 4869 exec/s: 0 rss: 38Mb L: 455/4869 MS: 2 CMP-CrossOver- DE: "\310\377\377\377"-
#555	REDUCE cov: 138 ft: 568 corp: 59/110Kb lim: 4869 exec/s: 0 rss: 38Mb L: 2240/4869 MS: 1 CMP- DE: "\377\377\377\272"-
#559	NEW    cov: 139 ft: 569 corp: 60/111Kb lim: 4869 exec/s: 0 rss: 39Mb L: 1314/4869 MS: 4 ChangeBit-CopyPart-PersAutoDict-InsertRepeatedBytes- DE: "\001\000\000\000\000\000\000\000"-
#578	REDUCE cov: 139 ft: 569 corp: 60/111Kb lim: 4869 exec/s: 0 rss: 39Mb L: 1425/4869 MS: 4 CrossOver-InsertByte-ChangeASCIIInt-EraseBytes-
#584	NEW    cov: 139 ft: 571 corp: 61/113Kb lim: 4869 exec/s: 0 rss: 39Mb L: 2869/4869 MS: 1 PersAutoDict- DE: "\310\377\377\377"-
#586	NEW    cov: 139 ft: 576 corp: 62/118Kb lim: 4869 exec/s: 0 rss: 39Mb L: 4352/4869 MS: 2 ChangeByte-EraseBytes-
#592	NEW    cov: 139 ft: 577 corp: 63/120Kb lim: 4869 exec/s: 0 rss: 39Mb L: 2393/4869 MS: 1 EraseBytes-
#595	REDUCE cov: 139 ft: 578 corp: 64/121Kb lim: 4869 exec/s: 0 rss: 39Mb L: 898/4869 MS: 3 ChangeASCIIInt-CrossOver-CopyPart-
#611	REDUCE cov: 139 ft: 578 corp: 64/121Kb lim: 4869 exec/s: 0 rss: 39Mb L: 6/4869 MS: 1 EraseBytes-
#613	NEW    cov: 139 ft: 580 corp: 65/125Kb lim: 4869 exec/s: 0 rss: 39Mb L: 3920/4869 MS: 2 ChangeByte-ChangeBit-
#617	NEW    cov: 139 ft: 581 corp: 66/128Kb lim: 4869 exec/s: 0 rss: 39Mb L: 3192/4869 MS: 4 ChangeASCIIInt-InsertRepeatedBytes-CrossOver-CopyPart-
#656	NEW    cov: 139 ft: 582 corp: 67/132Kb lim: 4869 exec/s: 0 rss: 39Mb L: 4354/4869 MS: 4 ShuffleBytes-InsertByte-InsertByte-CrossOver-
#675	NEW    cov: 139 ft: 583 corp: 68/135Kb lim: 4869 exec/s: 0 rss: 39Mb L: 2895/4869 MS: 4 ChangeBit-ShuffleBytes-ChangeASCIIInt-CrossOver-
#710	REDUCE cov: 141 ft: 586 corp: 69/137Kb lim: 4869 exec/s: 0 rss: 39Mb L: 2269/4869 MS: 5 CrossOver-ChangeASCIIInt-ChangeByte-EraseBytes-EraseBytes-
#739	NEW    cov: 141 ft: 587 corp: 70/141Kb lim: 4869 exec/s: 0 rss: 39Mb L: 3574/4869 MS: 4 PersAutoDict-ChangeBinInt-ShuffleBytes-PersAutoDict- DE: "rx"-"\001\000\000\000\000\000\000\000"-
#740	NEW    cov: 142 ft: 589 corp: 71/143Kb lim: 4869 exec/s: 0 rss: 39Mb L: 2753/4869 MS: 1 CrossOver-
#767	NEW    cov: 142 ft: 590 corp: 72/147Kb lim: 4869 exec/s: 0 rss: 39Mb L: 3982/4869 MS: 2 CopyPart-CrossOver-
#819	NEW    cov: 143 ft: 591 corp: 73/149Kb lim: 4869 exec/s: 0 rss: 40Mb L: 2185/4869 MS: 2 CrossOver-EraseBytes-
#834	REDUCE cov: 143 ft: 592 corp: 74/151Kb lim: 4869 exec/s: 0 rss: 40Mb L: 1582/4869 MS: 5 InsertRepeatedBytes-InsertRepeatedBytes-ChangeBinInt-ChangeBit-PersAutoDict- DE: "px"-
#863	REDUCE cov: 143 ft: 592 corp: 74/150Kb lim: 4869 exec/s: 0 rss: 40Mb L: 2084/4869 MS: 4 ShuffleBytes-ChangeASCIIInt-InsertRepeatedBytes-EraseBytes-
#871	REDUCE cov: 143 ft: 592 corp: 74/148Kb lim: 4869 exec/s: 0 rss: 40Mb L: 2633/4869 MS: 3 InsertRepeatedBytes-ShuffleBytes-EraseBytes-
#875	NEW    cov: 145 ft: 594 corp: 75/149Kb lim: 4869 exec/s: 0 rss: 40Mb L: 954/4869 MS: 4 CrossOver-InsertRepeatedBytes-ChangeBit-EraseBytes-
#888	REDUCE cov: 145 ft: 596 corp: 76/153Kb lim: 4869 exec/s: 0 rss: 40Mb L: 4012/4869 MS: 3 CopyPart-InsertByte-InsertByte-
#904	REDUCE cov: 145 ft: 596 corp: 76/153Kb lim: 4869 exec/s: 0 rss: 40Mb L: 2238/4869 MS: 1 EraseBytes-
#937	NEW    cov: 145 ft: 597 corp: 77/156Kb lim: 4869 exec/s: 0 rss: 40Mb L: 2603/4869 MS: 3 ShuffleBytes-CMP-InsertByte- DE: "\234\206\003\323\271n\000\000"-
#946	REDUCE cov: 145 ft: 597 corp: 77/155Kb lim: 4869 exec/s: 0 rss: 40Mb L: 1722/4869 MS: 4 InsertRepeatedBytes-PersAutoDict-CMP-EraseBytes- DE: "\377\377\377\272"-"\377\377\377\360"-
#960	NEW    cov: 145 ft: 598 corp: 78/159Kb lim: 4869 exec/s: 0 rss: 40Mb L: 4694/4869 MS: 4 InsertRepeatedBytes-ShuffleBytes-ChangeBinInt-CrossOver-
#1003	REDUCE cov: 145 ft: 598 corp: 78/159Kb lim: 4869 exec/s: 0 rss: 40Mb L: 1971/4869 MS: 3 ChangeASCIIInt-ChangeBit-EraseBytes-
#1021	REDUCE cov: 145 ft: 598 corp: 78/159Kb lim: 4869 exec/s: 0 rss: 41Mb L: 3/4869 MS: 3 ChangeBinInt-ChangeASCIIInt-EraseBytes-
#1023	REDUCE cov: 145 ft: 601 corp: 79/164Kb lim: 4869 exec/s: 0 rss: 41Mb L: 4610/4869 MS: 2 ChangeByte-ShuffleBytes-
#1027	REDUCE cov: 145 ft: 601 corp: 79/164Kb lim: 4869 exec/s: 0 rss: 41Mb L: 1175/4869 MS: 4 CrossOver-ChangeByte-CopyPart-EraseBytes-
#1040	REDUCE cov: 145 ft: 601 corp: 79/163Kb lim: 4869 exec/s: 0 rss: 41Mb L: 1080/4869 MS: 3 ChangeASCIIInt-CMP-EraseBytes- DE: "\000\000\000\000"-
#1063	REDUCE cov: 145 ft: 601 corp: 79/161Kb lim: 4869 exec/s: 0 rss: 41Mb L: 2495/4869 MS: 3 ChangeASCIIInt-ChangeByte-EraseBytes-
#1066	NEW    cov: 145 ft: 603 corp: 80/164Kb lim: 4869 exec/s: 0 rss: 41Mb L: 2964/4869 MS: 3 ChangeByte-PersAutoDict-CrossOver- DE: "\377\377\377\360"-
#1072	NEW    cov: 145 ft: 604 corp: 81/167Kb lim: 4869 exec/s: 0 rss: 41Mb L: 2865/4869 MS: 1 ChangeByte-
#1099	REDUCE cov: 145 ft: 604 corp: 81/165Kb lim: 4869 exec/s: 0 rss: 41Mb L: 2845/4869 MS: 2 ChangeBinInt-EraseBytes-
#1127	REDUCE cov: 145 ft: 604 corp: 81/165Kb lim: 4869 exec/s: 0 rss: 41Mb L: 2007/4869 MS: 3 ShuffleBytes-CopyPart-EraseBytes-
#1137	REDUCE cov: 145 ft: 604 corp: 81/164Kb lim: 4869 exec/s: 0 rss: 41Mb L: 2406/4869 MS: 5 PersAutoDict-ChangeASCIIInt-CrossOver-ChangeASCIIInt-EraseBytes- DE: "\310\377\377\377"-
#1167	NEW    cov: 146 ft: 605 corp: 82/165Kb lim: 4869 exec/s: 0 rss: 41Mb L: 874/4869 MS: 5 ChangeBinInt-InsertByte-InsertByte-ChangeBit-CrossOver-
#1170	NEW    cov: 146 ft: 606 corp: 83/168Kb lim: 4869 exec/s: 0 rss: 41Mb L: 2825/4869 MS: 3 PersAutoDict-InsertRepeatedBytes-CopyPart- DE: "px"-
#1181	NEW    cov: 146 ft: 607 corp: 84/170Kb lim: 4869 exec/s: 0 rss: 41Mb L: 2965/4869 MS: 1 InsertByte-
#1203	REDUCE cov: 146 ft: 607 corp: 84/170Kb lim: 4869 exec/s: 0 rss: 41Mb L: 1430/4869 MS: 2 CMP-EraseBytes- DE: "[\003\000\000\000\000\000\000"-
#1218	REDUCE cov: 146 ft: 607 corp: 84/170Kb lim: 4869 exec/s: 0 rss: 41Mb L: 3801/4869 MS: 5 ChangeBit-ChangeASCIIInt-ChangeASCIIInt-CopyPart-EraseBytes-
#1234	NEW    cov: 146 ft: 608 corp: 85/173Kb lim: 4869 exec/s: 0 rss: 42Mb L: 3311/4869 MS: 1 CrossOver-
#1236	REDUCE cov: 146 ft: 608 corp: 85/172Kb lim: 4869 exec/s: 0 rss: 42Mb L: 2301/4869 MS: 2 ChangeBit-EraseBytes-
#1260	REDUCE cov: 146 ft: 609 corp: 86/176Kb lim: 4869 exec/s: 0 rss: 42Mb L: 4011/4869 MS: 4 InsertByte-CopyPart-CrossOver-CMP- DE: "hash\":"-
#1274	REDUCE cov: 146 ft: 609 corp: 86/175Kb lim: 4869 exec/s: 0 rss: 42Mb L: 2805/4869 MS: 4 CrossOver-ChangeByte-ChangeBinInt-EraseBytes-
#1287	REDUCE cov: 146 ft: 609 corp: 86/175Kb lim: 4869 exec/s: 0 rss: 42Mb L: 19/4869 MS: 3 ChangeBit-ChangeASCIIInt-EraseBytes-
#1295	NEW    cov: 147 ft: 610 corp: 87/177Kb lim: 4869 exec/s: 0 rss: 42Mb L: 2231/4869 MS: 3 ChangeByte-CrossOver-CMP- DE: "tid"-
#1322	REDUCE cov: 147 ft: 610 corp: 87/175Kb lim: 4869 exec/s: 0 rss: 42Mb L: 291/4869 MS: 2 InsertByte-CrossOver-
#1330	NEW    cov: 149 ft: 621 corp: 88/178Kb lim: 4869 exec/s: 0 rss: 42Mb L: 2393/4869 MS: 3 ChangeASCIIInt-ChangeBinInt-CMP- DE: "rx"-
#1352	REDUCE cov: 149 ft: 621 corp: 88/178Kb lim: 4869 exec/s: 0 rss: 42Mb L: 2230/4869 MS: 2 InsertByte-EraseBytes-
#1377	REDUCE cov: 149 ft: 621 corp: 88/178Kb lim: 4869 exec/s: 0 rss: 42Mb L: 2616/4869 MS: 5 InsertByte-ChangeASCIIInt-ShuffleBytes-ChangeBit-EraseBytes-
#1393	REDUCE cov: 149 ft: 621 corp: 88/178Kb lim: 4869 exec/s: 0 rss: 42Mb L: 2/4869 MS: 1 EraseBytes-
#1407	REDUCE cov: 149 ft: 621 corp: 88/176Kb lim: 4869 exec/s: 0 rss: 42Mb L: 2780/4869 MS: 4 CopyPart-InsertByte-ChangeASCIIInt-EraseBytes-
#1453	REDUCE cov: 149 ft: 621 corp: 88/176Kb lim: 4869 exec/s: 0 rss: 43Mb L: 6/4869 MS: 1 EraseBytes-
#1507	NEW    cov: 149 ft: 625 corp: 89/176Kb lim: 4869 exec/s: 0 rss: 43Mb L: 28/4869 MS: 4 CrossOver-InsertByte-ChangeByte-ChangeBinInt-
#1524	REDUCE cov: 149 ft: 625 corp: 89/174Kb lim: 4869 exec/s: 0 rss: 43Mb L: 2724/4869 MS: 2 ChangeBinInt-CrossOver-
#1533	REDUCE cov: 149 ft: 625 corp: 89/174Kb lim: 4869 exec/s: 0 rss: 43Mb L: 3984/4869 MS: 4 InsertRepeatedBytes-ChangeByte-InsertByte-EraseBytes-
#1549	REDUCE cov: 149 ft: 625 corp: 89/173Kb lim: 4869 exec/s: 0 rss: 43Mb L: 1321/4869 MS: 1 EraseBytes-
#1551	REDUCE cov: 149 ft: 625 corp: 89/173Kb lim: 4869 exec/s: 0 rss: 43Mb L: 241/4869 MS: 2 ChangeASCIIInt-EraseBytes-
#1562	REDUCE cov: 149 ft: 625 corp: 89/173Kb lim: 4869 exec/s: 0 rss: 43Mb L: 6/4869 MS: 1 EraseBytes-
#1589	REDUCE cov: 149 ft: 625 corp: 89/173Kb lim: 4869 exec/s: 0 rss: 43Mb L: 2438/4869 MS: 2 ShuffleBytes-EraseBytes-
#1652	REDUCE cov: 149 ft: 627 corp: 90/175Kb lim: 4869 exec/s: 0 rss: 43Mb L: 2438/4869 MS: 3 CrossOver-ChangeByte-ChangeByte-
#1655	REDUCE cov: 149 ft: 627 corp: 90/174Kb lim: 4869 exec/s: 0 rss: 43Mb L: 2879/4869 MS: 3 ShuffleBytes-ChangeBinInt-EraseBytes-
#1693	REDUCE cov: 149 ft: 627 corp: 90/174Kb lim: 4869 exec/s: 0 rss: 43Mb L: 1214/4869 MS: 3 InsertByte-ChangeBit-EraseBytes-
#1700	NEW    cov: 149 ft: 628 corp: 91/177Kb lim: 4869 exec/s: 0 rss: 44Mb L: 2967/4869 MS: 2 InsertByte-InsertByte-
#1713	REDUCE cov: 149 ft: 628 corp: 91/177Kb lim: 4869 exec/s: 0 rss: 44Mb L: 2280/4869 MS: 3 ChangeASCIIInt-ChangeByte-EraseBytes-
#1728	REDUCE cov: 149 ft: 632 corp: 92/178Kb lim: 4869 exec/s: 0 rss: 44Mb L: 1229/4869 MS: 5 EraseBytes-EraseBytes-ChangeBit-ChangeBit-CrossOver-
#1730	NEW    cov: 149 ft: 633 corp: 93/181Kb lim: 4869 exec/s: 0 rss: 44Mb L: 2825/4869 MS: 2 ChangeBit-ChangeByte-
#1757	NEW    cov: 149 ft: 634 corp: 94/185Kb lim: 4869 exec/s: 0 rss: 44Mb L: 3572/4869 MS: 2 CMP-CrossOver- DE: "\000\000\000\000\000\000\000\000"-
#1764	REDUCE cov: 149 ft: 634 corp: 94/184Kb lim: 4869 exec/s: 0 rss: 44Mb L: 1671/4869 MS: 2 CopyPart-CrossOver-
#1773	REDUCE cov: 149 ft: 634 corp: 94/184Kb lim: 4869 exec/s: 0 rss: 44Mb L: 1253/4869 MS: 4 ShuffleBytes-ShuffleBytes-ChangeASCIIInt-EraseBytes-
#1826	REDUCE cov: 149 ft: 634 corp: 94/184Kb lim: 4869 exec/s: 0 rss: 44Mb L: 65/4869 MS: 3 InsertByte-EraseBytes-ShuffleBytes-
#1842	REDUCE cov: 149 ft: 634 corp: 94/183Kb lim: 4869 exec/s: 0 rss: 44Mb L: 1143/4869 MS: 1 EraseBytes-
#1846	REDUCE cov: 149 ft: 634 corp: 94/183Kb lim: 4869 exec/s: 0 rss: 44Mb L: 2559/4869 MS: 4 CrossOver-CrossOver-PersAutoDict-EraseBytes- DE: "hash\":"-
#1861	REDUCE cov: 149 ft: 634 corp: 94/183Kb lim: 4869 exec/s: 0 rss: 44Mb L: 1869/4869 MS: 5 ChangeASCIIInt-CMP-CrossOver-ChangeBit-EraseBytes- DE: "\262\027\011\323\251n\000\000"-
#1863	NEW    cov: 149 ft: 635 corp: 95/183Kb lim: 4869 exec/s: 0 rss: 44Mb L: 29/4869 MS: 2 InsertByte-ChangeBinInt-
#1876	NEW    cov: 150 ft: 641 corp: 96/185Kb lim: 4869 exec/s: 0 rss: 44Mb L: 2599/4869 MS: 3 ChangeBit-ChangeASCIIInt-CopyPart-
#1905	REDUCE cov: 150 ft: 641 corp: 96/183Kb lim: 4869 exec/s: 0 rss: 44Mb L: 2696/4867 MS: 4 ChangeASCIIInt-CrossOver-CMP-EraseBytes- DE: "sx"-
#1909	REDUCE cov: 150 ft: 641 corp: 96/183Kb lim: 4869 exec/s: 0 rss: 44Mb L: 1882/4867 MS: 4 PersAutoDict-CMP-ChangeBit-EraseBytes- DE: "\310\377\377\377"-"\001\000n\251\323\011\233M"-
#1953	REDUCE cov: 150 ft: 643 corp: 97/185Kb lim: 4869 exec/s: 0 rss: 45Mb L: 2725/4867 MS: 4 InsertByte-ShuffleBytes-ChangeBit-CopyPart-
#1958	REDUCE cov: 150 ft: 643 corp: 97/184Kb lim: 4869 exec/s: 0 rss: 45Mb L: 1766/4867 MS: 5 CopyPart-EraseBytes-InsertRepeatedBytes-CopyPart-EraseBytes-
#1974	REDUCE cov: 150 ft: 643 corp: 97/184Kb lim: 4869 exec/s: 0 rss: 45Mb L: 1226/4867 MS: 1 EraseBytes-
#1993	REDUCE cov: 150 ft: 643 corp: 97/183Kb lim: 4869 exec/s: 0 rss: 45Mb L: 272/4867 MS: 4 ChangeByte-ShuffleBytes-ChangeBit-CrossOver-
#1994	REDUCE cov: 150 ft: 643 corp: 97/181Kb lim: 4869 exec/s: 0 rss: 45Mb L: 2198/4867 MS: 1 EraseBytes-
#2027	REDUCE cov: 150 ft: 643 corp: 97/181Kb lim: 4869 exec/s: 0 rss: 45Mb L: 3967/4867 MS: 3 CrossOver-ShuffleBytes-CrossOver-
#2034	REDUCE cov: 151 ft: 644 corp: 98/183Kb lim: 4869 exec/s: 0 rss: 45Mb L: 2879/4867 MS: 2 ChangeBit-ChangeBit-
#2046	NEW    cov: 151 ft: 645 corp: 99/186Kb lim: 4869 exec/s: 0 rss: 45Mb L: 2594/4867 MS: 2 ShuffleBytes-PersAutoDict- DE: "px"-
#2053	REDUCE cov: 151 ft: 645 corp: 99/185Kb lim: 4869 exec/s: 0 rss: 45Mb L: 2287/4867 MS: 2 CMP-EraseBytes- DE: "\306\377\377\377"-
#2087	REDUCE cov: 151 ft: 645 corp: 99/185Kb lim: 4869 exec/s: 0 rss: 45Mb L: 563/4867 MS: 4 CrossOver-ChangeASCIIInt-ChangeByte-EraseBytes-
#2094	REDUCE cov: 151 ft: 645 corp: 99/185Kb lim: 4869 exec/s: 0 rss: 45Mb L: 979/4867 MS: 2 ChangeByte-EraseBytes-
#2100	REDUCE cov: 151 ft: 652 corp: 100/187Kb lim: 4869 exec/s: 0 rss: 45Mb L: 2280/4867 MS: 1 CopyPart-
#2114	REDUCE cov: 151 ft: 652 corp: 100/186Kb lim: 4869 exec/s: 0 rss: 45Mb L: 915/4867 MS: 4 ShuffleBytes-CMP-InsertRepeatedBytes-CrossOver- DE: "\001\000\000\000\000\000\000\027"-
#2122	REDUCE cov: 151 ft: 652 corp: 100/186Kb lim: 4869 exec/s: 0 rss: 45Mb L: 361/4867 MS: 3 ChangeByte-ChangeBit-EraseBytes-
#2135	NEW    cov: 151 ft: 654 corp: 101/189Kb lim: 4869 exec/s: 0 rss: 46Mb L: 2869/4867 MS: 3 ChangeByte-ShuffleBytes-ChangeBinInt-
#2155	REDUCE cov: 151 ft: 654 corp: 101/188Kb lim: 4869 exec/s: 0 rss: 46Mb L: 2066/4867 MS: 5 PersAutoDict-InsertByte-ChangeASCIIInt-CMP-EraseBytes- DE: "\234\206\003\323\271n\000\000"-"\001\000\000\001"-
#2178	REDUCE cov: 151 ft: 654 corp: 101/188Kb lim: 4869 exec/s: 0 rss: 46Mb L: 2450/4867 MS: 3 CMP-ChangeByte-EraseBytes- DE: "\377\377\377\377\377\377\377\377"-
#2189	REDUCE cov: 151 ft: 656 corp: 102/191Kb lim: 4869 exec/s: 0 rss: 46Mb L: 3695/4867 MS: 1 CrossOver-
#2205	REDUCE cov: 152 ft: 657 corp: 103/193Kb lim: 4869 exec/s: 0 rss: 46Mb L: 1456/4867 MS: 1 CrossOver-
#2206	REDUCE cov: 152 ft: 657 corp: 103/192Kb lim: 4869 exec/s: 0 rss: 46Mb L: 1056/4867 MS: 1 EraseBytes-
#2285	REDUCE cov: 152 ft: 657 corp: 103/192Kb lim: 4869 exec/s: 0 rss: 46Mb L: 2215/4867 MS: 4 InsertByte-CopyPart-InsertByte-EraseBytes-
#2328	REDUCE cov: 152 ft: 657 corp: 103/192Kb lim: 4869 exec/s: 0 rss: 46Mb L: 18/4867 MS: 3 ChangeByte-ChangeByte-EraseBytes-
#2336	REDUCE cov: 152 ft: 657 corp: 103/191Kb lim: 4869 exec/s: 0 rss: 46Mb L: 872/4867 MS: 3 ShuffleBytes-PersAutoDict-EraseBytes- DE: "time"-
#2351	REDUCE cov: 152 ft: 657 corp: 103/190Kb lim: 4869 exec/s: 0 rss: 46Mb L: 3088/4867 MS: 5 ChangeBinInt-ChangeBinInt-ShuffleBytes-ChangeBit-EraseBytes-
#2355	REDUCE cov: 152 ft: 658 corp: 104/191Kb lim: 4869 exec/s: 0 rss: 46Mb L: 1063/4867 MS: 4 ChangeBit-PersAutoDict-PersAutoDict-CrossOver- DE: "side"-"tid"-
#2377	REDUCE cov: 152 ft: 662 corp: 105/192Kb lim: 4869 exec/s: 0 rss: 46Mb L: 542/4867 MS: 2 CMP-CrossOver- DE: "levels"-
#2378	REDUCE cov: 152 ft: 662 corp: 105/192Kb lim: 4869 exec/s: 0 rss: 46Mb L: 14/4867 MS: 1 EraseBytes-
#2445	REDUCE cov: 152 ft: 662 corp: 105/191Kb lim: 4869 exec/s: 0 rss: 47Mb L: 2029/4867 MS: 2 ChangeASCIIInt-EraseBytes-
#2468	REDUCE cov: 152 ft: 662 corp: 105/191Kb lim: 4869 exec/s: 0 rss: 47Mb L: 2743/4867 MS: 3 InsertByte-PersAutoDict-EraseBytes- DE: "\376\377\377\270"-
#2550	REDUCE cov: 152 ft: 662 corp: 105/189Kb lim: 4869 exec/s: 0 rss: 47Mb L: 3393/4867 MS: 2 PersAutoDict-EraseBytes- DE: "sz\":"-
#2565	REDUCE cov: 152 ft: 662 corp: 105/189Kb lim: 4869 exec/s: 0 rss: 47Mb L: 4218/4218 MS: 5 CrossOver-PersAutoDict-ChangeBinInt-ChangeASCIIInt-EraseBytes- DE: "\377\377\377\272"-
#2566	REDUCE cov: 152 ft: 662 corp: 105/188Kb lim: 4869 exec/s: 0 rss: 47Mb L: 1063/4218 MS: 1 EraseBytes-
#2573	NEW    cov: 152 ft: 664 corp: 106/188Kb lim: 4869 exec/s: 0 rss: 47Mb L: 3/4218 MS: 2 ShuffleBytes-EraseBytes-
#2577	REDUCE cov: 152 ft: 664 corp: 106/187Kb lim: 4869 exec/s: 0 rss: 47Mb L: 765/4218 MS: 4 PersAutoDict-CopyPart-InsertByte-EraseBytes- DE: "[\003\000\000\000\000\000\000"-
#2586	REDUCE cov: 152 ft: 664 corp: 106/187Kb lim: 4869 exec/s: 0 rss: 47Mb L: 1451/4218 MS: 4 CMP-ChangeBit-ShuffleBytes-EraseBytes- DE: "\377\002"-
#2590	REDUCE cov: 154 ft: 666 corp: 107/188Kb lim: 4869 exec/s: 0 rss: 47Mb L: 567/4218 MS: 4 CrossOver-CopyPart-ChangeBinInt-PersAutoDict- DE: "\001\000\000\001"-
#2597	REDUCE cov: 154 ft: 666 corp: 107/187Kb lim: 4869 exec/s: 0 rss: 47Mb L: 1796/4218 MS: 2 CopyPart-EraseBytes-
#2608	REDUCE cov: 154 ft: 667 corp: 108/189Kb lim: 4869 exec/s: 0 rss: 47Mb L: 2406/4218 MS: 1 ChangeBinInt-
#2640	REDUCE cov: 154 ft: 667 corp: 108/189Kb lim: 4869 exec/s: 0 rss: 48Mb L: 56/4218 MS: 2 ChangeByte-EraseBytes-
#2652	REDUCE cov: 154 ft: 667 corp: 108/189Kb lim: 4869 exec/s: 0 rss: 48Mb L: 844/4218 MS: 2 ChangeASCIIInt-EraseBytes-
#2696	REDUCE cov: 154 ft: 668 corp: 109/189Kb lim: 4869 exec/s: 0 rss: 48Mb L: 58/4218 MS: 4 ShuffleBytes-PersAutoDict-ChangeByte-CMP- DE: "sx"-".9"-
#2699	REDUCE cov: 154 ft: 670 corp: 110/191Kb lim: 4869 exec/s: 0 rss: 48Mb L: 2230/4218 MS: 3 PersAutoDict-ChangeByte-PersAutoDict- DE: "\001\000\000\000"-"\000\000\000\000"-
#2795	REDUCE cov: 154 ft: 670 corp: 110/191Kb lim: 4869 exec/s: 0 rss: 48Mb L: 1556/4218 MS: 1 EraseBytes-
#2801	NEW    cov: 154 ft: 671 corp: 111/192Kb lim: 4869 exec/s: 0 rss: 48Mb L: 666/4218 MS: 1 CrossOver-
#2804	REDUCE cov: 154 ft: 671 corp: 111/192Kb lim: 4869 exec/s: 0 rss: 48Mb L: 17/4218 MS: 3 ChangeByte-InsertByte-EraseBytes-
#2807	REDUCE cov: 154 ft: 672 corp: 112/192Kb lim: 4869 exec/s: 0 rss: 48Mb L: 565/4218 MS: 3 InsertRepeatedBytes-CrossOver-EraseBytes-
#2818	REDUCE cov: 154 ft: 672 corp: 112/192Kb lim: 4869 exec/s: 0 rss: 48Mb L: 1535/4218 MS: 1 EraseBytes-
#2829	REDUCE cov: 154 ft: 672 corp: 112/191Kb lim: 4869 exec/s: 0 rss: 48Mb L: 1338/4218 MS: 1 EraseBytes-
#2836	REDUCE cov: 154 ft: 672 corp: 112/191Kb lim: 4869 exec/s: 0 rss: 48Mb L: 2196/4218 MS: 2 EraseBytes-CopyPart-
#2852	REDUCE cov: 154 ft: 672 corp: 112/190Kb lim: 4869 exec/s: 0 rss: 48Mb L: 1011/4218 MS: 1 EraseBytes-
#2856	REDUCE cov: 154 ft: 672 corp: 112/190Kb lim: 4869 exec/s: 0 rss: 48Mb L: 1234/4218 MS: 4 ChangeBinInt-PersAutoDict-CopyPart-EraseBytes- DE: "\001\000"-
#2857	REDUCE cov: 154 ft: 672 corp: 112/190Kb lim: 4869 exec/s: 0 rss: 48Mb L: 2540/4218 MS: 1 EraseBytes-
/home/ubuntu/latencytax/src/replay/loader.cpp:74:19: runtime error: signed integer overflow: 1879999999999999999 * 10 cannot be represented in type 'std::int64_t' (aka 'long')
SUMMARY: UndefinedBehaviorSanitizer: undefined-behavior /home/ubuntu/latencytax/src/replay/loader.cpp:74:19 
/home/ubuntu/latencytax/src/replay/loader.cpp:93:32: runtime error: signed integer overflow: -5909044490059907074 * 10 cannot be represented in type 'std::int64_t' (aka 'long')
SUMMARY: UndefinedBehaviorSanitizer: undefined-behavior /home/ubuntu/latencytax/src/replay/loader.cpp:93:32 
#2871	NEW    cov: 156 ft: 674 corp: 113/191Kb lim: 4869 exec/s: 0 rss: 48Mb L: 612/4218 MS: 4 InsertRepeatedBytes-ChangeBit-CopyPart-EraseBytes-
#2872	REDUCE cov: 156 ft: 674 corp: 113/191Kb lim: 4869 exec/s: 0 rss: 48Mb L: 43/4218 MS: 1 EraseBytes-
#2889	REDUCE cov: 157 ft: 675 corp: 114/191Kb lim: 4869 exec/s: 0 rss: 48Mb L: 563/4218 MS: 2 ShuffleBytes-CMP- DE: "\001\000\000\000\000\000\000\000"-
#2908	REDUCE cov: 157 ft: 676 corp: 115/194Kb lim: 4869 exec/s: 0 rss: 49Mb L: 2730/4218 MS: 4 ChangeByte-ChangeASCIIInt-CopyPart-ShuffleBytes-
#2962	NEW    cov: 157 ft: 678 corp: 116/196Kb lim: 4869 exec/s: 0 rss: 49Mb L: 2438/4218 MS: 4 ChangeBinInt-ChangeByte-ShuffleBytes-CopyPart-
#2977	NEW    cov: 158 ft: 679 corp: 117/197Kb lim: 4869 exec/s: 0 rss: 49Mb L: 898/4218 MS: 5 PersAutoDict-CrossOver-CrossOver-ShuffleBytes-CMP- DE: "levels"-"\011\000"-
#3008	REDUCE cov: 158 ft: 679 corp: 117/196Kb lim: 4869 exec/s: 0 rss: 49Mb L: 2749/4218 MS: 1 EraseBytes-
#3009	REDUCE cov: 158 ft: 679 corp: 117/196Kb lim: 4869 exec/s: 0 rss: 49Mb L: 802/4218 MS: 1 EraseBytes-
#3014	NEW    cov: 160 ft: 681 corp: 118/196Kb lim: 4869 exec/s: 0 rss: 49Mb L: 171/4218 MS: 5 ChangeBinInt-ShuffleBytes-EraseBytes-ChangeByte-CrossOver-
#3114	REDUCE cov: 160 ft: 681 corp: 118/196Kb lim: 4869 exec/s: 0 rss: 49Mb L: 854/4218 MS: 5 InsertRepeatedBytes-ShuffleBytes-PersAutoDict-CopyPart-EraseBytes- DE: ".9"-
#3170	REDUCE cov: 160 ft: 681 corp: 118/195Kb lim: 4869 exec/s: 0 rss: 49Mb L: 1808/4218 MS: 1 EraseBytes-
#3172	NEW    cov: 160 ft: 704 corp: 119/199Kb lim: 4869 exec/s: 0 rss: 49Mb L: 4413/4413 MS: 2 ChangeBit-CopyPart-
#3214	REDUCE cov: 160 ft: 704 corp: 119/199Kb lim: 4869 exec/s: 0 rss: 50Mb L: 479/4413 MS: 2 ChangeBit-EraseBytes-
#3217	NEW    cov: 160 ft: 705 corp: 120/203Kb lim: 4869 exec/s: 0 rss: 50Mb L: 4790/4790 MS: 3 CMP-CrossOver-CrossOver- DE: "\002\000"-
#3258	REDUCE cov: 160 ft: 705 corp: 120/203Kb lim: 4869 exec/s: 0 rss: 50Mb L: 556/4790 MS: 1 EraseBytes-
#3259	REDUCE cov: 160 ft: 705 corp: 120/202Kb lim: 4869 exec/s: 0 rss: 50Mb L: 1053/4790 MS: 1 EraseBytes-
#3276	REDUCE cov: 160 ft: 705 corp: 120/201Kb lim: 4869 exec/s: 0 rss: 50Mb L: 1023/4790 MS: 2 CrossOver-CrossOver-
#3292	REDUCE cov: 160 ft: 705 corp: 120/201Kb lim: 4869 exec/s: 0 rss: 50Mb L: 533/4790 MS: 1 EraseBytes-
#3306	REDUCE cov: 162 ft: 707 corp: 121/201Kb lim: 4869 exec/s: 0 rss: 50Mb L: 291/4790 MS: 4 PersAutoDict-ChangeASCIIInt-ChangeASCIIInt-ChangeBit- DE: "tid"-
#3313	REDUCE cov: 162 ft: 707 corp: 121/201Kb lim: 4869 exec/s: 0 rss: 50Mb L: 2756/4790 MS: 2 ChangeBit-EraseBytes-
#3434	REDUCE cov: 162 ft: 707 corp: 121/201Kb lim: 4869 exec/s: 0 rss: 50Mb L: 374/4790 MS: 1 EraseBytes-
#3437	REDUCE cov: 162 ft: 707 corp: 121/200Kb lim: 4869 exec/s: 0 rss: 50Mb L: 451/4790 MS: 3 PersAutoDict-ChangeBinInt-EraseBytes- DE: "sx"-
#3439	REDUCE cov: 162 ft: 707 corp: 121/200Kb lim: 4869 exec/s: 0 rss: 50Mb L: 2075/4790 MS: 2 ChangeBinInt-EraseBytes-
#3451	REDUCE cov: 162 ft: 707 corp: 121/200Kb lim: 4869 exec/s: 0 rss: 50Mb L: 782/4790 MS: 2 ShuffleBytes-EraseBytes-
#3480	REDUCE cov: 162 ft: 708 corp: 122/202Kb lim: 4869 exec/s: 0 rss: 50Mb L: 2522/4790 MS: 4 CrossOver-InsertByte-ChangeByte-CrossOver-
#3501	REDUCE cov: 162 ft: 708 corp: 122/202Kb lim: 4869 exec/s: 0 rss: 51Mb L: 1924/4790 MS: 1 EraseBytes-
#3522	NEW    cov: 162 ft: 709 corp: 123/203Kb lim: 4869 exec/s: 0 rss: 51Mb L: 1014/4790 MS: 1 InsertRepeatedBytes-
#3562	REDUCE cov: 162 ft: 709 corp: 123/203Kb lim: 4869 exec/s: 0 rss: 51Mb L: 578/4790 MS: 5 CrossOver-ChangeBinInt-InsertRepeatedBytes-ChangeBinInt-EraseBytes-
#3563	REDUCE cov: 162 ft: 710 corp: 124/203Kb lim: 4869 exec/s: 0 rss: 51Mb L: 800/4790 MS: 1 EraseBytes-
#3585	REDUCE cov: 162 ft: 710 corp: 124/203Kb lim: 4869 exec/s: 0 rss: 51Mb L: 530/4790 MS: 2 ChangeByte-EraseBytes-
#3626	REDUCE cov: 162 ft: 710 corp: 124/203Kb lim: 4869 exec/s: 0 rss: 51Mb L: 1174/4790 MS: 1 EraseBytes-
#3649	REDUCE cov: 162 ft: 710 corp: 124/203Kb lim: 4869 exec/s: 0 rss: 51Mb L: 1301/4790 MS: 3 ChangeByte-ChangeBinInt-EraseBytes-
#3657	REDUCE cov: 162 ft: 710 corp: 124/203Kb lim: 4869 exec/s: 0 rss: 51Mb L: 7/4790 MS: 3 PersAutoDict-PersAutoDict-EraseBytes- DE: "tid"-"rx"-
#3700	NEW    cov: 163 ft: 711 corp: 125/203Kb lim: 4869 exec/s: 0 rss: 51Mb L: 5/4790 MS: 3 ChangeBinInt-EraseBytes-InsertByte-
#3722	REDUCE cov: 163 ft: 711 corp: 125/203Kb lim: 4869 exec/s: 0 rss: 51Mb L: 10/4790 MS: 2 ChangeASCIIInt-EraseBytes-
#3732	REDUCE cov: 163 ft: 711 corp: 125/202Kb lim: 4869 exec/s: 0 rss: 51Mb L: 1738/4790 MS: 5 ChangeASCIIInt-ShuffleBytes-ChangeBit-InsertByte-EraseBytes-
#3743	REDUCE cov: 163 ft: 711 corp: 125/201Kb lim: 4869 exec/s: 0 rss: 51Mb L: 961/4790 MS: 1 EraseBytes-
#3785	NEW    cov: 164 ft: 712 corp: 126/202Kb lim: 4869 exec/s: 0 rss: 52Mb L: 430/4790 MS: 2 ChangeByte-EraseBytes-
#3849	REDUCE cov: 164 ft: 713 corp: 127/203Kb lim: 4869 exec/s: 0 rss: 52Mb L: 1171/4790 MS: 4 ChangeASCIIInt-PersAutoDict-CrossOver-EraseBytes- DE: "\234\206\003\323\271n\000\000"-
#3853	REDUCE cov: 164 ft: 713 corp: 127/203Kb lim: 4869 exec/s: 0 rss: 52Mb L: 1781/4790 MS: 4 InsertByte-InsertByte-CrossOver-EraseBytes-
#3886	REDUCE cov: 164 ft: 713 corp: 127/203Kb lim: 4869 exec/s: 0 rss: 52Mb L: 2364/4790 MS: 3 PersAutoDict-CrossOver-EraseBytes- DE: "\234\206\003\323\271n\000\000"-
#3914	REDUCE cov: 164 ft: 713 corp: 127/203Kb lim: 4869 exec/s: 0 rss: 52Mb L: 3/4790 MS: 3 ChangeASCIIInt-ChangeByte-EraseBytes-
#3923	REDUCE cov: 164 ft: 713 corp: 127/203Kb lim: 4869 exec/s: 0 rss: 52Mb L: 1/4790 MS: 4 ChangeByte-EraseBytes-ShuffleBytes-EraseBytes-
#3965	REDUCE cov: 164 ft: 714 corp: 128/205Kb lim: 4869 exec/s: 0 rss: 52Mb L: 1924/4790 MS: 2 ChangeBinInt-ChangeByte-
#3977	REDUCE cov: 164 ft: 714 corp: 128/205Kb lim: 4869 exec/s: 0 rss: 52Mb L: 44/4790 MS: 2 ChangeByte-EraseBytes-
#4073	NEW    cov: 164 ft: 717 corp: 129/208Kb lim: 4869 exec/s: 0 rss: 52Mb L: 2953/4790 MS: 1 ChangeBinInt-
#4099	REDUCE cov: 164 ft: 717 corp: 129/207Kb lim: 4869 exec/s: 0 rss: 53Mb L: 831/4790 MS: 1 EraseBytes-
#4110	NEW    cov: 165 ft: 718 corp: 130/208Kb lim: 4869 exec/s: 0 rss: 53Mb L: 380/4790 MS: 1 EraseBytes-
#4116	REDUCE cov: 165 ft: 718 corp: 130/208Kb lim: 4869 exec/s: 0 rss: 53Mb L: 198/4790 MS: 1 EraseBytes-
#4154	REDUCE cov: 165 ft: 718 corp: 130/208Kb lim: 4869 exec/s: 0 rss: 53Mb L: 805/4790 MS: 3 PersAutoDict-InsertRepeatedBytes-EraseBytes- DE: "\001\000n\251\323\011\233M"-
#4179	REDUCE cov: 165 ft: 718 corp: 130/207Kb lim: 4869 exec/s: 0 rss: 53Mb L: 731/4790 MS: 5 EraseBytes-CrossOver-InsertByte-ChangeBit-ChangeByte-
#4197	REDUCE cov: 165 ft: 718 corp: 130/207Kb lim: 4869 exec/s: 0 rss: 53Mb L: 2338/4790 MS: 3 ChangeBit-PersAutoDict-EraseBytes- DE: "tid"-
#4252	REDUCE cov: 165 ft: 718 corp: 130/206Kb lim: 4869 exec/s: 0 rss: 53Mb L: 1475/4790 MS: 5 CopyPart-ChangeBinInt-ChangeBinInt-InsertByte-EraseBytes-
#4263	REDUCE cov: 165 ft: 718 corp: 130/205Kb lim: 4869 exec/s: 0 rss: 53Mb L: 725/4790 MS: 1 EraseBytes-
#4281	REDUCE cov: 166 ft: 719 corp: 131/206Kb lim: 4869 exec/s: 0 rss: 53Mb L: 716/4790 MS: 3 ChangeByte-PersAutoDict-CrossOver- DE: "[\003\000\000\000\000\000\000"-
#4303	REDUCE cov: 166 ft: 719 corp: 131/206Kb lim: 4869 exec/s: 0 rss: 53Mb L: 967/4790 MS: 2 ChangeByte-EraseBytes-
#4335	REDUCE cov: 166 ft: 719 corp: 131/206Kb lim: 4869 exec/s: 0 rss: 53Mb L: 2247/4790 MS: 2 CMP-CrossOver- DE: "time"-
#4357	REDUCE cov: 166 ft: 719 corp: 131/206Kb lim: 4869 exec/s: 0 rss: 53Mb L: 90/4790 MS: 2 InsertByte-EraseBytes-
#4393	REDUCE cov: 166 ft: 719 corp: 131/205Kb lim: 4869 exec/s: 0 rss: 54Mb L: 324/4790 MS: 1 EraseBytes-
#4449	REDUCE cov: 166 ft: 719 corp: 131/205Kb lim: 4869 exec/s: 0 rss: 54Mb L: 1879/4790 MS: 1 EraseBytes-
#4483	REDUCE cov: 166 ft: 719 corp: 131/205Kb lim: 4869 exec/s: 0 rss: 54Mb L: 3/4790 MS: 4 ChangeByte-EraseBytes-EraseBytes-InsertByte-
#4538	REDUCE cov: 166 ft: 719 corp: 131/204Kb lim: 4869 exec/s: 0 rss: 54Mb L: 1477/4790 MS: 5 ChangeBinInt-ShuffleBytes-ChangeBinInt-ChangeBit-EraseBytes-
#4569	REDUCE cov: 166 ft: 720 corp: 132/205Kb lim: 4869 exec/s: 0 rss: 54Mb L: 242/4790 MS: 1 InsertByte-
#4572	REDUCE cov: 166 ft: 720 corp: 132/205Kb lim: 4869 exec/s: 0 rss: 54Mb L: 2/4790 MS: 3 ShuffleBytes-ChangeByte-EraseBytes-
#4622	REDUCE cov: 166 ft: 720 corp: 132/204Kb lim: 4869 exec/s: 0 rss: 54Mb L: 2216/4790 MS: 5 ChangeBit-ChangeBinInt-ShuffleBytes-InsertRepeatedBytes-EraseBytes-
#4628	REDUCE cov: 166 ft: 720 corp: 132/204Kb lim: 4869 exec/s: 0 rss: 54Mb L: 518/4790 MS: 1 EraseBytes-
#4631	REDUCE cov: 166 ft: 720 corp: 132/203Kb lim: 4869 exec/s: 0 rss: 54Mb L: 820/4790 MS: 3 PersAutoDict-CopyPart-EraseBytes- DE: "rx"-
#4642	REDUCE cov: 166 ft: 720 corp: 132/203Kb lim: 4869 exec/s: 0 rss: 54Mb L: 2178/4790 MS: 1 EraseBytes-
#4649	REDUCE cov: 166 ft: 720 corp: 132/203Kb lim: 4869 exec/s: 0 rss: 54Mb L: 750/4790 MS: 2 InsertRepeatedBytes-EraseBytes-
#4672	REDUCE cov: 166 ft: 720 corp: 132/203Kb lim: 4869 exec/s: 0 rss: 55Mb L: 462/4790 MS: 3 CopyPart-ChangeBinInt-EraseBytes-
#4685	REDUCE cov: 166 ft: 720 corp: 132/203Kb lim: 4869 exec/s: 0 rss: 55Mb L: 405/4790 MS: 3 CopyPart-InsertRepeatedBytes-EraseBytes-
#4703	REDUCE cov: 166 ft: 720 corp: 132/202Kb lim: 4869 exec/s: 0 rss: 55Mb L: 1677/4790 MS: 3 InsertByte-ShuffleBytes-EraseBytes-
#4705	REDUCE cov: 166 ft: 721 corp: 133/203Kb lim: 4869 exec/s: 0 rss: 55Mb L: 531/4790 MS: 2 ChangeASCIIInt-InsertByte-
#4756	REDUCE cov: 166 ft: 721 corp: 133/203Kb lim: 4869 exec/s: 0 rss: 55Mb L: 919/4790 MS: 1 EraseBytes-
#4776	REDUCE cov: 166 ft: 721 corp: 133/202Kb lim: 4869 exec/s: 0 rss: 55Mb L: 359/4790 MS: 5 ChangeASCIIInt-InsertRepeatedBytes-InsertRepeatedBytes-InsertByte-EraseBytes-
#4779	REDUCE cov: 166 ft: 722 corp: 134/203Kb lim: 4869 exec/s: 0 rss: 55Mb L: 652/4790 MS: 3 CrossOver-InsertRepeatedBytes-InsertByte-
#4805	REDUCE cov: 166 ft: 722 corp: 134/203Kb lim: 4869 exec/s: 0 rss: 55Mb L: 4/4790 MS: 1 EraseBytes-
#4816	REDUCE cov: 166 ft: 722 corp: 134/203Kb lim: 4869 exec/s: 0 rss: 55Mb L: 3026/4790 MS: 1 EraseBytes-
#4858	REDUCE cov: 166 ft: 722 corp: 134/202Kb lim: 4869 exec/s: 0 rss: 55Mb L: 2010/4790 MS: 2 CrossOver-EraseBytes-
#4860	REDUCE cov: 166 ft: 722 corp: 134/202Kb lim: 4869 exec/s: 0 rss: 55Mb L: 336/4790 MS: 2 PersAutoDict-EraseBytes- DE: "hash\":"-
#4894	NEW    cov: 166 ft: 723 corp: 135/203Kb lim: 4869 exec/s: 0 rss: 55Mb L: 607/4790 MS: 4 PersAutoDict-ShuffleBytes-CMP-CrossOver- DE: "\376\377\377\270"-"\000\000\000\000"-
#4901	REDUCE cov: 166 ft: 723 corp: 135/202Kb lim: 4869 exec/s: 0 rss: 55Mb L: 1543/4790 MS: 2 InsertRepeatedBytes-EraseBytes-
#4937	REDUCE cov: 166 ft: 723 corp: 135/202Kb lim: 4869 exec/s: 0 rss: 55Mb L: 569/4790 MS: 1 EraseBytes-
#5017	REDUCE cov: 166 ft: 723 corp: 135/202Kb lim: 4869 exec/s: 0 rss: 56Mb L: 268/4790 MS: 5 ChangeBinInt-ChangeASCIIInt-InsertByte-CMP-EraseBytes- DE: "side"-
#5113	REDUCE cov: 166 ft: 723 corp: 135/202Kb lim: 4869 exec/s: 0 rss: 56Mb L: 6/4790 MS: 1 EraseBytes-
#5124	REDUCE cov: 166 ft: 723 corp: 135/202Kb lim: 4869 exec/s: 0 rss: 56Mb L: 626/4790 MS: 1 EraseBytes-
#5160	REDUCE cov: 166 ft: 723 corp: 135/202Kb lim: 4869 exec/s: 0 rss: 56Mb L: 1127/4790 MS: 1 CrossOver-
#5216	REDUCE cov: 166 ft: 723 corp: 135/202Kb lim: 4869 exec/s: 0 rss: 56Mb L: 398/4790 MS: 1 EraseBytes-
#5227	REDUCE cov: 166 ft: 723 corp: 135/201Kb lim: 4869 exec/s: 0 rss: 56Mb L: 1300/4790 MS: 1 EraseBytes-
#5293	REDUCE cov: 166 ft: 723 corp: 135/201Kb lim: 4869 exec/s: 0 rss: 56Mb L: 461/4790 MS: 1 EraseBytes-
#5335	REDUCE cov: 166 ft: 725 corp: 136/201Kb lim: 4869 exec/s: 0 rss: 56Mb L: 336/4790 MS: 2 ChangeByte-ChangeBinInt-
#5403	REDUCE cov: 166 ft: 725 corp: 136/201Kb lim: 4869 exec/s: 0 rss: 57Mb L: 305/4790 MS: 3 CopyPart-CopyPart-EraseBytes-
#5417	REDUCE cov: 166 ft: 725 corp: 136/201Kb lim: 4869 exec/s: 0 rss: 57Mb L: 241/4790 MS: 4 ChangeBinInt-ShuffleBytes-ChangeBinInt-EraseBytes-
#5420	REDUCE cov: 166 ft: 725 corp: 136/201Kb lim: 4869 exec/s: 0 rss: 57Mb L: 66/4790 MS: 3 ChangeASCIIInt-CMP-EraseBytes- DE: "\001\000"-
#5432	REDUCE cov: 166 ft: 725 corp: 136/201Kb lim: 4869 exec/s: 0 rss: 57Mb L: 2181/4790 MS: 2 ChangeBit-EraseBytes-
#5498	REDUCE cov: 166 ft: 725 corp: 136/201Kb lim: 4869 exec/s: 0 rss: 57Mb L: 200/4790 MS: 1 EraseBytes-
#5559	REDUCE cov: 166 ft: 725 corp: 136/201Kb lim: 4869 exec/s: 0 rss: 57Mb L: 454/4790 MS: 1 EraseBytes-
#5633	REDUCE cov: 166 ft: 725 corp: 136/201Kb lim: 4869 exec/s: 0 rss: 57Mb L: 2284/4790 MS: 4 ChangeASCIIInt-PersAutoDict-ChangeBinInt-EraseBytes- DE: "\011\000"-
#5636	REDUCE cov: 166 ft: 725 corp: 136/200Kb lim: 4869 exec/s: 0 rss: 57Mb L: 753/4790 MS: 3 ChangeByte-ChangeBinInt-EraseBytes-
#5651	REDUCE cov: 166 ft: 725 corp: 136/200Kb lim: 4869 exec/s: 0 rss: 57Mb L: 1415/4790 MS: 5 ChangeASCIIInt-InsertRepeatedBytes-InsertRepeatedBytes-CMP-EraseBytes- DE: "px"-
#5675	REDUCE cov: 166 ft: 725 corp: 136/200Kb lim: 4869 exec/s: 0 rss: 58Mb L: 857/4790 MS: 4 CMP-ChangeByte-ShuffleBytes-EraseBytes- DE: "\000\000\000\000\000\000\000\000"-
#5688	REDUCE cov: 166 ft: 725 corp: 136/200Kb lim: 4869 exec/s: 0 rss: 58Mb L: 2606/4790 MS: 3 ShuffleBytes-ChangeBinInt-EraseBytes-
#5689	REDUCE cov: 166 ft: 725 corp: 136/199Kb lim: 4869 exec/s: 0 rss: 58Mb L: 2511/4790 MS: 1 EraseBytes-
#5747	REDUCE cov: 166 ft: 725 corp: 136/199Kb lim: 4869 exec/s: 0 rss: 58Mb L: 591/4790 MS: 3 CMP-InsertRepeatedBytes-EraseBytes- DE: "\001\000\000\000"-
#5753	REDUCE cov: 166 ft: 725 corp: 136/199Kb lim: 4869 exec/s: 0 rss: 58Mb L: 1986/4790 MS: 1 EraseBytes-
#5869	REDUCE cov: 166 ft: 725 corp: 136/198Kb lim: 4869 exec/s: 0 rss: 58Mb L: 748/4790 MS: 1 EraseBytes-
#5880	REDUCE cov: 166 ft: 725 corp: 136/198Kb lim: 4869 exec/s: 0 rss: 58Mb L: 296/4790 MS: 1 EraseBytes-
#5917	REDUCE cov: 166 ft: 725 corp: 136/198Kb lim: 4869 exec/s: 0 rss: 58Mb L: 267/4790 MS: 2 CopyPart-CrossOver-
#5928	REDUCE cov: 166 ft: 725 corp: 136/198Kb lim: 4869 exec/s: 0 rss: 58Mb L: 428/4790 MS: 1 EraseBytes-
#5952	REDUCE cov: 166 ft: 725 corp: 136/198Kb lim: 4869 exec/s: 0 rss: 58Mb L: 2767/4790 MS: 4 ChangeBinInt-ChangeBinInt-ChangeASCIIInt-CrossOver-
#5981	REDUCE cov: 166 ft: 725 corp: 136/198Kb lim: 4869 exec/s: 0 rss: 58Mb L: 2/4790 MS: 4 ShuffleBytes-CopyPart-ChangeBinInt-EraseBytes-
#5989	REDUCE cov: 166 ft: 725 corp: 136/197Kb lim: 4869 exec/s: 0 rss: 58Mb L: 504/4790 MS: 3 PersAutoDict-ChangeByte-EraseBytes- DE: "\377\377\377\377\377\377\377\377"-
#6022	REDUCE cov: 166 ft: 725 corp: 136/197Kb lim: 4869 exec/s: 0 rss: 59Mb L: 2158/4790 MS: 3 ChangeASCIIInt-ChangeASCIIInt-EraseBytes-
#6028	REDUCE cov: 166 ft: 725 corp: 136/197Kb lim: 4869 exec/s: 0 rss: 59Mb L: 1765/4790 MS: 1 EraseBytes-
#6031	REDUCE cov: 166 ft: 725 corp: 136/197Kb lim: 4869 exec/s: 0 rss: 59Mb L: 451/4790 MS: 3 ChangeBinInt-CMP-EraseBytes- DE: "6\006\011\323)n\000\000"-
#6072	REDUCE cov: 166 ft: 725 corp: 136/197Kb lim: 4869 exec/s: 0 rss: 59Mb L: 27/4790 MS: 1 EraseBytes-
#6091	REDUCE cov: 166 ft: 726 corp: 137/197Kb lim: 4869 exec/s: 0 rss: 59Mb L: 188/4790 MS: 4 InsertByte-InsertRepeatedBytes-ChangeBinInt-EraseBytes-
#6107	REDUCE cov: 166 ft: 726 corp: 137/197Kb lim: 4869 exec/s: 0 rss: 59Mb L: 490/4790 MS: 1 EraseBytes-
#6110	REDUCE cov: 166 ft: 726 corp: 137/197Kb lim: 4869 exec/s: 0 rss: 59Mb L: 1204/4790 MS: 3 ChangeBit-InsertRepeatedBytes-EraseBytes-
#6124	REDUCE cov: 166 ft: 726 corp: 137/196Kb lim: 4869 exec/s: 0 rss: 59Mb L: 3307/4790 MS: 4 ShuffleBytes-ChangeByte-ShuffleBytes-EraseBytes-
#6140	REDUCE cov: 166 ft: 726 corp: 137/195Kb lim: 4869 exec/s: 0 rss: 59Mb L: 389/4790 MS: 1 EraseBytes-
#6181	REDUCE cov: 166 ft: 726 corp: 137/195Kb lim: 4869 exec/s: 0 rss: 59Mb L: 32/4790 MS: 1 EraseBytes-
#6204	REDUCE cov: 166 ft: 726 corp: 137/195Kb lim: 4869 exec/s: 0 rss: 59Mb L: 1041/4790 MS: 3 ChangeBit-ShuffleBytes-EraseBytes-
#6260	REDUCE cov: 166 ft: 726 corp: 137/195Kb lim: 4869 exec/s: 0 rss: 59Mb L: 1091/4790 MS: 1 EraseBytes-
#6376	REDUCE cov: 166 ft: 726 corp: 137/195Kb lim: 4869 exec/s: 0 rss: 60Mb L: 1/4790 MS: 1 EraseBytes-
#6389	REDUCE cov: 166 ft: 726 corp: 137/195Kb lim: 4869 exec/s: 0 rss: 60Mb L: 214/4790 MS: 3 CMP-PersAutoDict-EraseBytes- DE: "sz"-"\262\027\011\323\251n\000\000"-
#6393	REDUCE cov: 166 ft: 726 corp: 137/195Kb lim: 4869 exec/s: 0 rss: 60Mb L: 1925/4790 MS: 4 ChangeBinInt-PersAutoDict-CrossOver-EraseBytes- DE: "hash\":"-
#6400	REDUCE cov: 166 ft: 726 corp: 137/194Kb lim: 4869 exec/s: 0 rss: 60Mb L: 2739/4790 MS: 2 ChangeASCIIInt-EraseBytes-
#6451	REDUCE cov: 166 ft: 726 corp: 137/194Kb lim: 4869 exec/s: 0 rss: 60Mb L: 1764/4790 MS: 1 EraseBytes-
#6470	NEW    cov: 166 ft: 727 corp: 138/195Kb lim: 4869 exec/s: 0 rss: 60Mb L: 735/4790 MS: 4 ChangeByte-ChangeBit-InsertRepeatedBytes-CrossOver-
#6490	REDUCE cov: 166 ft: 727 corp: 138/195Kb lim: 4869 exec/s: 0 rss: 60Mb L: 100/4790 MS: 5 ChangeASCIIInt-CrossOver-EraseBytes-ChangeByte-EraseBytes-
#6536	REDUCE cov: 166 ft: 727 corp: 138/195Kb lim: 4869 exec/s: 0 rss: 60Mb L: 997/4790 MS: 1 CrossOver-
#6547	REDUCE cov: 166 ft: 727 corp: 138/195Kb lim: 4869 exec/s: 0 rss: 60Mb L: 620/4790 MS: 1 EraseBytes-
#6557	REDUCE cov: 166 ft: 728 corp: 139/195Kb lim: 4869 exec/s: 0 rss: 60Mb L: 453/4790 MS: 5 ChangeByte-PersAutoDict-ChangeBinInt-InsertRepeatedBytes-InsertRepeatedBytes- DE: "\002\000"-
#6560	REDUCE cov: 166 ft: 728 corp: 139/195Kb lim: 4869 exec/s: 0 rss: 60Mb L: 266/4790 MS: 3 ChangeByte-ChangeASCIIInt-EraseBytes-
#6618	REDUCE cov: 166 ft: 729 corp: 140/196Kb lim: 4869 exec/s: 0 rss: 61Mb L: 920/4790 MS: 3 CMP-InsertByte-ChangeBinInt- DE: "\001\000\000\000\000\000\000\000"-
#6631	REDUCE cov: 166 ft: 729 corp: 140/196Kb lim: 4869 exec/s: 0 rss: 61Mb L: 1051/4790 MS: 3 CrossOver-ChangeBinInt-EraseBytes-
#6647	REDUCE cov: 166 ft: 729 corp: 140/195Kb lim: 4869 exec/s: 0 rss: 61Mb L: 1273/4790 MS: 1 EraseBytes-
#6651	NEW    cov: 167 ft: 736 corp: 141/196Kb lim: 4869 exec/s: 0 rss: 61Mb L: 646/4790 MS: 4 ShuffleBytes-ChangeBit-PersAutoDict-CrossOver- DE: "levels"-
#6702	REDUCE cov: 167 ft: 736 corp: 141/196Kb lim: 4869 exec/s: 0 rss: 61Mb L: 167/4790 MS: 1 EraseBytes-
#6711	REDUCE cov: 167 ft: 736 corp: 141/196Kb lim: 4869 exec/s: 0 rss: 61Mb L: 389/4790 MS: 4 CrossOver-InsertByte-EraseBytes-CopyPart-
#6722	REDUCE cov: 167 ft: 737 corp: 142/197Kb lim: 4869 exec/s: 0 rss: 61Mb L: 1600/4790 MS: 1 CrossOver-
#6728	REDUCE cov: 168 ft: 738 corp: 143/198Kb lim: 4869 exec/s: 0 rss: 61Mb L: 454/4790 MS: 1 ShuffleBytes-
#6789	REDUCE cov: 168 ft: 738 corp: 143/197Kb lim: 4869 exec/s: 0 rss: 61Mb L: 431/4790 MS: 1 EraseBytes-
#6834	REDUCE cov: 168 ft: 738 corp: 143/197Kb lim: 4869 exec/s: 0 rss: 61Mb L: 623/4790 MS: 5 ChangeBinInt-EraseBytes-EraseBytes-ChangeBinInt-PersAutoDict- DE: "rx"-
#6840	REDUCE cov: 168 ft: 738 corp: 143/197Kb lim: 4869 exec/s: 0 rss: 61Mb L: 637/4790 MS: 1 EraseBytes-
#6887	REDUCE cov: 168 ft: 738 corp: 143/196Kb lim: 4869 exec/s: 0 rss: 61Mb L: 1899/4790 MS: 2 ChangeBinInt-EraseBytes-
#6893	REDUCE cov: 168 ft: 738 corp: 143/196Kb lim: 4869 exec/s: 0 rss: 62Mb L: 1605/4790 MS: 1 EraseBytes-
#6922	REDUCE cov: 168 ft: 738 corp: 143/196Kb lim: 4869 exec/s: 0 rss: 62Mb L: 71/4790 MS: 4 PersAutoDict-ChangeBinInt-CopyPart-EraseBytes- DE: "\001\000"-
#6924	REDUCE cov: 168 ft: 738 corp: 143/195Kb lim: 4869 exec/s: 0 rss: 62Mb L: 1751/4790 MS: 2 ChangeBinInt-EraseBytes-
#6940	REDUCE cov: 168 ft: 738 corp: 143/195Kb lim: 4869 exec/s: 0 rss: 62Mb L: 224/4790 MS: 1 EraseBytes-
#6981	REDUCE cov: 168 ft: 738 corp: 143/195Kb lim: 4869 exec/s: 0 rss: 62Mb L: 380/4790 MS: 1 EraseBytes-
#7065	NEW    cov: 168 ft: 739 corp: 144/197Kb lim: 4869 exec/s: 0 rss: 62Mb L: 2280/4790 MS: 4 ChangeBit-ChangeBit-ShuffleBytes-CMP- DE: "b\371+\323\251n\000\000"-
#7118	REDUCE cov: 168 ft: 739 corp: 144/197Kb lim: 4869 exec/s: 0 rss: 62Mb L: 1844/4790 MS: 3 ChangeASCIIInt-InsertRepeatedBytes-EraseBytes-
#7289	REDUCE cov: 168 ft: 739 corp: 144/195Kb lim: 4869 exec/s: 0 rss: 62Mb L: 1604/4790 MS: 1 CrossOver-
#7311	REDUCE cov: 168 ft: 739 corp: 144/195Kb lim: 4869 exec/s: 0 rss: 63Mb L: 851/4790 MS: 2 ShuffleBytes-EraseBytes-
#7344	REDUCE cov: 168 ft: 739 corp: 144/195Kb lim: 4869 exec/s: 0 rss: 63Mb L: 925/4790 MS: 3 ChangeByte-ChangeByte-EraseBytes-
#7367	REDUCE cov: 168 ft: 739 corp: 144/194Kb lim: 4869 exec/s: 0 rss: 63Mb L: 464/4790 MS: 3 CrossOver-CrossOver-EraseBytes-
#7410	REDUCE cov: 168 ft: 739 corp: 144/194Kb lim: 4869 exec/s: 0 rss: 63Mb L: 1098/4790 MS: 3 PersAutoDict-ChangeByte-EraseBytes- DE: "b\371+\323\251n\000\000"-
#7412	REDUCE cov: 168 ft: 739 corp: 144/194Kb lim: 4869 exec/s: 0 rss: 63Mb L: 3/4790 MS: 2 CopyPart-EraseBytes-
#7458	NEW    cov: 169 ft: 740 corp: 145/196Kb lim: 4869 exec/s: 0 rss: 63Mb L: 1216/4790 MS: 1 ChangeBit-
#7470	NEW    cov: 169 ft: 741 corp: 146/196Kb lim: 4869 exec/s: 0 rss: 63Mb L: 621/4790 MS: 2 CrossOver-InsertByte-
#7533	REDUCE cov: 169 ft: 741 corp: 146/196Kb lim: 4869 exec/s: 0 rss: 63Mb L: 2447/4790 MS: 3 InsertRepeatedBytes-ChangeASCIIInt-EraseBytes-
#7608	REDUCE cov: 169 ft: 741 corp: 146/196Kb lim: 4869 exec/s: 0 rss: 63Mb L: 195/4790 MS: 5 ChangeBit-InsertRepeatedBytes-ShuffleBytes-ChangeBit-EraseBytes-
#7642	REDUCE cov: 169 ft: 741 corp: 146/195Kb lim: 4869 exec/s: 0 rss: 63Mb L: 1495/4790 MS: 4 CMP-ShuffleBytes-PersAutoDict-EraseBytes- DE: "ETvH"-"sx"-
#7725	REDUCE cov: 169 ft: 741 corp: 146/194Kb lim: 4869 exec/s: 0 rss: 64Mb L: 2212/4790 MS: 3 ChangeASCIIInt-ChangeASCIIInt-EraseBytes-
#7757	REDUCE cov: 169 ft: 741 corp: 146/194Kb lim: 4869 exec/s: 0 rss: 64Mb L: 22/4790 MS: 2 ShuffleBytes-EraseBytes-
#7778	REDUCE cov: 169 ft: 741 corp: 146/194Kb lim: 4869 exec/s: 0 rss: 64Mb L: 403/4790 MS: 1 EraseBytes-
#7790	REDUCE cov: 169 ft: 741 corp: 146/194Kb lim: 4869 exec/s: 0 rss: 64Mb L: 373/4790 MS: 2 PersAutoDict-EraseBytes- DE: "rx"-
#7796	REDUCE cov: 169 ft: 741 corp: 146/194Kb lim: 4869 exec/s: 0 rss: 64Mb L: 9/4790 MS: 1 EraseBytes-
#7827	REDUCE cov: 169 ft: 741 corp: 146/193Kb lim: 4869 exec/s: 0 rss: 64Mb L: 977/4790 MS: 1 CrossOver-
#7844	REDUCE cov: 169 ft: 741 corp: 146/193Kb lim: 4869 exec/s: 0 rss: 64Mb L: 804/4790 MS: 2 ChangeBinInt-EraseBytes-
#7859	REDUCE cov: 169 ft: 741 corp: 146/192Kb lim: 4869 exec/s: 0 rss: 64Mb L: 1944/4790 MS: 5 PersAutoDict-CrossOver-ChangeASCIIInt-ChangeBinInt-EraseBytes- DE: "levels"-
#7866	REDUCE cov: 169 ft: 741 corp: 146/192Kb lim: 4869 exec/s: 0 rss: 64Mb L: 562/4790 MS: 2 ChangeBinInt-EraseBytes-
#7882	REDUCE cov: 169 ft: 741 corp: 146/192Kb lim: 4869 exec/s: 0 rss: 64Mb L: 966/4790 MS: 1 EraseBytes-
#7921	REDUCE cov: 169 ft: 741 corp: 146/191Kb lim: 4869 exec/s: 0 rss: 64Mb L: 2056/4790 MS: 4 CMP-ShuffleBytes-InsertRepeatedBytes-EraseBytes- DE: "\001\000\000\000"-
#7934	REDUCE cov: 169 ft: 741 corp: 146/191Kb lim: 4869 exec/s: 0 rss: 64Mb L: 1723/4790 MS: 3 InsertByte-InsertByte-EraseBytes-
#7953	REDUCE cov: 169 ft: 741 corp: 146/191Kb lim: 4869 exec/s: 0 rss: 64Mb L: 69/4790 MS: 4 CopyPart-ChangeByte-ChangeByte-EraseBytes-
#8018	REDUCE cov: 169 ft: 741 corp: 146/191Kb lim: 4869 exec/s: 0 rss: 64Mb L: 1432/4790 MS: 5 InsertByte-ChangeASCIIInt-CrossOver-ChangeASCIIInt-EraseBytes-
#8024	REDUCE cov: 169 ft: 741 corp: 146/191Kb lim: 4869 exec/s: 0 rss: 64Mb L: 939/4790 MS: 1 EraseBytes-
#8031	REDUCE cov: 169 ft: 741 corp: 146/191Kb lim: 4869 exec/s: 0 rss: 64Mb L: 1392/4790 MS: 2 ChangeBit-EraseBytes-
#8033	REDUCE cov: 169 ft: 741 corp: 146/190Kb lim: 4869 exec/s: 0 rss: 65Mb L: 898/4790 MS: 2 ShuffleBytes-EraseBytes-
#8048	REDUCE cov: 169 ft: 741 corp: 146/190Kb lim: 4869 exec/s: 0 rss: 65Mb L: 867/4790 MS: 5 ChangeASCIIInt-PersAutoDict-ShuffleBytes-ChangeByte-EraseBytes- DE: "levels"-
#8081	REDUCE cov: 169 ft: 741 corp: 146/190Kb lim: 4869 exec/s: 0 rss: 65Mb L: 181/4790 MS: 3 ChangeByte-InsertByte-EraseBytes-
#8153	REDUCE cov: 169 ft: 741 corp: 146/190Kb lim: 4869 exec/s: 0 rss: 65Mb L: 1/4790 MS: 2 ShuffleBytes-EraseBytes-
#8174	REDUCE cov: 169 ft: 741 corp: 146/190Kb lim: 4869 exec/s: 0 rss: 65Mb L: 932/4790 MS: 1 EraseBytes-
#8180	REDUCE cov: 169 ft: 741 corp: 146/190Kb lim: 4869 exec/s: 0 rss: 65Mb L: 526/4790 MS: 1 EraseBytes-
#8242	REDUCE cov: 169 ft: 741 corp: 146/190Kb lim: 4869 exec/s: 0 rss: 65Mb L: 1776/4790 MS: 2 ChangeBinInt-EraseBytes-
#8266	REDUCE cov: 169 ft: 741 corp: 146/190Kb lim: 4869 exec/s: 0 rss: 65Mb L: 756/4790 MS: 4 InsertByte-PersAutoDict-InsertRepeatedBytes-EraseBytes- DE: "levels"-
#8273	REDUCE cov: 169 ft: 741 corp: 146/189Kb lim: 4869 exec/s: 0 rss: 65Mb L: 1290/4790 MS: 2 ChangeByte-EraseBytes-
#8303	REDUCE cov: 169 ft: 741 corp: 146/188Kb lim: 4869 exec/s: 0 rss: 65Mb L: 387/4790 MS: 5 InsertRepeatedBytes-ChangeASCIIInt-CMP-ChangeBinInt-EraseBytes- DE: "\316\377\377\377"-
#8323	REDUCE cov: 169 ft: 741 corp: 146/188Kb lim: 4869 exec/s: 0 rss: 65Mb L: 1386/4790 MS: 5 CMP-ChangeASCIIInt-InsertRepeatedBytes-CrossOver-EraseBytes- DE: "\001\000\000\000"-
#8349	REDUCE cov: 169 ft: 741 corp: 146/187Kb lim: 4869 exec/s: 0 rss: 65Mb L: 1526/4790 MS: 1 EraseBytes-
#8370	REDUCE cov: 169 ft: 741 corp: 146/187Kb lim: 4869 exec/s: 0 rss: 65Mb L: 88/4790 MS: 1 EraseBytes-
#8394	REDUCE cov: 169 ft: 741 corp: 146/186Kb lim: 4869 exec/s: 0 rss: 66Mb L: 2071/4790 MS: 4 ChangeASCIIInt-PersAutoDict-ChangeByte-EraseBytes- DE: "sz\":"-
#8441	REDUCE cov: 169 ft: 741 corp: 146/186Kb lim: 4869 exec/s: 0 rss: 66Mb L: 639/4790 MS: 2 ChangeASCIIInt-EraseBytes-
#8444	REDUCE cov: 169 ft: 741 corp: 146/186Kb lim: 4869 exec/s: 0 rss: 66Mb L: 401/4790 MS: 3 CMP-InsertByte-EraseBytes- DE: "\373\377\377\377"-
#8574	REDUCE cov: 169 ft: 741 corp: 146/186Kb lim: 4869 exec/s: 0 rss: 66Mb L: 497/4790 MS: 5 InsertByte-ChangeBinInt-CopyPart-InsertRepeatedBytes-EraseBytes-
#8600	REDUCE cov: 169 ft: 741 corp: 146/186Kb lim: 4869 exec/s: 0 rss: 66Mb L: 308/4790 MS: 1 EraseBytes-
#8690	REDUCE cov: 169 ft: 741 corp: 146/186Kb lim: 4869 exec/s: 0 rss: 66Mb L: 853/4790 MS: 5 ChangeASCIIInt-PersAutoDict-InsertRepeatedBytes-ChangeByte-EraseBytes- DE: "\377\377\377\377\377\377\377\377"-
#8752	REDUCE cov: 169 ft: 741 corp: 146/186Kb lim: 4869 exec/s: 0 rss: 66Mb L: 528/4790 MS: 2 CMP-EraseBytes- DE: "\306\377\377\377"-
#8846	REDUCE cov: 169 ft: 741 corp: 146/185Kb lim: 4869 exec/s: 0 rss: 67Mb L: 887/4790 MS: 4 ChangeByte-CopyPart-ChangeASCIIInt-EraseBytes-
#8847	REDUCE cov: 169 ft: 741 corp: 146/185Kb lim: 4869 exec/s: 0 rss: 67Mb L: 179/4790 MS: 1 EraseBytes-
#8858	REDUCE cov: 169 ft: 741 corp: 146/185Kb lim: 4869 exec/s: 0 rss: 67Mb L: 923/4790 MS: 1 EraseBytes-
#8874	REDUCE cov: 169 ft: 741 corp: 146/185Kb lim: 4869 exec/s: 0 rss: 67Mb L: 642/4790 MS: 1 EraseBytes-
#8887	REDUCE cov: 169 ft: 741 corp: 146/185Kb lim: 4869 exec/s: 0 rss: 67Mb L: 2219/4790 MS: 3 ChangeBinInt-CrossOver-EraseBytes-
#8899	REDUCE cov: 169 ft: 741 corp: 146/185Kb lim: 4869 exec/s: 0 rss: 67Mb L: 256/4790 MS: 2 ChangeBit-EraseBytes-
#8919	REDUCE cov: 169 ft: 741 corp: 146/184Kb lim: 4869 exec/s: 0 rss: 67Mb L: 2803/4790 MS: 5 CopyPart-InsertByte-PersAutoDict-ChangeASCIIInt-EraseBytes- DE: "b\371+\323\251n\000\000"-
#8930	REDUCE cov: 169 ft: 741 corp: 146/184Kb lim: 4869 exec/s: 0 rss: 67Mb L: 1724/4790 MS: 1 EraseBytes-
#8940	REDUCE cov: 169 ft: 741 corp: 146/184Kb lim: 4869 exec/s: 0 rss: 67Mb L: 1454/4790 MS: 5 InsertRepeatedBytes-ShuffleBytes-PersAutoDict-ShuffleBytes-EraseBytes- DE: "sx"-
#9000	REDUCE cov: 169 ft: 741 corp: 146/183Kb lim: 4869 exec/s: 0 rss: 67Mb L: 1480/4790 MS: 5 PersAutoDict-InsertByte-ChangeASCIIInt-EraseBytes-EraseBytes- DE: "\377\377\377\377\377\377\377\377"-
#9020	REDUCE cov: 169 ft: 741 corp: 146/183Kb lim: 4869 exec/s: 0 rss: 67Mb L: 804/4790 MS: 5 ChangeBinInt-InsertRepeatedBytes-ChangeBit-ChangeByte-EraseBytes-
#9021	REDUCE cov: 169 ft: 741 corp: 146/182Kb lim: 4869 exec/s: 0 rss: 67Mb L: 1191/4790 MS: 1 EraseBytes-
#9068	REDUCE cov: 169 ft: 741 corp: 146/182Kb lim: 4869 exec/s: 0 rss: 67Mb L: 1486/4790 MS: 2 ChangeBinInt-EraseBytes-
#9075	REDUCE cov: 169 ft: 741 corp: 146/182Kb lim: 4869 exec/s: 0 rss: 67Mb L: 173/4790 MS: 2 ChangeBinInt-EraseBytes-
#9127	REDUCE cov: 169 ft: 741 corp: 146/181Kb lim: 4869 exec/s: 0 rss: 68Mb L: 2267/4790 MS: 2 InsertByte-EraseBytes-
#9156	REDUCE cov: 169 ft: 741 corp: 146/181Kb lim: 4869 exec/s: 0 rss: 68Mb L: 1658/4790 MS: 4 InsertRepeatedBytes-ShuffleBytes-ChangeASCIIInt-CrossOver-
#9157	REDUCE cov: 169 ft: 741 corp: 146/181Kb lim: 4869 exec/s: 0 rss: 68Mb L: 904/4790 MS: 1 EraseBytes-
#9160	REDUCE cov: 169 ft: 741 corp: 146/180Kb lim: 4869 exec/s: 0 rss: 68Mb L: 1247/4790 MS: 3 InsertRepeatedBytes-CopyPart-EraseBytes-
#9257	REDUCE cov: 169 ft: 741 corp: 146/179Kb lim: 4869 exec/s: 0 rss: 68Mb L: 1664/4790 MS: 2 ChangeASCIIInt-EraseBytes-
#9279	REDUCE cov: 169 ft: 741 corp: 146/179Kb lim: 4869 exec/s: 0 rss: 68Mb L: 507/4790 MS: 2 InsertRepeatedBytes-EraseBytes-
#9312	REDUCE cov: 169 ft: 742 corp: 147/180Kb lim: 4869 exec/s: 0 rss: 68Mb L: 899/4790 MS: 3 CMP-ChangeBinInt-CrossOver- DE: "\001\000\000\000"-
#9318	REDUCE cov: 169 ft: 742 corp: 147/180Kb lim: 4869 exec/s: 0 rss: 68Mb L: 258/4790 MS: 1 EraseBytes-
#9374	REDUCE cov: 169 ft: 742 corp: 147/180Kb lim: 4869 exec/s: 0 rss: 68Mb L: 1104/4790 MS: 1 EraseBytes-
#9390	REDUCE cov: 169 ft: 742 corp: 147/179Kb lim: 4869 exec/s: 0 rss: 68Mb L: 2249/4790 MS: 1 EraseBytes-
#9417	REDUCE cov: 169 ft: 742 corp: 147/179Kb lim: 4869 exec/s: 0 rss: 68Mb L: 723/4790 MS: 2 PersAutoDict-EraseBytes- DE: "\001\000\000\001"-
#9446	REDUCE cov: 169 ft: 742 corp: 147/179Kb lim: 4869 exec/s: 0 rss: 69Mb L: 338/4790 MS: 4 CopyPart-ShuffleBytes-CrossOver-EraseBytes-
#9490	REDUCE cov: 169 ft: 744 corp: 148/180Kb lim: 4869 exec/s: 0 rss: 69Mb L: 531/4790 MS: 4 ShuffleBytes-CrossOver-ChangeByte-InsertByte-
#9537	REDUCE cov: 169 ft: 744 corp: 148/179Kb lim: 4869 exec/s: 0 rss: 69Mb L: 466/4790 MS: 2 CopyPart-EraseBytes-
#9538	REDUCE cov: 169 ft: 744 corp: 148/179Kb lim: 4869 exec/s: 0 rss: 69Mb L: 283/4790 MS: 1 EraseBytes-
#9555	REDUCE cov: 169 ft: 744 corp: 148/179Kb lim: 4869 exec/s: 0 rss: 69Mb L: 285/4790 MS: 2 ChangeBit-EraseBytes-
#9576	REDUCE cov: 169 ft: 744 corp: 148/179Kb lim: 4869 exec/s: 0 rss: 69Mb L: 2573/4790 MS: 1 EraseBytes-
#9584	REDUCE cov: 169 ft: 744 corp: 148/179Kb lim: 4869 exec/s: 0 rss: 69Mb L: 2083/4790 MS: 3 ChangeByte-ChangeByte-EraseBytes-
#9608	REDUCE cov: 169 ft: 744 corp: 148/179Kb lim: 4869 exec/s: 0 rss: 69Mb L: 319/4790 MS: 4 InsertByte-ChangeBit-InsertRepeatedBytes-EraseBytes-
#9734	REDUCE cov: 169 ft: 744 corp: 148/179Kb lim: 4869 exec/s: 0 rss: 69Mb L: 1201/4790 MS: 1 EraseBytes-
#9746	REDUCE cov: 169 ft: 744 corp: 148/179Kb lim: 4869 exec/s: 0 rss: 69Mb L: 104/4790 MS: 2 CMP-EraseBytes- DE: "px\":\"z"-
#9812	REDUCE cov: 169 ft: 744 corp: 148/179Kb lim: 4869 exec/s: 0 rss: 69Mb L: 306/4790 MS: 1 EraseBytes-
#9828	REDUCE cov: 169 ft: 744 corp: 148/179Kb lim: 4869 exec/s: 0 rss: 70Mb L: 10/4790 MS: 1 EraseBytes-
#9838	REDUCE cov: 169 ft: 744 corp: 148/179Kb lim: 4869 exec/s: 0 rss: 70Mb L: 3555/4790 MS: 5 ChangeASCIIInt-ChangeBit-ShuffleBytes-InsertRepeatedBytes-EraseBytes-
#9869	REDUCE cov: 169 ft: 744 corp: 148/178Kb lim: 4869 exec/s: 0 rss: 70Mb L: 226/4790 MS: 1 EraseBytes-
#9886	REDUCE cov: 169 ft: 744 corp: 148/178Kb lim: 4869 exec/s: 0 rss: 70Mb L: 140/4790 MS: 2 ShuffleBytes-EraseBytes-
#9897	REDUCE cov: 169 ft: 744 corp: 148/178Kb lim: 4869 exec/s: 0 rss: 70Mb L: 1366/4790 MS: 1 EraseBytes-
#9923	REDUCE cov: 169 ft: 744 corp: 148/178Kb lim: 4869 exec/s: 0 rss: 70Mb L: 246/4790 MS: 1 EraseBytes-
#9966	REDUCE cov: 169 ft: 744 corp: 148/176Kb lim: 4869 exec/s: 0 rss: 70Mb L: 997/4790 MS: 3 ChangeBinInt-PersAutoDict-CrossOver- DE: "b\371+\323\251n\000\000"-
#10164	REDUCE cov: 169 ft: 744 corp: 148/176Kb lim: 4869 exec/s: 0 rss: 70Mb L: 321/4790 MS: 3 CrossOver-CopyPart-EraseBytes-
#10244	REDUCE cov: 169 ft: 744 corp: 148/176Kb lim: 4869 exec/s: 0 rss: 70Mb L: 63/4790 MS: 5 ChangeByte-CrossOver-ShuffleBytes-InsertByte-EraseBytes-
#10253	REDUCE cov: 169 ft: 744 corp: 148/176Kb lim: 4869 exec/s: 0 rss: 70Mb L: 1037/4790 MS: 4 PersAutoDict-ChangeBit-CopyPart-EraseBytes- DE: "\306\377\377\377"-
#10349	REDUCE cov: 169 ft: 744 corp: 148/176Kb lim: 4869 exec/s: 0 rss: 71Mb L: 1534/4790 MS: 1 EraseBytes-
#10362	REDUCE cov: 169 ft: 744 corp: 148/175Kb lim: 4869 exec/s: 0 rss: 71Mb L: 692/4790 MS: 3 EraseBytes-InsertRepeatedBytes-CrossOver-
#10465	REDUCE cov: 169 ft: 744 corp: 148/175Kb lim: 4869 exec/s: 0 rss: 71Mb L: 789/4790 MS: 3 PersAutoDict-PersAutoDict-EraseBytes- DE: "\377\377\377\272"-"\001\000"-
#10471	REDUCE cov: 169 ft: 744 corp: 148/175Kb lim: 4869 exec/s: 0 rss: 71Mb L: 237/4790 MS: 1 EraseBytes-
#10513	REDUCE cov: 169 ft: 744 corp: 148/175Kb lim: 4869 exec/s: 0 rss: 71Mb L: 421/4790 MS: 2 ShuffleBytes-EraseBytes-
#10568	REDUCE cov: 169 ft: 744 corp: 148/174Kb lim: 4869 exec/s: 0 rss: 71Mb L: 1985/4790 MS: 5 ChangeBinInt-PersAutoDict-ShuffleBytes-InsertRepeatedBytes-EraseBytes- DE: "6\006\011\323)n\000\000"-
#10692	REDUCE cov: 169 ft: 744 corp: 148/174Kb lim: 4869 exec/s: 0 rss: 71Mb L: 4599/4599 MS: 4 ChangeBit-InsertByte-PersAutoDict-EraseBytes- DE: "\306\377\377\377"-
#10704	REDUCE cov: 169 ft: 744 corp: 148/174Kb lim: 4869 exec/s: 0 rss: 71Mb L: 837/4599 MS: 2 ChangeBit-EraseBytes-
#10715	REDUCE cov: 169 ft: 744 corp: 148/174Kb lim: 4869 exec/s: 0 rss: 72Mb L: 345/4599 MS: 1 EraseBytes-
#10796	REDUCE cov: 169 ft: 744 corp: 148/174Kb lim: 4869 exec/s: 0 rss: 72Mb L: 283/4599 MS: 1 EraseBytes-
#10807	REDUCE cov: 169 ft: 744 corp: 148/174Kb lim: 4869 exec/s: 0 rss: 72Mb L: 1254/4599 MS: 1 EraseBytes-
#10878	REDUCE cov: 169 ft: 744 corp: 148/173Kb lim: 4869 exec/s: 0 rss: 72Mb L: 1622/4599 MS: 1 EraseBytes-
#10893	REDUCE cov: 169 ft: 744 corp: 148/173Kb lim: 4869 exec/s: 0 rss: 72Mb L: 319/4599 MS: 5 PersAutoDict-ChangeByte-CMP-InsertByte-EraseBytes- DE: "\001\000"-"\377\377\377\377\377\377\000C"-
#10894	REDUCE cov: 169 ft: 744 corp: 148/173Kb lim: 4869 exec/s: 0 rss: 72Mb L: 136/4599 MS: 1 EraseBytes-
#10960	REDUCE cov: 169 ft: 744 corp: 148/173Kb lim: 4869 exec/s: 0 rss: 72Mb L: 190/4599 MS: 1 EraseBytes-
#11024	REDUCE cov: 169 ft: 744 corp: 148/173Kb lim: 4869 exec/s: 0 rss: 72Mb L: 658/4599 MS: 4 ChangeByte-InsertByte-ShuffleBytes-EraseBytes-
#11058	REDUCE cov: 169 ft: 744 corp: 148/173Kb lim: 4869 exec/s: 0 rss: 72Mb L: 395/4599 MS: 4 ChangeBinInt-ChangeBinInt-ChangeBit-EraseBytes-
#11153	REDUCE cov: 169 ft: 744 corp: 148/172Kb lim: 4869 exec/s: 0 rss: 72Mb L: 1147/4599 MS: 5 CrossOver-ShuffleBytes-ChangeBit-ShuffleBytes-EraseBytes-
#11189	REDUCE cov: 169 ft: 744 corp: 148/172Kb lim: 4869 exec/s: 0 rss: 73Mb L: 284/4599 MS: 1 EraseBytes-
#11242	REDUCE cov: 169 ft: 744 corp: 148/172Kb lim: 4869 exec/s: 0 rss: 73Mb L: 69/4599 MS: 3 PersAutoDict-ChangeBinInt-EraseBytes- DE: "\000\000\000\000\000\000\000\000"-
#11301	REDUCE cov: 169 ft: 745 corp: 149/173Kb lim: 4869 exec/s: 0 rss: 73Mb L: 1196/4599 MS: 4 CMP-CrossOver-PersAutoDict-InsertByte- DE: "\365\351;\323\271n\000\000"-"\001\000\000\001"-
#11378	REDUCE cov: 169 ft: 745 corp: 149/173Kb lim: 4869 exec/s: 0 rss: 73Mb L: 271/4599 MS: 2 CMP-EraseBytes- DE: "\377\377\377\377\377\377\377\005"-
#11386	REDUCE cov: 169 ft: 745 corp: 149/173Kb lim: 4869 exec/s: 0 rss: 73Mb L: 694/4599 MS: 3 InsertByte-ChangeByte-EraseBytes-
#11438	REDUCE cov: 169 ft: 745 corp: 149/173Kb lim: 4869 exec/s: 0 rss: 73Mb L: 639/4599 MS: 2 InsertByte-EraseBytes-
#11493	REDUCE cov: 169 ft: 745 corp: 149/173Kb lim: 4869 exec/s: 0 rss: 73Mb L: 560/4599 MS: 5 ShuffleBytes-CopyPart-CopyPart-CopyPart-EraseBytes-
#11570	REDUCE cov: 169 ft: 745 corp: 149/173Kb lim: 4869 exec/s: 0 rss: 74Mb L: 1231/4599 MS: 2 ChangeByte-EraseBytes-
#11576	REDUCE cov: 169 ft: 745 corp: 149/172Kb lim: 4869 exec/s: 0 rss: 74Mb L: 50/4599 MS: 1 EraseBytes-
#11643	REDUCE cov: 169 ft: 745 corp: 149/172Kb lim: 4869 exec/s: 0 rss: 74Mb L: 262/4599 MS: 2 ChangeASCIIInt-EraseBytes-
#11645	REDUCE cov: 169 ft: 745 corp: 149/172Kb lim: 4869 exec/s: 0 rss: 74Mb L: 333/4599 MS: 2 PersAutoDict-EraseBytes- DE: "\001\000\000\001"-
#11718	REDUCE cov: 169 ft: 745 corp: 149/172Kb lim: 4869 exec/s: 0 rss: 74Mb L: 726/4599 MS: 3 CopyPart-ChangeBit-EraseBytes-
#11730	REDUCE cov: 169 ft: 745 corp: 149/172Kb lim: 4869 exec/s: 0 rss: 74Mb L: 210/4599 MS: 2 ChangeASCIIInt-EraseBytes-
#11888	REDUCE cov: 169 ft: 745 corp: 149/172Kb lim: 4869 exec/s: 0 rss: 74Mb L: 234/4599 MS: 3 CopyPart-PersAutoDict-EraseBytes- DE: "\376\377\377\270"-
#11914	REDUCE cov: 169 ft: 745 corp: 149/172Kb lim: 4869 exec/s: 0 rss: 74Mb L: 131/4599 MS: 1 EraseBytes-
#11930	REDUCE cov: 169 ft: 745 corp: 149/172Kb lim: 4869 exec/s: 0 rss: 74Mb L: 1590/4599 MS: 1 EraseBytes-
#11972	REDUCE cov: 169 ft: 746 corp: 150/172Kb lim: 4869 exec/s: 0 rss: 74Mb L: 80/4599 MS: 2 ChangeASCIIInt-InsertRepeatedBytes-
#12023	REDUCE cov: 169 ft: 746 corp: 150/172Kb lim: 4869 exec/s: 0 rss: 74Mb L: 207/4599 MS: 1 EraseBytes-
#12119	REDUCE cov: 169 ft: 746 corp: 150/172Kb lim: 4869 exec/s: 0 rss: 74Mb L: 602/4599 MS: 1 EraseBytes-
#12121	REDUCE cov: 169 ft: 746 corp: 150/171Kb lim: 4869 exec/s: 0 rss: 74Mb L: 1091/4599 MS: 2 ChangeASCIIInt-EraseBytes-
#12142	REDUCE cov: 169 ft: 746 corp: 150/171Kb lim: 4869 exec/s: 0 rss: 75Mb L: 77/4599 MS: 1 EraseBytes-
#12150	REDUCE cov: 169 ft: 746 corp: 150/171Kb lim: 4869 exec/s: 0 rss: 75Mb L: 347/4599 MS: 3 ChangeByte-InsertRepeatedBytes-EraseBytes-
#12167	REDUCE cov: 169 ft: 746 corp: 150/171Kb lim: 4869 exec/s: 0 rss: 75Mb L: 460/4599 MS: 2 CMP-EraseBytes- DE: "tid"-
#12254	REDUCE cov: 169 ft: 746 corp: 150/171Kb lim: 4869 exec/s: 0 rss: 75Mb L: 378/4599 MS: 2 InsertRepeatedBytes-EraseBytes-
#12280	REDUCE cov: 169 ft: 746 corp: 150/171Kb lim: 4869 exec/s: 0 rss: 75Mb L: 192/4599 MS: 1 EraseBytes-
#12287	REDUCE cov: 169 ft: 746 corp: 150/171Kb lim: 4869 exec/s: 0 rss: 75Mb L: 61/4599 MS: 2 ChangeASCIIInt-EraseBytes-
#12288	REDUCE cov: 169 ft: 747 corp: 151/171Kb lim: 4869 exec/s: 0 rss: 75Mb L: 39/4599 MS: 1 EraseBytes-
#12378	REDUCE cov: 169 ft: 749 corp: 152/171Kb lim: 4869 exec/s: 0 rss: 75Mb L: 851/4599 MS: 5 CopyPart-ChangeASCIIInt-ShuffleBytes-ChangeBinInt-PersAutoDict- DE: ".9"-
#12394	REDUCE cov: 169 ft: 749 corp: 152/171Kb lim: 4869 exec/s: 0 rss: 75Mb L: 2232/4599 MS: 1 EraseBytes-
#12431	REDUCE cov: 169 ft: 749 corp: 152/171Kb lim: 4869 exec/s: 0 rss: 75Mb L: 617/4599 MS: 2 ChangeByte-EraseBytes-
#12464	REDUCE cov: 169 ft: 750 corp: 153/175Kb lim: 4869 exec/s: 0 rss: 75Mb L: 3453/4599 MS: 3 InsertByte-CrossOver-PersAutoDict- DE: "\001\000n\251\323\011\233M"-
#12486	REDUCE cov: 169 ft: 750 corp: 153/175Kb lim: 4869 exec/s: 0 rss: 75Mb L: 143/4599 MS: 2 ChangeByte-EraseBytes-
#12521	REDUCE cov: 169 ft: 750 corp: 153/175Kb lim: 4869 exec/s: 0 rss: 75Mb L: 1190/4599 MS: 5 InsertByte-ChangeASCIIInt-CrossOver-EraseBytes-EraseBytes-
#12532	REDUCE cov: 169 ft: 750 corp: 153/175Kb lim: 4869 exec/s: 0 rss: 75Mb L: 642/4599 MS: 1 EraseBytes-
#12536	REDUCE cov: 169 ft: 750 corp: 153/175Kb lim: 4869 exec/s: 0 rss: 76Mb L: 1126/4599 MS: 4 ShuffleBytes-InsertByte-CopyPart-EraseBytes-
#12553	REDUCE cov: 169 ft: 750 corp: 153/174Kb lim: 4869 exec/s: 0 rss: 76Mb L: 2521/4599 MS: 2 InsertByte-EraseBytes-
#12600	REDUCE cov: 169 ft: 750 corp: 153/174Kb lim: 4869 exec/s: 0 rss: 76Mb L: 38/4599 MS: 2 PersAutoDict-EraseBytes- DE: "\000\000\000\000"-
#12626	REDUCE cov: 169 ft: 750 corp: 153/174Kb lim: 4869 exec/s: 0 rss: 76Mb L: 1145/4599 MS: 1 EraseBytes-
#12638	REDUCE cov: 169 ft: 750 corp: 153/174Kb lim: 4869 exec/s: 0 rss: 76Mb L: 632/4599 MS: 2 ChangeASCIIInt-EraseBytes-
#12665	REDUCE cov: 169 ft: 750 corp: 153/174Kb lim: 4869 exec/s: 0 rss: 76Mb L: 913/4599 MS: 2 ShuffleBytes-EraseBytes-
#12666	REDUCE cov: 169 ft: 750 corp: 153/174Kb lim: 4869 exec/s: 0 rss: 76Mb L: 542/4599 MS: 1 EraseBytes-
#12725	REDUCE cov: 169 ft: 750 corp: 153/173Kb lim: 4869 exec/s: 0 rss: 76Mb L: 3792/4599 MS: 4 CMP-CopyPart-ChangeASCIIInt-EraseBytes- DE: "D*>\323\271n\000\000"-
#12749	REDUCE cov: 169 ft: 750 corp: 153/173Kb lim: 4869 exec/s: 0 rss: 76Mb L: 105/4599 MS: 4 InsertRepeatedBytes-CopyPart-ChangeBit-CrossOver-
#12767	REDUCE cov: 169 ft: 750 corp: 153/173Kb lim: 4869 exec/s: 0 rss: 76Mb L: 551/4599 MS: 3 ChangeBinInt-PersAutoDict-EraseBytes- DE: "\316\377\377\377"-
#12883	REDUCE cov: 169 ft: 750 corp: 153/173Kb lim: 4869 exec/s: 0 rss: 76Mb L: 57/4599 MS: 1 EraseBytes-
#12999	REDUCE cov: 169 ft: 750 corp: 153/173Kb lim: 4869 exec/s: 0 rss: 77Mb L: 749/4599 MS: 1 EraseBytes-
#13005	REDUCE cov: 169 ft: 750 corp: 153/173Kb lim: 4869 exec/s: 0 rss: 77Mb L: 136/4599 MS: 1 EraseBytes-
#13006	REDUCE cov: 169 ft: 750 corp: 153/172Kb lim: 4869 exec/s: 0 rss: 77Mb L: 1201/4599 MS: 1 EraseBytes-
#13028	REDUCE cov: 169 ft: 750 corp: 153/172Kb lim: 4869 exec/s: 0 rss: 77Mb L: 1714/4599 MS: 2 InsertByte-EraseBytes-
#13040	REDUCE cov: 169 ft: 750 corp: 153/172Kb lim: 4869 exec/s: 0 rss: 77Mb L: 1020/4599 MS: 2 ChangeByte-EraseBytes-
#13112	REDUCE cov: 169 ft: 750 corp: 153/171Kb lim: 4869 exec/s: 0 rss: 77Mb L: 976/4599 MS: 2 ChangeBinInt-EraseBytes-
#13127	REDUCE cov: 169 ft: 750 corp: 153/171Kb lim: 4869 exec/s: 0 rss: 77Mb L: 1486/4599 MS: 5 ChangeBinInt-ChangeASCIIInt-ChangeBinInt-InsertByte-EraseBytes-
#13231	REDUCE cov: 169 ft: 750 corp: 153/171Kb lim: 4869 exec/s: 13231 rss: 77Mb L: 432/4599 MS: 4 ChangeASCIIInt-PersAutoDict-ChangeASCIIInt-EraseBytes- DE: "sx"-
#13261	REDUCE cov: 169 ft: 750 corp: 153/171Kb lim: 4869 exec/s: 13261 rss: 80Mb L: 327/4599 MS: 2 CrossOver-EraseBytes-
#13293	REDUCE cov: 169 ft: 750 corp: 153/171Kb lim: 4869 exec/s: 13293 rss: 80Mb L: 341/4599 MS: 2 InsertRepeatedBytes-EraseBytes-
#13329	REDUCE cov: 169 ft: 750 corp: 153/171Kb lim: 4869 exec/s: 13329 rss: 80Mb L: 41/4599 MS: 1 EraseBytes-
#13331	REDUCE cov: 169 ft: 750 corp: 153/171Kb lim: 4869 exec/s: 13331 rss: 80Mb L: 298/4599 MS: 2 PersAutoDict-EraseBytes- DE: "\373\377\377\377"-
#13408	REDUCE cov: 169 ft: 750 corp: 153/170Kb lim: 4869 exec/s: 13408 rss: 80Mb L: 615/4599 MS: 2 PersAutoDict-EraseBytes- DE: "sz"-
#13470	REDUCE cov: 169 ft: 750 corp: 153/170Kb lim: 4869 exec/s: 13470 rss: 81Mb L: 770/4599 MS: 2 ChangeBit-EraseBytes-
#13502	REDUCE cov: 169 ft: 750 corp: 153/170Kb lim: 4869 exec/s: 13502 rss: 81Mb L: 706/4599 MS: 2 PersAutoDict-EraseBytes- DE: "levels"-
#13562	REDUCE cov: 169 ft: 750 corp: 153/170Kb lim: 4869 exec/s: 13562 rss: 81Mb L: 900/4599 MS: 5 InsertByte-ChangeASCIIInt-ChangeBinInt-ChangeBit-EraseBytes-
#13639	REDUCE cov: 169 ft: 750 corp: 153/170Kb lim: 4869 exec/s: 13639 rss: 81Mb L: 368/4599 MS: 2 PersAutoDict-EraseBytes- DE: "\262\027\011\323\251n\000\000"-
#13645	REDUCE cov: 169 ft: 750 corp: 153/170Kb lim: 4869 exec/s: 13645 rss: 81Mb L: 55/4599 MS: 1 EraseBytes-
#13672	REDUCE cov: 169 ft: 750 corp: 153/170Kb lim: 4869 exec/s: 13672 rss: 81Mb L: 221/4599 MS: 2 ChangeBit-EraseBytes-
#13747	REDUCE cov: 169 ft: 750 corp: 153/170Kb lim: 4869 exec/s: 13747 rss: 81Mb L: 662/4599 MS: 5 CMP-ChangeByte-CrossOver-ChangeASCIIInt-EraseBytes- DE: "\377\377\377\305"-
#13794	REDUCE cov: 169 ft: 750 corp: 153/170Kb lim: 4869 exec/s: 13794 rss: 81Mb L: 350/4599 MS: 2 PersAutoDict-EraseBytes- DE: "\011\000"-
#13832	REDUCE cov: 169 ft: 750 corp: 153/170Kb lim: 4869 exec/s: 13832 rss: 81Mb L: 46/4599 MS: 3 CMP-ChangeBinInt-EraseBytes- DE: "\324\013\006\323\371n\000\000"-
#13853	REDUCE cov: 170 ft: 751 corp: 154/170Kb lim: 4869 exec/s: 13853 rss: 81Mb L: 1/4599 MS: 1 ChangeByte-
#13869	REDUCE cov: 170 ft: 751 corp: 154/170Kb lim: 4869 exec/s: 13869 rss: 82Mb L: 774/4599 MS: 1 EraseBytes-
#13892	REDUCE cov: 170 ft: 751 corp: 154/170Kb lim: 4869 exec/s: 13892 rss: 82Mb L: 1063/4599 MS: 3 ShuffleBytes-PersAutoDict-EraseBytes- DE: "\262\027\011\323\251n\000\000"-
#13898	REDUCE cov: 170 ft: 751 corp: 154/170Kb lim: 4869 exec/s: 13898 rss: 82Mb L: 578/4599 MS: 1 EraseBytes-
#13954	REDUCE cov: 170 ft: 751 corp: 154/169Kb lim: 4869 exec/s: 13954 rss: 82Mb L: 273/4599 MS: 1 EraseBytes-
#13988	REDUCE cov: 170 ft: 751 corp: 154/169Kb lim: 4869 exec/s: 13988 rss: 82Mb L: 1381/4599 MS: 4 ShuffleBytes-CrossOver-ChangeASCIIInt-EraseBytes-
#14044	REDUCE cov: 170 ft: 751 corp: 154/169Kb lim: 4869 exec/s: 14044 rss: 82Mb L: 99/4599 MS: 1 EraseBytes-
#14107	REDUCE cov: 170 ft: 751 corp: 154/169Kb lim: 4869 exec/s: 14107 rss: 82Mb L: 475/4599 MS: 3 ShuffleBytes-PersAutoDict-EraseBytes- DE: "px"-
#14113	REDUCE cov: 170 ft: 751 corp: 154/169Kb lim: 4869 exec/s: 14113 rss: 82Mb L: 684/4599 MS: 1 EraseBytes-
#14130	REDUCE cov: 170 ft: 751 corp: 154/169Kb lim: 4869 exec/s: 14130 rss: 82Mb L: 642/4599 MS: 2 ChangeASCIIInt-EraseBytes-
#14133	REDUCE cov: 170 ft: 751 corp: 154/168Kb lim: 4869 exec/s: 14133 rss: 82Mb L: 320/4599 MS: 3 CMP-ChangeASCIIInt-EraseBytes- DE: "3c2c\","-
#14191	REDUCE cov: 170 ft: 751 corp: 154/168Kb lim: 4869 exec/s: 14191 rss: 82Mb L: 1048/4599 MS: 3 ShuffleBytes-ShuffleBytes-EraseBytes-
#14193	REDUCE cov: 170 ft: 751 corp: 154/168Kb lim: 4869 exec/s: 14193 rss: 82Mb L: 1762/4599 MS: 2 PersAutoDict-EraseBytes- DE: "\000\000\000\000"-
#14289	REDUCE cov: 170 ft: 751 corp: 154/168Kb lim: 4869 exec/s: 14289 rss: 83Mb L: 28/4599 MS: 1 EraseBytes-
#14309	REDUCE cov: 170 ft: 753 corp: 155/169Kb lim: 4869 exec/s: 14309 rss: 83Mb L: 942/4599 MS: 5 CopyPart-CopyPart-ChangeBit-ChangeASCIIInt-CopyPart-
#14433	REDUCE cov: 170 ft: 753 corp: 155/168Kb lim: 4869 exec/s: 14433 rss: 83Mb L: 396/4599 MS: 4 CopyPart-InsertByte-CrossOver-EraseBytes-
#14453	REDUCE cov: 170 ft: 753 corp: 155/168Kb lim: 4869 exec/s: 14453 rss: 83Mb L: 1635/4599 MS: 5 ChangeBit-CopyPart-InsertByte-ChangeBit-EraseBytes-
#14459	REDUCE cov: 170 ft: 753 corp: 155/168Kb lim: 4869 exec/s: 14459 rss: 83Mb L: 520/4599 MS: 1 EraseBytes-
#14460	REDUCE cov: 170 ft: 753 corp: 155/167Kb lim: 4869 exec/s: 14460 rss: 83Mb L: 1175/4599 MS: 1 EraseBytes-
#14526	REDUCE cov: 170 ft: 753 corp: 155/167Kb lim: 4869 exec/s: 14526 rss: 83Mb L: 500/4599 MS: 1 EraseBytes-
#14533	REDUCE cov: 170 ft: 753 corp: 155/167Kb lim: 4869 exec/s: 14533 rss: 83Mb L: 2/4599 MS: 2 ShuffleBytes-EraseBytes-
#14534	REDUCE cov: 170 ft: 753 corp: 155/167Kb lim: 4869 exec/s: 14534 rss: 83Mb L: 206/4599 MS: 1 EraseBytes-
#14685	REDUCE cov: 170 ft: 753 corp: 155/166Kb lim: 4869 exec/s: 14685 rss: 84Mb L: 304/4599 MS: 1 EraseBytes-
#14701	REDUCE cov: 170 ft: 753 corp: 155/166Kb lim: 4869 exec/s: 14701 rss: 84Mb L: 380/4599 MS: 1 EraseBytes-
#14723	NEW    cov: 170 ft: 755 corp: 156/167Kb lim: 4869 exec/s: 14723 rss: 84Mb L: 886/4599 MS: 2 ChangeByte-EraseBytes-
#14724	REDUCE cov: 170 ft: 755 corp: 156/167Kb lim: 4869 exec/s: 14724 rss: 84Mb L: 16/4599 MS: 1 EraseBytes-
#14788	REDUCE cov: 170 ft: 755 corp: 156/167Kb lim: 4869 exec/s: 14788 rss: 84Mb L: 395/4599 MS: 4 CopyPart-ChangeBit-InsertByte-EraseBytes-
#14820	REDUCE cov: 170 ft: 755 corp: 156/167Kb lim: 4869 exec/s: 14820 rss: 84Mb L: 2157/4599 MS: 2 ChangeByte-EraseBytes-
#14831	REDUCE cov: 170 ft: 755 corp: 156/167Kb lim: 4869 exec/s: 14831 rss: 84Mb L: 9/4599 MS: 1 EraseBytes-
#14867	REDUCE cov: 170 ft: 755 corp: 156/167Kb lim: 4869 exec/s: 14867 rss: 84Mb L: 245/4599 MS: 1 EraseBytes-
#14883	REDUCE cov: 170 ft: 755 corp: 156/167Kb lim: 4869 exec/s: 14883 rss: 84Mb L: 606/4599 MS: 1 EraseBytes-
#14902	REDUCE cov: 170 ft: 755 corp: 156/167Kb lim: 4869 exec/s: 14902 rss: 84Mb L: 157/4599 MS: 4 InsertByte-CMP-CopyPart-EraseBytes- DE: "\007\000\000\000"-
#14945	REDUCE cov: 170 ft: 755 corp: 156/167Kb lim: 4869 exec/s: 14945 rss: 84Mb L: 1344/4599 MS: 3 ChangeBit-ChangeByte-EraseBytes-
#14982	REDUCE cov: 170 ft: 755 corp: 156/167Kb lim: 4869 exec/s: 14982 rss: 84Mb L: 505/4599 MS: 2 InsertByte-EraseBytes-
#14983	REDUCE cov: 170 ft: 755 corp: 156/166Kb lim: 4869 exec/s: 14983 rss: 84Mb L: 612/4599 MS: 1 EraseBytes-
#15061	REDUCE cov: 170 ft: 755 corp: 156/166Kb lim: 4869 exec/s: 15061 rss: 84Mb L: 408/4599 MS: 3 ChangeBit-CMP-EraseBytes- DE: "\000\000\000\010"-
#15073	REDUCE cov: 170 ft: 755 corp: 156/166Kb lim: 4869 exec/s: 15073 rss: 84Mb L: 927/4599 MS: 2 PersAutoDict-EraseBytes- DE: "\377\377\377\272"-
#15131	REDUCE cov: 170 ft: 755 corp: 156/166Kb lim: 4869 exec/s: 15131 rss: 85Mb L: 647/4599 MS: 3 PersAutoDict-ChangeASCIIInt-EraseBytes- DE: "\000\000\000\010"-
#15186	REDUCE cov: 170 ft: 755 corp: 156/166Kb lim: 4869 exec/s: 15186 rss: 85Mb L: 645/4599 MS: 5 InsertByte-ChangeBinInt-ShuffleBytes-InsertByte-EraseBytes-
#15315	REDUCE cov: 170 ft: 755 corp: 156/166Kb lim: 4869 exec/s: 15315 rss: 85Mb L: 776/4599 MS: 4 InsertByte-ChangeBinInt-CMP-EraseBytes- DE: "side"-
#15357	NEW    cov: 170 ft: 756 corp: 157/168Kb lim: 4869 exec/s: 15357 rss: 85Mb L: 2095/4599 MS: 2 InsertRepeatedBytes-CrossOver-
#15413	REDUCE cov: 170 ft: 756 corp: 157/167Kb lim: 4869 exec/s: 15413 rss: 85Mb L: 941/4599 MS: 1 EraseBytes-
#15455	REDUCE cov: 170 ft: 756 corp: 157/167Kb lim: 4869 exec/s: 15455 rss: 85Mb L: 1067/4599 MS: 2 CrossOver-EraseBytes-
#15505	REDUCE cov: 170 ft: 756 corp: 157/167Kb lim: 4869 exec/s: 15505 rss: 85Mb L: 287/4599 MS: 5 ChangeASCIIInt-InsertRepeatedBytes-PersAutoDict-ChangeBit-EraseBytes- DE: "sx"-
#15556	REDUCE cov: 170 ft: 756 corp: 157/167Kb lim: 4869 exec/s: 15556 rss: 86Mb L: 296/4599 MS: 1 EraseBytes-
#15622	REDUCE cov: 170 ft: 756 corp: 157/167Kb lim: 4869 exec/s: 15622 rss: 86Mb L: 8/4599 MS: 1 EraseBytes-
#15634	REDUCE cov: 170 ft: 756 corp: 157/167Kb lim: 4869 exec/s: 15634 rss: 86Mb L: 179/4599 MS: 2 ChangeASCIIInt-EraseBytes-
#15722	REDUCE cov: 170 ft: 756 corp: 157/167Kb lim: 4869 exec/s: 15722 rss: 86Mb L: 538/4599 MS: 3 ShuffleBytes-ChangeBit-EraseBytes-
#15723	REDUCE cov: 170 ft: 756 corp: 157/167Kb lim: 4869 exec/s: 15723 rss: 86Mb L: 3830/4599 MS: 1 EraseBytes-
#15750	REDUCE cov: 170 ft: 756 corp: 157/167Kb lim: 4869 exec/s: 15750 rss: 86Mb L: 268/4599 MS: 2 ChangeByte-EraseBytes-
#15775	REDUCE cov: 170 ft: 756 corp: 157/167Kb lim: 4869 exec/s: 15775 rss: 86Mb L: 364/4599 MS: 5 ChangeBit-ChangeASCIIInt-ChangeBinInt-ChangeBit-EraseBytes-
#15801	REDUCE cov: 170 ft: 756 corp: 157/166Kb lim: 4869 exec/s: 15801 rss: 86Mb L: 130/4599 MS: 1 EraseBytes-
#15817	REDUCE cov: 170 ft: 756 corp: 157/166Kb lim: 4869 exec/s: 15817 rss: 86Mb L: 1165/4599 MS: 1 EraseBytes-
#15849	REDUCE cov: 170 ft: 756 corp: 157/165Kb lim: 4869 exec/s: 15849 rss: 86Mb L: 3280/4599 MS: 2 ChangeASCIIInt-CrossOver-
#16045	REDUCE cov: 170 ft: 756 corp: 157/165Kb lim: 4869 exec/s: 16045 rss: 87Mb L: 222/4599 MS: 1 EraseBytes-
#16077	REDUCE cov: 170 ft: 756 corp: 157/165Kb lim: 4869 exec/s: 16077 rss: 87Mb L: 1401/4599 MS: 2 ChangeBit-EraseBytes-
#16100	REDUCE cov: 170 ft: 756 corp: 157/165Kb lim: 4869 exec/s: 16100 rss: 87Mb L: 974/4599 MS: 3 PersAutoDict-ChangeASCIIInt-EraseBytes- DE: "\013\000\000\000\000\000\000\000"-
#16207	REDUCE cov: 170 ft: 756 corp: 157/165Kb lim: 4869 exec/s: 16207 rss: 87Mb L: 725/4599 MS: 2 PersAutoDict-EraseBytes- DE: "sz\":"-
#16208	REDUCE cov: 170 ft: 757 corp: 158/165Kb lim: 4869 exec/s: 16208 rss: 87Mb L: 4/4599 MS: 1 EraseBytes-
#16243	REDUCE cov: 170 ft: 757 corp: 158/164Kb lim: 4869 exec/s: 16243 rss: 87Mb L: 1782/4599 MS: 5 CopyPart-ChangeByte-ChangeASCIIInt-ShuffleBytes-EraseBytes-
#16246	REDUCE cov: 170 ft: 757 corp: 158/164Kb lim: 4869 exec/s: 16246 rss: 87Mb L: 574/4599 MS: 3 CrossOver-InsertByte-EraseBytes-
#16319	REDUCE cov: 170 ft: 757 corp: 158/164Kb lim: 4869 exec/s: 16319 rss: 87Mb L: 615/4599 MS: 3 CrossOver-ChangeBinInt-EraseBytes-
#16408	REDUCE cov: 170 ft: 757 corp: 158/164Kb lim: 4869 exec/s: 16408 rss: 87Mb L: 486/4599 MS: 4 InsertByte-ChangeBinInt-ChangeBinInt-EraseBytes-
#16429	REDUCE cov: 170 ft: 757 corp: 158/164Kb lim: 4869 exec/s: 16429 rss: 87Mb L: 3620/4599 MS: 1 EraseBytes-
#16443	REDUCE cov: 170 ft: 757 corp: 158/164Kb lim: 4869 exec/s: 16443 rss: 87Mb L: 584/4599 MS: 4 PersAutoDict-PersAutoDict-CMP-EraseBytes- DE: "tid"-"rx"-"\377\377m9\3230\314\343"-
#16609	REDUCE cov: 170 ft: 757 corp: 158/163Kb lim: 4869 exec/s: 16609 rss: 88Mb L: 850/4599 MS: 1 EraseBytes-
#16611	REDUCE cov: 170 ft: 757 corp: 158/163Kb lim: 4869 exec/s: 16611 rss: 88Mb L: 208/4599 MS: 2 ChangeByte-EraseBytes-
#16666	REDUCE cov: 170 ft: 759 corp: 159/164Kb lim: 4869 exec/s: 16666 rss: 88Mb L: 1156/4599 MS: 5 ShuffleBytes-ShuffleBytes-ChangeASCIIInt-ChangeBit-CrossOver-
#16672	REDUCE cov: 170 ft: 759 corp: 159/164Kb lim: 4869 exec/s: 16672 rss: 88Mb L: 1074/4599 MS: 1 EraseBytes-
#16726	REDUCE cov: 170 ft: 759 corp: 159/164Kb lim: 4869 exec/s: 16726 rss: 88Mb L: 521/4599 MS: 4 InsertByte-PersAutoDict-InsertByte-EraseBytes- DE: "\377\377\377\377\377\377\377\377"-
#16802	REDUCE cov: 170 ft: 759 corp: 159/164Kb lim: 4869 exec/s: 16802 rss: 88Mb L: 479/4599 MS: 1 EraseBytes-
#16812	REDUCE cov: 170 ft: 759 corp: 159/164Kb lim: 4869 exec/s: 16812 rss: 88Mb L: 1581/4599 MS: 5 ChangeBit-CMP-CopyPart-PersAutoDict-EraseBytes- DE: "\000\000n\211\323\026cc"-"rx"-
#16833	REDUCE cov: 170 ft: 759 corp: 159/164Kb lim: 4869 exec/s: 16833 rss: 88Mb L: 1183/4599 MS: 1 EraseBytes-
#16910	REDUCE cov: 170 ft: 759 corp: 159/164Kb lim: 4869 exec/s: 16910 rss: 88Mb L: 998/4599 MS: 2 ChangeBinInt-EraseBytes-
#16935	REDUCE cov: 170 ft: 759 corp: 159/164Kb lim: 4869 exec/s: 16935 rss: 89Mb L: 527/4599 MS: 5 CMP-ChangeBinInt-InsertByte-InsertRepeatedBytes-EraseBytes- DE: "rx"-
#16965	REDUCE cov: 170 ft: 759 corp: 159/164Kb lim: 4869 exec/s: 16965 rss: 89Mb L: 200/4599 MS: 5 PersAutoDict-InsertRepeatedBytes-ChangeBit-ChangeByte-EraseBytes- DE: "sz"-
#17057	REDUCE cov: 170 ft: 759 corp: 159/164Kb lim: 4869 exec/s: 17057 rss: 89Mb L: 958/4599 MS: 2 InsertRepeatedBytes-EraseBytes-
#17084	REDUCE cov: 170 ft: 759 corp: 159/162Kb lim: 4869 exec/s: 17084 rss: 89Mb L: 2216/4599 MS: 2 ChangeBinInt-EraseBytes-
#17126	REDUCE cov: 170 ft: 759 corp: 159/162Kb lim: 4869 exec/s: 17126 rss: 89Mb L: 796/4599 MS: 2 ChangeBit-EraseBytes-
#17233	REDUCE cov: 170 ft: 759 corp: 159/162Kb lim: 4869 exec/s: 17233 rss: 89Mb L: 430/4599 MS: 2 CrossOver-EraseBytes-
#17318	REDUCE cov: 170 ft: 759 corp: 159/161Kb lim: 4869 exec/s: 17318 rss: 89Mb L: 503/4599 MS: 5 InsertRepeatedBytes-CopyPart-ChangeByte-ChangeByte-EraseBytes-
#17341	REDUCE cov: 170 ft: 759 corp: 159/161Kb lim: 4869 exec/s: 17341 rss: 90Mb L: 45/4599 MS: 3 InsertByte-EraseBytes-PersAutoDict- DE: "3c2c\","-
#17343	REDUCE cov: 170 ft: 759 corp: 159/161Kb lim: 4869 exec/s: 17343 rss: 90Mb L: 787/4599 MS: 2 InsertRepeatedBytes-EraseBytes-
#17402	REDUCE cov: 170 ft: 759 corp: 159/161Kb lim: 4869 exec/s: 17402 rss: 90Mb L: 228/4599 MS: 4 CopyPart-ChangeBinInt-ChangeByte-EraseBytes-
#17468	REDUCE cov: 170 ft: 759 corp: 159/161Kb lim: 4869 exec/s: 17468 rss: 90Mb L: 921/4599 MS: 1 EraseBytes-
#17484	REDUCE cov: 170 ft: 759 corp: 159/159Kb lim: 4869 exec/s: 17484 rss: 90Mb L: 2028/4599 MS: 1 EraseBytes-
#17603	REDUCE cov: 170 ft: 759 corp: 159/159Kb lim: 4869 exec/s: 17603 rss: 90Mb L: 428/4599 MS: 4 ChangeASCIIInt-ChangeASCIIInt-InsertRepeatedBytes-EraseBytes-
#17624	REDUCE cov: 170 ft: 759 corp: 159/159Kb lim: 4869 exec/s: 17624 rss: 90Mb L: 675/4599 MS: 1 EraseBytes-
#17642	REDUCE cov: 170 ft: 759 corp: 159/159Kb lim: 4869 exec/s: 17642 rss: 90Mb L: 514/4599 MS: 3 ChangeASCIIInt-ChangeBinInt-EraseBytes-
#17655	REDUCE cov: 170 ft: 759 corp: 159/159Kb lim: 4869 exec/s: 17655 rss: 90Mb L: 139/4599 MS: 3 ChangeBit-PersAutoDict-EraseBytes- DE: "\000\000\000\010"-
#17686	REDUCE cov: 170 ft: 759 corp: 159/158Kb lim: 4869 exec/s: 17686 rss: 90Mb L: 1649/4599 MS: 1 EraseBytes-
#17695	REDUCE cov: 170 ft: 759 corp: 159/158Kb lim: 4869 exec/s: 17695 rss: 90Mb L: 1086/4599 MS: 4 ChangeBinInt-PersAutoDict-InsertRepeatedBytes-EraseBytes- DE: "\001\000\000\001"-
#17745	REDUCE cov: 170 ft: 759 corp: 159/158Kb lim: 4869 exec/s: 17745 rss: 90Mb L: 267/4599 MS: 5 ChangeBit-ChangeBit-ChangeASCIIInt-CMP-EraseBytes- DE: "time"-
#17780	REDUCE cov: 170 ft: 759 corp: 159/158Kb lim: 4869 exec/s: 17780 rss: 91Mb L: 327/4599 MS: 5 ChangeASCIIInt-InsertByte-ShuffleBytes-InsertByte-EraseBytes-
#17815	REDUCE cov: 170 ft: 759 corp: 159/157Kb lim: 4869 exec/s: 17815 rss: 91Mb L: 611/4599 MS: 5 PersAutoDict-CopyPart-ChangeByte-ChangeByte-EraseBytes- DE: "\365\351;\323\271n\000\000"-
#17951	REDUCE cov: 170 ft: 759 corp: 159/157Kb lim: 4869 exec/s: 17951 rss: 91Mb L: 3223/4599 MS: 1 EraseBytes-
#17968	REDUCE cov: 170 ft: 759 corp: 159/157Kb lim: 4869 exec/s: 17968 rss: 91Mb L: 483/4599 MS: 2 InsertRepeatedBytes-EraseBytes-
#18016	REDUCE cov: 170 ft: 759 corp: 159/157Kb lim: 4869 exec/s: 18016 rss: 91Mb L: 353/4599 MS: 3 InsertByte-InsertByte-EraseBytes-
#18019	REDUCE cov: 170 ft: 759 corp: 159/156Kb lim: 4869 exec/s: 18019 rss: 91Mb L: 657/4599 MS: 3 ChangeBit-InsertByte-EraseBytes-
#18051	REDUCE cov: 170 ft: 759 corp: 159/156Kb lim: 4869 exec/s: 18051 rss: 91Mb L: 489/4599 MS: 2 ShuffleBytes-EraseBytes-
#18057	REDUCE cov: 170 ft: 759 corp: 159/155Kb lim: 4869 exec/s: 18057 rss: 91Mb L: 1253/4599 MS: 1 EraseBytes-
#18109	REDUCE cov: 170 ft: 759 corp: 159/155Kb lim: 4869 exec/s: 18109 rss: 91Mb L: 256/4599 MS: 2 PersAutoDict-EraseBytes- DE: "rx"-
#18275	REDUCE cov: 170 ft: 759 corp: 159/155Kb lim: 4869 exec/s: 18275 rss: 92Mb L: 706/4599 MS: 1 EraseBytes-
#18325	REDUCE cov: 170 ft: 759 corp: 159/154Kb lim: 4869 exec/s: 18325 rss: 92Mb L: 520/4599 MS: 5 ChangeBit-ChangeASCIIInt-InsertByte-InsertRepeatedBytes-EraseBytes-
#18331	REDUCE cov: 170 ft: 759 corp: 159/154Kb lim: 4869 exec/s: 18331 rss: 92Mb L: 106/4599 MS: 1 EraseBytes-
#18507	REDUCE cov: 170 ft: 759 corp: 159/154Kb lim: 4869 exec/s: 18507 rss: 92Mb L: 3/4599 MS: 1 EraseBytes-
#18582	REDUCE cov: 170 ft: 759 corp: 159/154Kb lim: 4869 exec/s: 18582 rss: 92Mb L: 166/4599 MS: 5 InsertByte-InsertByte-PersAutoDict-ShuffleBytes-EraseBytes- DE: "\373\377\377\377"-
#18640	REDUCE cov: 170 ft: 759 corp: 159/153Kb lim: 4869 exec/s: 18640 rss: 92Mb L: 1594/4599 MS: 3 ChangeByte-CrossOver-EraseBytes-
#18700	REDUCE cov: 170 ft: 759 corp: 159/153Kb lim: 4869 exec/s: 18700 rss: 92Mb L: 711/4599 MS: 5 InsertByte-InsertRepeatedBytes-InsertByte-ChangeBinInt-EraseBytes-
#18713	REDUCE cov: 170 ft: 759 corp: 159/153Kb lim: 4869 exec/s: 18713 rss: 92Mb L: 804/4599 MS: 3 InsertByte-PersAutoDict-EraseBytes- DE: "\376\377\377\270"-
#18804	REDUCE cov: 170 ft: 759 corp: 159/153Kb lim: 4869 exec/s: 18804 rss: 93Mb L: 428/4599 MS: 1 EraseBytes-
#19026	REDUCE cov: 170 ft: 759 corp: 159/153Kb lim: 4869 exec/s: 19026 rss: 93Mb L: 1858/4599 MS: 2 ChangeBinInt-EraseBytes-
#19035	REDUCE cov: 170 ft: 759 corp: 159/153Kb lim: 4869 exec/s: 19035 rss: 93Mb L: 386/4599 MS: 4 ChangeByte-ChangeBit-InsertRepeatedBytes-EraseBytes-
#19087	REDUCE cov: 170 ft: 759 corp: 159/153Kb lim: 4869 exec/s: 19087 rss: 93Mb L: 284/4599 MS: 2 ChangeByte-EraseBytes-
#19118	REDUCE cov: 170 ft: 759 corp: 159/153Kb lim: 4869 exec/s: 19118 rss: 93Mb L: 523/4599 MS: 1 EraseBytes-
#19144	REDUCE cov: 170 ft: 759 corp: 159/153Kb lim: 4869 exec/s: 19144 rss: 93Mb L: 459/4599 MS: 1 EraseBytes-
#19209	REDUCE cov: 170 ft: 759 corp: 159/152Kb lim: 4869 exec/s: 19209 rss: 93Mb L: 615/4599 MS: 5 InsertRepeatedBytes-InsertByte-ChangeASCIIInt-ChangeBinInt-EraseBytes-
#19230	REDUCE cov: 170 ft: 759 corp: 159/152Kb lim: 4869 exec/s: 19230 rss: 93Mb L: 1274/4599 MS: 1 EraseBytes-
#19331	REDUCE cov: 170 ft: 759 corp: 159/152Kb lim: 4869 exec/s: 19331 rss: 94Mb L: 979/4599 MS: 1 EraseBytes-
#19346	REDUCE cov: 170 ft: 759 corp: 159/152Kb lim: 4869 exec/s: 19346 rss: 94Mb L: 700/4599 MS: 5 CopyPart-InsertRepeatedBytes-PersAutoDict-EraseBytes-EraseBytes- DE: "\000\000\000\000"-
#19367	REDUCE cov: 170 ft: 759 corp: 159/152Kb lim: 4869 exec/s: 19367 rss: 94Mb L: 222/4599 MS: 1 EraseBytes-
#19408	REDUCE cov: 170 ft: 759 corp: 159/152Kb lim: 4869 exec/s: 19408 rss: 94Mb L: 541/4599 MS: 1 EraseBytes-
#19410	REDUCE cov: 170 ft: 759 corp: 159/152Kb lim: 4869 exec/s: 19410 rss: 94Mb L: 2/4599 MS: 2 ChangeByte-EraseBytes-
#19415	REDUCE cov: 170 ft: 759 corp: 159/152Kb lim: 4869 exec/s: 19415 rss: 94Mb L: 287/4599 MS: 5 ChangeBinInt-ChangeASCIIInt-ChangeByte-ChangeASCIIInt-EraseBytes-
#19436	REDUCE cov: 170 ft: 759 corp: 159/152Kb lim: 4869 exec/s: 19436 rss: 94Mb L: 1/4599 MS: 1 EraseBytes-
#19439	REDUCE cov: 170 ft: 759 corp: 159/152Kb lim: 4869 exec/s: 19439 rss: 94Mb L: 537/4599 MS: 3 CrossOver-InsertRepeatedBytes-EraseBytes-
#19459	REDUCE cov: 170 ft: 759 corp: 159/152Kb lim: 4869 exec/s: 19459 rss: 94Mb L: 146/4599 MS: 5 ChangeByte-ShuffleBytes-CrossOver-ChangeASCIIInt-EraseBytes-
#19531	REDUCE cov: 170 ft: 759 corp: 159/151Kb lim: 4869 exec/s: 19531 rss: 94Mb L: 964/4599 MS: 2 CrossOver-EraseBytes-
#19546	REDUCE cov: 170 ft: 759 corp: 159/151Kb lim: 4869 exec/s: 19546 rss: 94Mb L: 385/4599 MS: 5 ChangeBinInt-CopyPart-CopyPart-ChangeByte-EraseBytes-
#19573	REDUCE cov: 170 ft: 759 corp: 159/151Kb lim: 4869 exec/s: 19573 rss: 94Mb L: 227/4599 MS: 2 ChangeBit-EraseBytes-
#19734	REDUCE cov: 170 ft: 759 corp: 159/151Kb lim: 4869 exec/s: 19734 rss: 94Mb L: 26/4599 MS: 1 EraseBytes-
#19743	REDUCE cov: 170 ft: 759 corp: 159/151Kb lim: 4869 exec/s: 19743 rss: 95Mb L: 1/4599 MS: 4 ChangeBit-EraseBytes-ChangeByte-ChangeByte-
#19764	REDUCE cov: 170 ft: 759 corp: 159/151Kb lim: 4869 exec/s: 19764 rss: 95Mb L: 202/4599 MS: 1 EraseBytes-
#19878	REDUCE cov: 170 ft: 759 corp: 159/151Kb lim: 4869 exec/s: 19878 rss: 95Mb L: 434/4599 MS: 4 ChangeBit-ChangeBinInt-PersAutoDict-EraseBytes- DE: "\001\000\000\001"-
#19915	REDUCE cov: 170 ft: 759 corp: 159/151Kb lim: 4869 exec/s: 19915 rss: 95Mb L: 918/4599 MS: 2 ChangeASCIIInt-EraseBytes-
#19943	REDUCE cov: 170 ft: 759 corp: 159/151Kb lim: 4869 exec/s: 19943 rss: 95Mb L: 476/4599 MS: 3 ChangeASCIIInt-InsertRepeatedBytes-EraseBytes-
#19974	REDUCE cov: 170 ft: 759 corp: 159/151Kb lim: 4869 exec/s: 19974 rss: 95Mb L: 247/4599 MS: 1 EraseBytes-
#19986	NEW    cov: 170 ft: 760 corp: 160/153Kb lim: 4869 exec/s: 19986 rss: 95Mb L: 2280/4599 MS: 2 ChangeByte-CopyPart-
#19987	REDUCE cov: 170 ft: 761 corp: 161/153Kb lim: 4869 exec/s: 19987 rss: 95Mb L: 208/4599 MS: 1 ChangeBit-
#20047	REDUCE cov: 170 ft: 761 corp: 161/153Kb lim: 4869 exec/s: 20047 rss: 95Mb L: 450/4599 MS: 5 CMP-InsertRepeatedBytes-InsertByte-InsertByte-EraseBytes- DE: "\306\377\377\377"-
#20074	REDUCE cov: 170 ft: 761 corp: 161/153Kb lim: 4869 exec/s: 20074 rss: 95Mb L: 868/4599 MS: 2 CMP-EraseBytes- DE: "\377\377mi\323@\363/"-
#20200	REDUCE cov: 170 ft: 761 corp: 161/153Kb lim: 4869 exec/s: 20200 rss: 95Mb L: 1826/4599 MS: 1 EraseBytes-
#20273	REDUCE cov: 170 ft: 761 corp: 161/152Kb lim: 4869 exec/s: 20273 rss: 96Mb L: 659/4599 MS: 3 CrossOver-PersAutoDict-EraseBytes- DE: "\001\000\000\000"-
#20274	REDUCE cov: 170 ft: 761 corp: 161/152Kb lim: 4869 exec/s: 20274 rss: 96Mb L: 303/4599 MS: 1 EraseBytes-
#20346	REDUCE cov: 170 ft: 761 corp: 161/152Kb lim: 4869 exec/s: 20346 rss: 96Mb L: 29/4599 MS: 2 CopyPart-EraseBytes-
#20368	REDUCE cov: 170 ft: 761 corp: 161/152Kb lim: 4869 exec/s: 20368 rss: 96Mb L: 426/4599 MS: 2 ChangeBit-EraseBytes-
#20464	REDUCE cov: 170 ft: 761 corp: 161/152Kb lim: 4869 exec/s: 20464 rss: 96Mb L: 382/4599 MS: 1 CrossOver-
#20496	REDUCE cov: 170 ft: 761 corp: 161/152Kb lim: 4869 exec/s: 20496 rss: 96Mb L: 454/4599 MS: 2 ChangeASCIIInt-EraseBytes-
#20528	REDUCE cov: 170 ft: 761 corp: 161/152Kb lim: 4869 exec/s: 20528 rss: 96Mb L: 462/4599 MS: 2 ChangeByte-EraseBytes-
#20559	REDUCE cov: 170 ft: 761 corp: 161/152Kb lim: 4869 exec/s: 20559 rss: 96Mb L: 147/4599 MS: 1 EraseBytes-
#20620	REDUCE cov: 170 ft: 761 corp: 161/152Kb lim: 4869 exec/s: 20620 rss: 96Mb L: 244/4599 MS: 1 EraseBytes-
#20636	REDUCE cov: 170 ft: 761 corp: 161/152Kb lim: 4869 exec/s: 20636 rss: 96Mb L: 283/4599 MS: 1 EraseBytes-
#20647	REDUCE cov: 170 ft: 761 corp: 161/151Kb lim: 4869 exec/s: 20647 rss: 96Mb L: 195/4599 MS: 1 EraseBytes-
#20791	REDUCE cov: 170 ft: 761 corp: 161/151Kb lim: 4869 exec/s: 20791 rss: 97Mb L: 1197/4599 MS: 4 InsertByte-InsertByte-InsertByte-EraseBytes-
#20826	REDUCE cov: 170 ft: 761 corp: 161/151Kb lim: 4869 exec/s: 20826 rss: 97Mb L: 345/4599 MS: 5 ShuffleBytes-PersAutoDict-CrossOver-ChangeBit-EraseBytes- DE: "\001\000\000\000\000\000\000\027"-
#20872	REDUCE cov: 170 ft: 761 corp: 161/151Kb lim: 4869 exec/s: 20872 rss: 97Mb L: 372/4599 MS: 1 EraseBytes-
#20885	REDUCE cov: 170 ft: 761 corp: 161/151Kb lim: 4869 exec/s: 20885 rss: 97Mb L: 1671/4599 MS: 3 ChangeByte-ChangeByte-EraseBytes-
#21004	REDUCE cov: 170 ft: 761 corp: 161/151Kb lim: 4869 exec/s: 21004 rss: 97Mb L: 196/4599 MS: 4 InsertByte-ChangeASCIIInt-ChangeBit-EraseBytes-
#21102	NEW    cov: 170 ft: 765 corp: 162/153Kb lim: 4869 exec/s: 21102 rss: 97Mb L: 1796/4599 MS: 3 ChangeBit-InsertRepeatedBytes-CopyPart-
#21149	REDUCE cov: 170 ft: 765 corp: 162/153Kb lim: 4869 exec/s: 21149 rss: 97Mb L: 217/4599 MS: 2 InsertByte-EraseBytes-
#21242	REDUCE cov: 170 ft: 765 corp: 162/152Kb lim: 4869 exec/s: 21242 rss: 97Mb L: 555/4599 MS: 3 ChangeByte-InsertByte-EraseBytes-
#21339	REDUCE cov: 170 ft: 765 corp: 162/152Kb lim: 4869 exec/s: 21339 rss: 98Mb L: 603/4599 MS: 2 ChangeASCIIInt-EraseBytes-
#21406	REDUCE cov: 170 ft: 765 corp: 162/152Kb lim: 4869 exec/s: 21406 rss: 98Mb L: 265/4599 MS: 2 ChangeASCIIInt-EraseBytes-
#21410	REDUCE cov: 170 ft: 765 corp: 162/152Kb lim: 4869 exec/s: 21410 rss: 98Mb L: 1149/4599 MS: 4 ChangeBit-ChangeByte-PersAutoDict-EraseBytes- DE: "\310\377\377\377"-
#21419	REDUCE cov: 170 ft: 765 corp: 162/152Kb lim: 4869 exec/s: 21419 rss: 98Mb L: 1250/4599 MS: 4 ChangeByte-ChangeBinInt-ChangeBit-EraseBytes-
#21421	REDUCE cov: 170 ft: 765 corp: 162/152Kb lim: 4869 exec/s: 21421 rss: 98Mb L: 24/4599 MS: 2 ChangeBit-EraseBytes-
#21434	REDUCE cov: 170 ft: 765 corp: 162/152Kb lim: 4869 exec/s: 21434 rss: 98Mb L: 430/4599 MS: 3 ChangeByte-InsertRepeatedBytes-EraseBytes-
#21475	REDUCE cov: 170 ft: 765 corp: 162/152Kb lim: 4869 exec/s: 21475 rss: 98Mb L: 763/4599 MS: 1 EraseBytes-
#21488	REDUCE cov: 170 ft: 765 corp: 162/152Kb lim: 4869 exec/s: 21488 rss: 98Mb L: 123/4599 MS: 3 ShuffleBytes-ChangeBit-EraseBytes-
#21524	REDUCE cov: 170 ft: 765 corp: 162/152Kb lim: 4869 exec/s: 21524 rss: 98Mb L: 322/4599 MS: 1 EraseBytes-
#21642	REDUCE cov: 170 ft: 765 corp: 162/151Kb lim: 4869 exec/s: 21642 rss: 98Mb L: 2511/4599 MS: 3 CopyPart-ChangeBinInt-EraseBytes-
#21717	REDUCE cov: 170 ft: 765 corp: 162/150Kb lim: 4869 exec/s: 21717 rss: 99Mb L: 182/4599 MS: 5 ChangeBinInt-ChangeASCIIInt-PersAutoDict-ChangeASCIIInt-EraseBytes- DE: "3c2c\","-
#21890	REDUCE cov: 170 ft: 765 corp: 162/150Kb lim: 4869 exec/s: 21890 rss: 99Mb L: 210/4599 MS: 3 ShuffleBytes-CopyPart-EraseBytes-
#21957	REDUCE cov: 170 ft: 765 corp: 162/150Kb lim: 4869 exec/s: 21957 rss: 99Mb L: 965/4599 MS: 2 PersAutoDict-EraseBytes- DE: "\377\377\377\305"-
#22035	REDUCE cov: 170 ft: 767 corp: 163/150Kb lim: 4869 exec/s: 22035 rss: 99Mb L: 7/4599 MS: 3 InsertByte-InsertByte-EraseBytes-
#22116	REDUCE cov: 170 ft: 767 corp: 163/150Kb lim: 4869 exec/s: 22116 rss: 99Mb L: 1646/4599 MS: 1 EraseBytes-
#22282	REDUCE cov: 170 ft: 767 corp: 163/150Kb lim: 4869 exec/s: 22282 rss: 99Mb L: 1497/4599 MS: 1 EraseBytes-
#22330	REDUCE cov: 170 ft: 768 corp: 164/150Kb lim: 4869 exec/s: 22330 rss: 100Mb L: 56/4599 MS: 3 CopyPart-InsertByte-ShuffleBytes-
#22356	REDUCE cov: 170 ft: 768 corp: 164/150Kb lim: 4869 exec/s: 22356 rss: 100Mb L: 134/4599 MS: 1 EraseBytes-
#22374	REDUCE cov: 170 ft: 768 corp: 164/150Kb lim: 4869 exec/s: 22374 rss: 100Mb L: 246/4599 MS: 3 ChangeBinInt-InsertRepeatedBytes-EraseBytes-
#22377	REDUCE cov: 170 ft: 768 corp: 164/150Kb lim: 4869 exec/s: 22377 rss: 100Mb L: 460/4599 MS: 3 InsertByte-ShuffleBytes-EraseBytes-
#22613	REDUCE cov: 170 ft: 768 corp: 164/150Kb lim: 4869 exec/s: 22613 rss: 100Mb L: 132/4599 MS: 1 EraseBytes-
#22625	REDUCE cov: 170 ft: 768 corp: 164/150Kb lim: 4869 exec/s: 22625 rss: 100Mb L: 112/4599 MS: 2 ChangeByte-EraseBytes-
#22642	REDUCE cov: 170 ft: 768 corp: 164/150Kb lim: 4869 exec/s: 22642 rss: 100Mb L: 139/4599 MS: 2 ShuffleBytes-EraseBytes-
#22736	REDUCE cov: 170 ft: 768 corp: 164/150Kb lim: 4869 exec/s: 22736 rss: 100Mb L: 963/4599 MS: 4 CrossOver-ChangeBit-CrossOver-EraseBytes-
#22763	REDUCE cov: 170 ft: 768 corp: 164/150Kb lim: 4869 exec/s: 22763 rss: 100Mb L: 149/4599 MS: 2 ChangeBinInt-EraseBytes-
#22776	REDUCE cov: 170 ft: 768 corp: 164/150Kb lim: 4869 exec/s: 22776 rss: 100Mb L: 280/4599 MS: 3 ShuffleBytes-ChangeByte-EraseBytes-
#22859	REDUCE cov: 170 ft: 768 corp: 164/150Kb lim: 4869 exec/s: 22859 rss: 100Mb L: 196/4599 MS: 3 PersAutoDict-CMP-EraseBytes- DE: "\001\000\000\000\000\000\000\027"-"\000\000\000\000\000\000\000\000"-
#22863	REDUCE cov: 170 ft: 768 corp: 164/149Kb lim: 4869 exec/s: 22863 rss: 101Mb L: 2408/4599 MS: 4 ChangeBit-PersAutoDict-ChangeASCIIInt-EraseBytes- DE: "sz"-
#22883	REDUCE cov: 170 ft: 768 corp: 164/149Kb lim: 4869 exec/s: 22883 rss: 101Mb L: 928/4599 MS: 5 CopyPart-ChangeBinInt-ChangeByte-ChangeBit-EraseBytes-
#23024	REDUCE cov: 170 ft: 768 corp: 164/149Kb lim: 4869 exec/s: 23024 rss: 101Mb L: 493/4599 MS: 1 EraseBytes-
#23091	REDUCE cov: 170 ft: 768 corp: 164/149Kb lim: 4869 exec/s: 23091 rss: 101Mb L: 45/4599 MS: 2 ChangeByte-EraseBytes-
#23212	REDUCE cov: 170 ft: 768 corp: 164/149Kb lim: 4869 exec/s: 23212 rss: 101Mb L: 83/4599 MS: 1 EraseBytes-
#23233	REDUCE cov: 170 ft: 768 corp: 164/149Kb lim: 4869 exec/s: 23233 rss: 101Mb L: 146/4599 MS: 1 EraseBytes-
#23235	REDUCE cov: 170 ft: 768 corp: 164/149Kb lim: 4869 exec/s: 23235 rss: 101Mb L: 386/4599 MS: 2 PersAutoDict-EraseBytes- DE: "rx"-
#23377	REDUCE cov: 170 ft: 768 corp: 164/149Kb lim: 4869 exec/s: 23377 rss: 101Mb L: 121/4599 MS: 2 ShuffleBytes-EraseBytes-
#23408	REDUCE cov: 170 ft: 768 corp: 164/149Kb lim: 4869 exec/s: 23408 rss: 102Mb L: 1716/4599 MS: 1 EraseBytes-
#23459	REDUCE cov: 170 ft: 768 corp: 164/149Kb lim: 4869 exec/s: 23459 rss: 102Mb L: 274/4599 MS: 1 EraseBytes-
#23490	REDUCE cov: 170 ft: 768 corp: 164/149Kb lim: 4869 exec/s: 23490 rss: 102Mb L: 676/4599 MS: 1 EraseBytes-
#23506	REDUCE cov: 170 ft: 768 corp: 164/149Kb lim: 4869 exec/s: 23506 rss: 102Mb L: 1501/4599 MS: 1 EraseBytes-
#23792	REDUCE cov: 170 ft: 768 corp: 164/149Kb lim: 4869 exec/s: 23792 rss: 102Mb L: 310/4599 MS: 1 EraseBytes-
#23858	REDUCE cov: 170 ft: 768 corp: 164/149Kb lim: 4869 exec/s: 23858 rss: 103Mb L: 34/4599 MS: 1 EraseBytes-
#24049	REDUCE cov: 170 ft: 768 corp: 164/148Kb lim: 4869 exec/s: 24049 rss: 103Mb L: 86/4599 MS: 1 EraseBytes-
#24098	REDUCE cov: 170 ft: 768 corp: 164/148Kb lim: 4869 exec/s: 24098 rss: 103Mb L: 1167/4599 MS: 4 InsertRepeatedBytes-ChangeASCIIInt-PersAutoDict-EraseBytes- DE: "b\371+\323\251n\000\000"-
#24266	REDUCE cov: 170 ft: 768 corp: 164/148Kb lim: 4869 exec/s: 24266 rss: 103Mb L: 12/4599 MS: 3 PersAutoDict-EraseBytes-CopyPart- DE: "time"-
#24453	REDUCE cov: 170 ft: 768 corp: 164/148Kb lim: 4869 exec/s: 24453 rss: 103Mb L: 665/4599 MS: 2 ChangeBinInt-EraseBytes-
#24599	REDUCE cov: 170 ft: 768 corp: 164/148Kb lim: 4869 exec/s: 24599 rss: 104Mb L: 834/4599 MS: 1 EraseBytes-
#24656	REDUCE cov: 170 ft: 768 corp: 164/148Kb lim: 4869 exec/s: 24656 rss: 104Mb L: 245/4599 MS: 2 ShuffleBytes-EraseBytes-
#24660	REDUCE cov: 170 ft: 768 corp: 164/148Kb lim: 4869 exec/s: 24660 rss: 104Mb L: 255/4599 MS: 4 ShuffleBytes-InsertRepeatedBytes-CopyPart-EraseBytes-
#24718	REDUCE cov: 170 ft: 768 corp: 164/148Kb lim: 4869 exec/s: 24718 rss: 104Mb L: 17/4599 MS: 3 ChangeByte-CopyPart-EraseBytes-
#24816	REDUCE cov: 170 ft: 768 corp: 164/148Kb lim: 4869 exec/s: 24816 rss: 104Mb L: 220/4599 MS: 3 ChangeBit-PersAutoDict-EraseBytes- DE: "ETvH"-
#24819	REDUCE cov: 170 ft: 768 corp: 164/148Kb lim: 4869 exec/s: 24819 rss: 104Mb L: 1128/4599 MS: 3 InsertByte-ChangeByte-EraseBytes-
#24831	REDUCE cov: 170 ft: 768 corp: 164/147Kb lim: 4869 exec/s: 24831 rss: 104Mb L: 464/4599 MS: 2 ShuffleBytes-CrossOver-
#24898	NEW    cov: 170 ft: 769 corp: 165/150Kb lim: 4869 exec/s: 24898 rss: 104Mb L: 2905/4599 MS: 2 ChangeBinInt-CopyPart-
#25002	REDUCE cov: 170 ft: 769 corp: 165/150Kb lim: 4869 exec/s: 25002 rss: 104Mb L: 200/4599 MS: 4 ChangeByte-ChangeBit-PersAutoDict-EraseBytes- DE: "\324\013\006\323\371n\000\000"-
#25019	REDUCE cov: 170 ft: 769 corp: 165/150Kb lim: 4869 exec/s: 25019 rss: 105Mb L: 2604/4599 MS: 2 ChangeBinInt-EraseBytes-
#25040	REDUCE cov: 170 ft: 769 corp: 165/150Kb lim: 4869 exec/s: 25040 rss: 105Mb L: 534/4599 MS: 1 EraseBytes-
#25071	REDUCE cov: 170 ft: 769 corp: 165/149Kb lim: 4869 exec/s: 25071 rss: 105Mb L: 241/4599 MS: 1 EraseBytes-
#25097	REDUCE cov: 170 ft: 769 corp: 165/149Kb lim: 4869 exec/s: 25097 rss: 105Mb L: 374/4599 MS: 1 EraseBytes-
#25263	REDUCE cov: 170 ft: 769 corp: 165/149Kb lim: 4869 exec/s: 25263 rss: 105Mb L: 726/4599 MS: 1 EraseBytes-
#25269	REDUCE cov: 170 ft: 769 corp: 165/149Kb lim: 4869 exec/s: 25269 rss: 105Mb L: 253/4599 MS: 1 EraseBytes-
#25347	REDUCE cov: 170 ft: 769 corp: 165/149Kb lim: 4869 exec/s: 25347 rss: 105Mb L: 567/4599 MS: 3 ChangeBit-ChangeByte-EraseBytes-
#25445	REDUCE cov: 170 ft: 769 corp: 165/148Kb lim: 4869 exec/s: 25445 rss: 105Mb L: 2078/4599 MS: 3 ChangeASCIIInt-ChangeBinInt-EraseBytes-
#25536	REDUCE cov: 170 ft: 769 corp: 165/148Kb lim: 4869 exec/s: 25536 rss: 105Mb L: 871/4599 MS: 1 EraseBytes-
#25690	REDUCE cov: 170 ft: 769 corp: 165/148Kb lim: 4869 exec/s: 25690 rss: 106Mb L: 85/4599 MS: 4 ChangeBit-ChangeASCIIInt-PersAutoDict-EraseBytes- DE: "\001\000\000\000\000\000\000\027"-
#25756	REDUCE cov: 170 ft: 769 corp: 165/148Kb lim: 4869 exec/s: 25756 rss: 106Mb L: 131/4599 MS: 1 EraseBytes-
#25812	REDUCE cov: 170 ft: 769 corp: 165/148Kb lim: 4869 exec/s: 25812 rss: 106Mb L: 252/4599 MS: 1 EraseBytes-
#25963	REDUCE cov: 170 ft: 769 corp: 165/148Kb lim: 4869 exec/s: 25963 rss: 106Mb L: 5/4599 MS: 1 EraseBytes-
#26085	REDUCE cov: 170 ft: 769 corp: 165/148Kb lim: 4869 exec/s: 26085 rss: 106Mb L: 104/4599 MS: 2 ChangeByte-EraseBytes-
#26132	REDUCE cov: 170 ft: 769 corp: 165/148Kb lim: 4869 exec/s: 26132 rss: 106Mb L: 210/4599 MS: 2 ShuffleBytes-EraseBytes-
#26149	REDUCE cov: 170 ft: 769 corp: 165/148Kb lim: 4869 exec/s: 26149 rss: 106Mb L: 18/4599 MS: 2 ChangeBit-EraseBytes-
#26267	REDUCE cov: 170 ft: 769 corp: 165/148Kb lim: 4869 exec/s: 26267 rss: 107Mb L: 190/4599 MS: 3 InsertRepeatedBytes-EraseBytes-EraseBytes-
#26378	NEW    cov: 171 ft: 770 corp: 166/150Kb lim: 4869 exec/s: 26378 rss: 107Mb L: 1796/4599 MS: 1 PersAutoDict- DE: "\011\000"-
#26398	REDUCE cov: 171 ft: 770 corp: 166/150Kb lim: 4869 exec/s: 26398 rss: 107Mb L: 648/4599 MS: 5 PersAutoDict-InsertRepeatedBytes-ChangeASCIIInt-ChangeASCIIInt-EraseBytes- DE: "D*>\323\271n\000\000"-
#26451	REDUCE cov: 171 ft: 770 corp: 166/150Kb lim: 4869 exec/s: 26451 rss: 107Mb L: 125/4599 MS: 3 ChangeASCIIInt-CopyPart-EraseBytes-
#26502	REDUCE cov: 171 ft: 770 corp: 166/149Kb lim: 4869 exec/s: 26502 rss: 107Mb L: 1786/4599 MS: 1 EraseBytes-
#26511	REDUCE cov: 171 ft: 770 corp: 166/149Kb lim: 4869 exec/s: 26511 rss: 107Mb L: 708/4599 MS: 4 InsertByte-CMP-InsertRepeatedBytes-EraseBytes- DE: "\000\000\000\000\000\000\000\000"-
#26523	REDUCE cov: 171 ft: 770 corp: 166/149Kb lim: 4869 exec/s: 26523 rss: 107Mb L: 231/4599 MS: 2 InsertByte-EraseBytes-
#26588	REDUCE cov: 171 ft: 770 corp: 166/149Kb lim: 4869 exec/s: 26588 rss: 107Mb L: 462/4599 MS: 5 ChangeBit-ChangeBinInt-CrossOver-ChangeBit-EraseBytes-
#26598	REDUCE cov: 171 ft: 770 corp: 166/149Kb lim: 4869 exec/s: 26598 rss: 107Mb L: 534/4599 MS: 5 CopyPart-PersAutoDict-ChangeASCIIInt-EraseBytes-EraseBytes- DE: "\262\027\011\323\251n\000\000"-
#26602	REDUCE cov: 171 ft: 770 corp: 166/149Kb lim: 4869 exec/s: 26602 rss: 107Mb L: 232/4599 MS: 4 CMP-ShuffleBytes-PersAutoDict-EraseBytes- DE: "side"-"\001\000"-
#26718	REDUCE cov: 171 ft: 770 corp: 166/148Kb lim: 4869 exec/s: 26718 rss: 108Mb L: 1163/4599 MS: 1 EraseBytes-
#26730	REDUCE cov: 171 ft: 770 corp: 166/148Kb lim: 4869 exec/s: 26730 rss: 108Mb L: 822/4599 MS: 2 CMP-EraseBytes- DE: "\377\377\377\373"-
#26731	REDUCE cov: 171 ft: 770 corp: 166/148Kb lim: 4869 exec/s: 26731 rss: 108Mb L: 1673/4599 MS: 1 EraseBytes-
#26859	REDUCE cov: 171 ft: 770 corp: 166/148Kb lim: 4869 exec/s: 26859 rss: 108Mb L: 185/4599 MS: 3 ChangeASCIIInt-InsertByte-EraseBytes-
#26872	REDUCE cov: 171 ft: 770 corp: 166/148Kb lim: 4869 exec/s: 26872 rss: 108Mb L: 11/4599 MS: 3 ChangeBit-ChangeByte-EraseBytes-
#27013	REDUCE cov: 171 ft: 770 corp: 166/148Kb lim: 4869 exec/s: 27013 rss: 108Mb L: 294/4599 MS: 1 EraseBytes-
#27204	REDUCE cov: 171 ft: 770 corp: 166/148Kb lim: 4869 exec/s: 27204 rss: 108Mb L: 18/4599 MS: 1 EraseBytes-
#27386	REDUCE cov: 171 ft: 770 corp: 166/148Kb lim: 4869 exec/s: 27386 rss: 109Mb L: 388/4599 MS: 2 ShuffleBytes-EraseBytes-
#27439	REDUCE cov: 171 ft: 770 corp: 166/148Kb lim: 4869 exec/s: 27439 rss: 109Mb L: 111/4599 MS: 3 CopyPart-ShuffleBytes-EraseBytes-
#27440	REDUCE cov: 171 ft: 770 corp: 166/148Kb lim: 4869 exec/s: 27440 rss: 109Mb L: 967/4599 MS: 1 EraseBytes-
#27454	REDUCE cov: 171 ft: 770 corp: 166/148Kb lim: 4869 exec/s: 27454 rss: 109Mb L: 123/4599 MS: 4 ShuffleBytes-ShuffleBytes-ChangeASCIIInt-EraseBytes-
#27472	REDUCE cov: 171 ft: 770 corp: 166/148Kb lim: 4869 exec/s: 27472 rss: 109Mb L: 711/4599 MS: 3 ShuffleBytes-CopyPart-EraseBytes-
#27567	REDUCE cov: 171 ft: 770 corp: 166/148Kb lim: 4869 exec/s: 27567 rss: 109Mb L: 445/4599 MS: 5 ChangeByte-CMP-CopyPart-ChangeBit-EraseBytes- DE: "\000\000\000\000"-
#27610	REDUCE cov: 171 ft: 770 corp: 166/148Kb lim: 4869 exec/s: 27610 rss: 109Mb L: 85/4599 MS: 3 ChangeASCIIInt-ShuffleBytes-EraseBytes-
#27628	REDUCE cov: 171 ft: 770 corp: 166/147Kb lim: 4869 exec/s: 27628 rss: 109Mb L: 364/4599 MS: 3 ChangeBinInt-ShuffleBytes-EraseBytes-
#27696	REDUCE cov: 171 ft: 770 corp: 166/147Kb lim: 4869 exec/s: 27696 rss: 109Mb L: 236/4599 MS: 3 ChangeASCIIInt-CopyPart-EraseBytes-
#27717	REDUCE cov: 171 ft: 770 corp: 166/147Kb lim: 4869 exec/s: 27717 rss: 109Mb L: 156/4599 MS: 1 EraseBytes-
#27734	REDUCE cov: 171 ft: 770 corp: 166/147Kb lim: 4869 exec/s: 27734 rss: 109Mb L: 121/4599 MS: 2 ChangeByte-EraseBytes-
#27897	REDUCE cov: 171 ft: 770 corp: 166/147Kb lim: 4869 exec/s: 27897 rss: 109Mb L: 299/4599 MS: 3 CrossOver-ChangeBit-EraseBytes-
#27929	REDUCE cov: 171 ft: 770 corp: 166/147Kb lim: 4869 exec/s: 27929 rss: 110Mb L: 876/4599 MS: 2 CopyPart-EraseBytes-
#28037	REDUCE cov: 171 ft: 770 corp: 166/147Kb lim: 4869 exec/s: 28037 rss: 110Mb L: 682/4599 MS: 3 ChangeBinInt-ChangeASCIIInt-EraseBytes-
#28048	REDUCE cov: 171 ft: 770 corp: 166/147Kb lim: 4869 exec/s: 28048 rss: 110Mb L: 392/4599 MS: 1 EraseBytes-
#28291	REDUCE cov: 171 ft: 770 corp: 166/147Kb lim: 4869 exec/s: 28291 rss: 110Mb L: 177/4599 MS: 3 ShuffleBytes-PersAutoDict-EraseBytes- DE: "\377\377\377\360"-
#28308	REDUCE cov: 171 ft: 770 corp: 166/147Kb lim: 4869 exec/s: 28308 rss: 110Mb L: 652/4599 MS: 2 InsertByte-EraseBytes-
#28323	REDUCE cov: 171 ft: 770 corp: 166/146Kb lim: 4869 exec/s: 28323 rss: 110Mb L: 918/4599 MS: 5 CopyPart-ChangeByte-ChangeByte-ChangeASCIIInt-EraseBytes-
#28356	REDUCE cov: 171 ft: 770 corp: 166/146Kb lim: 4869 exec/s: 28356 rss: 110Mb L: 930/4599 MS: 3 CMP-ChangeBit-EraseBytes- DE: "\377\377\377\377"-
#28397	REDUCE cov: 173 ft: 772 corp: 167/149Kb lim: 4869 exec/s: 28397 rss: 111Mb L: 2511/4599 MS: 1 ChangeByte-
#28504	REDUCE cov: 173 ft: 772 corp: 167/149Kb lim: 4869 exec/s: 28504 rss: 111Mb L: 21/4599 MS: 2 ChangeASCIIInt-EraseBytes-
#28550	REDUCE cov: 173 ft: 772 corp: 167/148Kb lim: 4869 exec/s: 28550 rss: 111Mb L: 930/4599 MS: 1 EraseBytes-
#28630	REDUCE cov: 173 ft: 772 corp: 167/148Kb lim: 4869 exec/s: 28630 rss: 111Mb L: 297/4599 MS: 5 ChangeBit-ChangeByte-InsertByte-ChangeBit-EraseBytes-
#28636	REDUCE cov: 173 ft: 772 corp: 167/148Kb lim: 4869 exec/s: 28636 rss: 111Mb L: 631/4599 MS: 1 EraseBytes-
#28730	REDUCE cov: 173 ft: 772 corp: 167/148Kb lim: 4869 exec/s: 28730 rss: 111Mb L: 2418/4599 MS: 4 ShuffleBytes-ChangeByte-CrossOver-CrossOver-
#28821	REDUCE cov: 173 ft: 772 corp: 167/148Kb lim: 4869 exec/s: 28821 rss: 111Mb L: 2652/4599 MS: 1 EraseBytes-
#28828	REDUCE cov: 173 ft: 772 corp: 167/148Kb lim: 4869 exec/s: 28828 rss: 111Mb L: 363/4599 MS: 2 ChangeBinInt-EraseBytes-
#28962	REDUCE cov: 173 ft: 772 corp: 167/147Kb lim: 4869 exec/s: 28962 rss: 112Mb L: 1828/4599 MS: 4 PersAutoDict-InsertRepeatedBytes-ShuffleBytes-CrossOver- DE: "ETvH"-
#28974	REDUCE cov: 173 ft: 772 corp: 167/147Kb lim: 4869 exec/s: 28974 rss: 112Mb L: 402/4599 MS: 2 ChangeASCIIInt-EraseBytes-
#28980	REDUCE cov: 173 ft: 772 corp: 167/147Kb lim: 4869 exec/s: 28980 rss: 112Mb L: 18/4599 MS: 1 EraseBytes-
#28981	REDUCE cov: 173 ft: 772 corp: 167/147Kb lim: 4869 exec/s: 28981 rss: 112Mb L: 574/4599 MS: 1 EraseBytes-
#29097	REDUCE cov: 173 ft: 772 corp: 167/147Kb lim: 4869 exec/s: 29097 rss: 112Mb L: 1477/4599 MS: 1 EraseBytes-
#29104	REDUCE cov: 173 ft: 772 corp: 167/147Kb lim: 4869 exec/s: 29104 rss: 112Mb L: 441/4599 MS: 2 InsertByte-EraseBytes-
#29307	REDUCE cov: 173 ft: 772 corp: 167/147Kb lim: 4869 exec/s: 29307 rss: 112Mb L: 635/4599 MS: 3 ChangeBit-ChangeByte-EraseBytes-
#29388	REDUCE cov: 173 ft: 772 corp: 167/147Kb lim: 4869 exec/s: 29388 rss: 113Mb L: 398/4599 MS: 1 EraseBytes-
#29410	REDUCE cov: 173 ft: 772 corp: 167/147Kb lim: 4869 exec/s: 29410 rss: 113Mb L: 16/4599 MS: 2 ChangeBit-EraseBytes-
#29455	REDUCE cov: 173 ft: 772 corp: 167/147Kb lim: 4869 exec/s: 29455 rss: 113Mb L: 114/4599 MS: 5 ChangeByte-CMP-ChangeByte-InsertByte-EraseBytes- DE: "\007\000\000\000\000\000\000\000"-
#29456	REDUCE cov: 173 ft: 772 corp: 167/147Kb lim: 4869 exec/s: 29456 rss: 113Mb L: 9/4599 MS: 1 EraseBytes-
#29576	REDUCE cov: 173 ft: 774 corp: 168/149Kb lim: 4869 exec/s: 29576 rss: 113Mb L: 2173/4599 MS: 5 EraseBytes-ChangeByte-CMP-ChangeByte-EraseBytes- DE: "\377\377\377\377\377\377\377\377"-
#29684	REDUCE cov: 173 ft: 774 corp: 168/149Kb lim: 4869 exec/s: 29684 rss: 113Mb L: 735/4599 MS: 3 ChangeBit-InsertByte-EraseBytes-
#29712	NEW    cov: 173 ft: 775 corp: 169/152Kb lim: 4869 exec/s: 29712 rss: 113Mb L: 3185/4599 MS: 3 CrossOver-InsertRepeatedBytes-CopyPart-
#29727	REDUCE cov: 173 ft: 775 corp: 169/152Kb lim: 4869 exec/s: 29727 rss: 113Mb L: 209/4599 MS: 5 ChangeASCIIInt-ShuffleBytes-CopyPart-EraseBytes-ChangeBinInt-
#29739	REDUCE cov: 173 ft: 775 corp: 169/152Kb lim: 4869 exec/s: 29739 rss: 113Mb L: 237/4599 MS: 2 ChangeBinInt-EraseBytes-
#29755	REDUCE cov: 173 ft: 775 corp: 169/151Kb lim: 4869 exec/s: 29755 rss: 113Mb L: 1394/4599 MS: 1 EraseBytes-
#29778	REDUCE cov: 173 ft: 775 corp: 169/151Kb lim: 4869 exec/s: 29778 rss: 113Mb L: 103/4599 MS: 3 InsertByte-ChangeASCIIInt-EraseBytes-
#30088	REDUCE cov: 173 ft: 775 corp: 169/151Kb lim: 4869 exec/s: 15044 rss: 114Mb L: 270/4599 MS: 5 ShuffleBytes-ChangeASCIIInt-PersAutoDict-ShuffleBytes-EraseBytes- DE: "sz"-
#30238	REDUCE cov: 173 ft: 775 corp: 169/151Kb lim: 4869 exec/s: 15119 rss: 116Mb L: 385/4599 MS: 2 CopyPart-EraseBytes-
#30320	REDUCE cov: 173 ft: 775 corp: 169/151Kb lim: 4869 exec/s: 15160 rss: 116Mb L: 84/4599 MS: 2 InsertRepeatedBytes-EraseBytes-
#30404	REDUCE cov: 173 ft: 775 corp: 169/150Kb lim: 4869 exec/s: 15202 rss: 117Mb L: 686/4599 MS: 4 EraseBytes-InsertRepeatedBytes-EraseBytes-PersAutoDict- DE: ".9"-
#30419	REDUCE cov: 173 ft: 775 corp: 169/150Kb lim: 4869 exec/s: 15209 rss: 117Mb L: 424/4599 MS: 5 ChangeASCIIInt-ChangeASCIIInt-ChangeByte-ShuffleBytes-EraseBytes-
#30472	REDUCE cov: 173 ft: 775 corp: 169/150Kb lim: 4869 exec/s: 15236 rss: 117Mb L: 87/4599 MS: 3 CrossOver-ChangeByte-EraseBytes-
#30502	REDUCE cov: 173 ft: 775 corp: 169/150Kb lim: 4869 exec/s: 15251 rss: 117Mb L: 62/4599 MS: 5 InsertByte-CopyPart-CMP-ShuffleBytes-EraseBytes- DE: "\000\000\000\000"-
#30540	REDUCE cov: 173 ft: 775 corp: 169/150Kb lim: 4869 exec/s: 15270 rss: 117Mb L: 381/4599 MS: 3 CrossOver-CrossOver-CrossOver-
#30904	REDUCE cov: 173 ft: 775 corp: 169/150Kb lim: 4869 exec/s: 15452 rss: 117Mb L: 495/4599 MS: 4 ShuffleBytes-PersAutoDict-ChangeBit-EraseBytes- DE: "\377\377m9\3230\314\343"-
#31041	REDUCE cov: 173 ft: 775 corp: 169/150Kb lim: 4869 exec/s: 15520 rss: 118Mb L: 692/4599 MS: 2 InsertRepeatedBytes-EraseBytes-
#31055	REDUCE cov: 173 ft: 775 corp: 169/149Kb lim: 4869 exec/s: 15527 rss: 118Mb L: 236/4599 MS: 4 ChangeByte-ChangeByte-EraseBytes-InsertByte-
#31056	REDUCE cov: 173 ft: 775 corp: 169/149Kb lim: 4869 exec/s: 15528 rss: 118Mb L: 108/4599 MS: 1 EraseBytes-
#31109	REDUCE cov: 173 ft: 775 corp: 169/149Kb lim: 4869 exec/s: 15554 rss: 118Mb L: 782/4599 MS: 3 ChangeBinInt-InsertByte-EraseBytes-
#31184	REDUCE cov: 173 ft: 775 corp: 169/149Kb lim: 4869 exec/s: 15592 rss: 118Mb L: 190/4599 MS: 5 ChangeByte-ChangeByte-CMP-ChangeByte-EraseBytes- DE: "\000\000\000\000"-
#31217	REDUCE cov: 173 ft: 775 corp: 169/149Kb lim: 4869 exec/s: 15608 rss: 118Mb L: 217/4599 MS: 3 CMP-InsertByte-EraseBytes- DE: "time"-
#31254	REDUCE cov: 173 ft: 775 corp: 169/149Kb lim: 4869 exec/s: 15627 rss: 118Mb L: 1620/4599 MS: 2 ShuffleBytes-EraseBytes-
#31273	REDUCE cov: 173 ft: 775 corp: 169/149Kb lim: 4869 exec/s: 15636 rss: 118Mb L: 236/4599 MS: 4 ChangeBinInt-ChangeBinInt-PersAutoDict-EraseBytes- DE: "\000\000\000\000\000\000\000\000"-
#31314	REDUCE cov: 173 ft: 775 corp: 169/149Kb lim: 4869 exec/s: 15657 rss: 118Mb L: 356/4599 MS: 1 EraseBytes-
#31498	REDUCE cov: 173 ft: 775 corp: 169/148Kb lim: 4869 exec/s: 15749 rss: 118Mb L: 2592/4599 MS: 4 InsertByte-ShuffleBytes-ChangeASCIIInt-EraseBytes-
#31619	REDUCE cov: 173 ft: 775 corp: 169/148Kb lim: 4869 exec/s: 15809 rss: 119Mb L: 79/4599 MS: 1 EraseBytes-
#31621	REDUCE cov: 173 ft: 775 corp: 169/148Kb lim: 4869 exec/s: 15810 rss: 119Mb L: 76/4599 MS: 2 CopyPart-EraseBytes-
#31637	REDUCE cov: 173 ft: 775 corp: 169/148Kb lim: 4869 exec/s: 15818 rss: 119Mb L: 223/4599 MS: 1 EraseBytes-
#31702	REDUCE cov: 173 ft: 775 corp: 169/148Kb lim: 4869 exec/s: 15851 rss: 119Mb L: 359/4599 MS: 5 ChangeByte-ChangeByte-InsertRepeatedBytes-ShuffleBytes-EraseBytes-
#31824	REDUCE cov: 173 ft: 775 corp: 169/148Kb lim: 4869 exec/s: 15912 rss: 119Mb L: 145/4599 MS: 2 ChangeByte-EraseBytes-
#32087	REDUCE cov: 173 ft: 775 corp: 169/148Kb lim: 4869 exec/s: 16043 rss: 119Mb L: 915/4599 MS: 3 ChangeBit-PersAutoDict-EraseBytes- DE: "[\003\000\000\000\000\000\000"-
#32216	REDUCE cov: 173 ft: 775 corp: 169/148Kb lim: 4869 exec/s: 16108 rss: 120Mb L: 464/4599 MS: 4 ChangeBit-CrossOver-ChangeASCIIInt-EraseBytes-
#32457	REDUCE cov: 173 ft: 775 corp: 169/148Kb lim: 4869 exec/s: 16228 rss: 120Mb L: 345/4599 MS: 1 EraseBytes-
#32478	REDUCE cov: 173 ft: 775 corp: 169/147Kb lim: 4869 exec/s: 16239 rss: 120Mb L: 1769/4599 MS: 1 EraseBytes-
#32495	REDUCE cov: 173 ft: 777 corp: 170/150Kb lim: 4869 exec/s: 16247 rss: 120Mb L: 2905/4599 MS: 2 InsertByte-CopyPart-
#32570	REDUCE cov: 173 ft: 777 corp: 170/150Kb lim: 4869 exec/s: 16285 rss: 120Mb L: 799/4599 MS: 5 InsertRepeatedBytes-ChangeBit-ChangeBit-CrossOver-EraseBytes-
#32601	REDUCE cov: 173 ft: 777 corp: 170/150Kb lim: 4869 exec/s: 16300 rss: 120Mb L: 138/4599 MS: 1 EraseBytes-
#32630	REDUCE cov: 173 ft: 777 corp: 170/150Kb lim: 4869 exec/s: 16315 rss: 120Mb L: 2223/4599 MS: 4 ChangeByte-CopyPart-PersAutoDict-EraseBytes- DE: "\377\377\377\360"-
#32663	REDUCE cov: 173 ft: 777 corp: 170/150Kb lim: 4869 exec/s: 16331 rss: 120Mb L: 611/4599 MS: 3 ShuffleBytes-ShuffleBytes-EraseBytes-
#32689	REDUCE cov: 173 ft: 777 corp: 170/150Kb lim: 4869 exec/s: 16344 rss: 120Mb L: 551/4599 MS: 1 EraseBytes-
#32753	REDUCE cov: 173 ft: 777 corp: 170/149Kb lim: 4869 exec/s: 16376 rss: 121Mb L: 560/4599 MS: 4 InsertRepeatedBytes-ChangeBit-PersAutoDict-EraseBytes- DE: "\013\000\000\000\000\000\000\000"-
#32768	pulse  cov: 173 ft: 777 corp: 170/149Kb lim: 4869 exec/s: 16384 rss: 121Mb
#32778	REDUCE cov: 173 ft: 777 corp: 170/149Kb lim: 4869 exec/s: 16389 rss: 121Mb L: 176/4599 MS: 5 InsertByte-ChangeByte-InsertRepeatedBytes-EraseBytes-EraseBytes-
#32782	REDUCE cov: 173 ft: 777 corp: 170/149Kb lim: 4869 exec/s: 16391 rss: 121Mb L: 802/4599 MS: 4 InsertRepeatedBytes-ChangeASCIIInt-CMP-EraseBytes- DE: ":{"-
#32797	REDUCE cov: 173 ft: 777 corp: 170/149Kb lim: 4869 exec/s: 16398 rss: 121Mb L: 189/4599 MS: 5 ChangeBit-CopyPart-PersAutoDict-ChangeByte-EraseBytes- DE: "\262\027\011\323\251n\000\000"-
#32818	REDUCE cov: 173 ft: 777 corp: 170/149Kb lim: 4869 exec/s: 16409 rss: 121Mb L: 126/4599 MS: 1 EraseBytes-
#32846	REDUCE cov: 173 ft: 777 corp: 170/149Kb lim: 4869 exec/s: 16423 rss: 121Mb L: 354/4599 MS: 3 PersAutoDict-ChangeBinInt-EraseBytes- DE: "\234\206\003\323\271n\000\000"-
#32995	REDUCE cov: 173 ft: 777 corp: 170/149Kb lim: 4869 exec/s: 16497 rss: 121Mb L: 251/4599 MS: 4 ChangeBit-PersAutoDict-ChangeBit-EraseBytes- DE: "levels"-
#33004	REDUCE cov: 173 ft: 777 corp: 170/149Kb lim: 4869 exec/s: 16502 rss: 121Mb L: 13/4599 MS: 4 ShuffleBytes-CopyPart-PersAutoDict-EraseBytes- DE: "3c2c\","-
#33012	REDUCE cov: 173 ft: 777 corp: 170/149Kb lim: 4869 exec/s: 16506 rss: 121Mb L: 951/4599 MS: 3 ChangeBinInt-CrossOver-EraseBytes-
#33173	REDUCE cov: 173 ft: 777 corp: 170/149Kb lim: 4869 exec/s: 16586 rss: 121Mb L: 347/4599 MS: 1 EraseBytes-
#33269	REDUCE cov: 173 ft: 777 corp: 170/148Kb lim: 4869 exec/s: 16634 rss: 121Mb L: 2014/4599 MS: 1 EraseBytes-
#33270	REDUCE cov: 173 ft: 777 corp: 170/148Kb lim: 4869 exec/s: 16635 rss: 121Mb L: 7/4599 MS: 1 EraseBytes-
#33326	REDUCE cov: 173 ft: 777 corp: 170/148Kb lim: 4869 exec/s: 16663 rss: 122Mb L: 599/4599 MS: 1 EraseBytes-
#33494	REDUCE cov: 173 ft: 777 corp: 170/148Kb lim: 4869 exec/s: 16747 rss: 122Mb L: 580/4599 MS: 3 InsertRepeatedBytes-InsertRepeatedBytes-EraseBytes-
#33497	REDUCE cov: 173 ft: 777 corp: 170/148Kb lim: 4869 exec/s: 16748 rss: 122Mb L: 1758/4599 MS: 3 InsertRepeatedBytes-ChangeASCIIInt-EraseBytes-
#33604	REDUCE cov: 173 ft: 777 corp: 170/148Kb lim: 4869 exec/s: 16802 rss: 122Mb L: 545/4599 MS: 2 CrossOver-EraseBytes-
#33850	REDUCE cov: 173 ft: 777 corp: 170/148Kb lim: 4869 exec/s: 16925 rss: 122Mb L: 291/4599 MS: 1 EraseBytes-
#34009	REDUCE cov: 173 ft: 777 corp: 170/148Kb lim: 4869 exec/s: 17004 rss: 123Mb L: 504/4599 MS: 4 CMP-CopyPart-ChangeBinInt-EraseBytes- DE: "s\"px"-
#34111	NEW    cov: 173 ft: 779 corp: 171/150Kb lim: 4869 exec/s: 17055 rss: 123Mb L: 2365/4599 MS: 2 InsertByte-InsertRepeatedBytes-
#34183	REDUCE cov: 173 ft: 780 corp: 172/150Kb lim: 4869 exec/s: 17091 rss: 123Mb L: 1/4599 MS: 2 ChangeByte-ChangeBinInt-
#34209	REDUCE cov: 173 ft: 780 corp: 172/150Kb lim: 4869 exec/s: 17104 rss: 123Mb L: 386/4599 MS: 1 CrossOver-
#34464	REDUCE cov: 173 ft: 781 corp: 173/151Kb lim: 4869 exec/s: 17232 rss: 124Mb L: 1061/4599 MS: 5 ChangeByte-InsertRepeatedBytes-ChangeBinInt-ChangeASCIIInt-CrossOver-
#34631	REDUCE cov: 173 ft: 781 corp: 173/151Kb lim: 4869 exec/s: 17315 rss: 124Mb L: 137/4599 MS: 2 CMP-EraseBytes- DE: "\265\026\011\323\031n\000\000"-
#34642	REDUCE cov: 173 ft: 781 corp: 173/151Kb lim: 4869 exec/s: 17321 rss: 124Mb L: 672/4599 MS: 1 EraseBytes-
#34728	REDUCE cov: 173 ft: 782 corp: 174/151Kb lim: 4869 exec/s: 17364 rss: 124Mb L: 9/4599 MS: 1 ChangeBinInt-
#34754	REDUCE cov: 173 ft: 782 corp: 174/151Kb lim: 4869 exec/s: 17377 rss: 124Mb L: 67/4599 MS: 1 EraseBytes-
#34821	REDUCE cov: 173 ft: 782 corp: 174/151Kb lim: 4869 exec/s: 17410 rss: 124Mb L: 187/4599 MS: 2 InsertByte-EraseBytes-
#34844	REDUCE cov: 173 ft: 782 corp: 174/151Kb lim: 4869 exec/s: 17422 rss: 124Mb L: 442/4599 MS: 3 ChangeASCIIInt-PersAutoDict-EraseBytes- DE: "\001\000"-
#34877	REDUCE cov: 173 ft: 782 corp: 174/151Kb lim: 4869 exec/s: 17438 rss: 124Mb L: 228/4599 MS: 3 PersAutoDict-InsertByte-EraseBytes- DE: "\002\000"-
#34889	REDUCE cov: 173 ft: 782 corp: 174/151Kb lim: 4869 exec/s: 17444 rss: 124Mb L: 117/4599 MS: 2 ChangeBinInt-EraseBytes-
#35081	NEW    cov: 173 ft: 784 corp: 175/153Kb lim: 4869 exec/s: 17540 rss: 125Mb L: 2365/4599 MS: 2 ChangeBit-CopyPart-
#35108	REDUCE cov: 173 ft: 784 corp: 175/153Kb lim: 4869 exec/s: 17554 rss: 125Mb L: 1940/4599 MS: 2 CrossOver-EraseBytes-
#35176	REDUCE cov: 173 ft: 784 corp: 175/153Kb lim: 4869 exec/s: 17588 rss: 125Mb L: 8/4599 MS: 3 CMP-ChangeBit-EraseBytes- DE: "\000\005"-
#35303	REDUCE cov: 173 ft: 784 corp: 175/153Kb lim: 4869 exec/s: 17651 rss: 125Mb L: 172/4599 MS: 2 ChangeBit-EraseBytes-
#35397	REDUCE cov: 173 ft: 784 corp: 175/153Kb lim: 4869 exec/s: 17698 rss: 125Mb L: 2107/4599 MS: 4 CMP-ChangeByte-InsertRepeatedBytes-EraseBytes- DE: "levels"-
#35468	REDUCE cov: 173 ft: 784 corp: 175/153Kb lim: 4869 exec/s: 17734 rss: 125Mb L: 1288/4599 MS: 1 EraseBytes-
#35504	REDUCE cov: 173 ft: 784 corp: 175/153Kb lim: 4869 exec/s: 17752 rss: 125Mb L: 85/4599 MS: 1 EraseBytes-
#35533	REDUCE cov: 173 ft: 785 corp: 176/153Kb lim: 4869 exec/s: 17766 rss: 126Mb L: 179/4599 MS: 4 ShuffleBytes-CMP-InsertByte-InsertByte- DE: "\001\000\000\000"-
#35696	REDUCE cov: 173 ft: 785 corp: 176/153Kb lim: 4869 exec/s: 17848 rss: 126Mb L: 591/4599 MS: 3 ShuffleBytes-ChangeBit-EraseBytes-
#35723	REDUCE cov: 173 ft: 785 corp: 176/152Kb lim: 4869 exec/s: 17861 rss: 126Mb L: 1012/4599 MS: 2 InsertRepeatedBytes-EraseBytes-
#35765	REDUCE cov: 173 ft: 785 corp: 176/152Kb lim: 4869 exec/s: 17882 rss: 126Mb L: 282/4599 MS: 2 ShuffleBytes-EraseBytes-
#35943	REDUCE cov: 173 ft: 785 corp: 176/152Kb lim: 4869 exec/s: 17971 rss: 126Mb L: 4550/4550 MS: 3 ChangeByte-CopyPart-EraseBytes-
#36407	REDUCE cov: 173 ft: 785 corp: 176/152Kb lim: 4869 exec/s: 18203 rss: 127Mb L: 102/4550 MS: 4 ShuffleBytes-CopyPart-ShuffleBytes-EraseBytes-
#36494	REDUCE cov: 173 ft: 785 corp: 176/152Kb lim: 4869 exec/s: 18247 rss: 127Mb L: 256/4550 MS: 2 ChangeByte-EraseBytes-
#36651	REDUCE cov: 173 ft: 785 corp: 176/152Kb lim: 4869 exec/s: 18325 rss: 127Mb L: 146/4550 MS: 2 ChangeBinInt-EraseBytes-
#36707	REDUCE cov: 173 ft: 785 corp: 176/152Kb lim: 4869 exec/s: 18353 rss: 127Mb L: 620/4550 MS: 1 EraseBytes-
#36731	REDUCE cov: 173 ft: 785 corp: 176/151Kb lim: 4869 exec/s: 18365 rss: 127Mb L: 1131/4550 MS: 4 ChangeASCIIInt-CopyPart-ShuffleBytes-EraseBytes-
#36914	REDUCE cov: 173 ft: 785 corp: 176/151Kb lim: 4869 exec/s: 18457 rss: 128Mb L: 1778/4550 MS: 3 ChangeBit-InsertRepeatedBytes-EraseBytes-
#37035	REDUCE cov: 173 ft: 785 corp: 176/151Kb lim: 4869 exec/s: 18517 rss: 128Mb L: 498/4550 MS: 1 EraseBytes-
#37098	REDUCE cov: 173 ft: 785 corp: 176/151Kb lim: 4869 exec/s: 18549 rss: 128Mb L: 391/4550 MS: 3 InsertByte-ChangeASCIIInt-EraseBytes-
#37131	REDUCE cov: 173 ft: 785 corp: 176/150Kb lim: 4869 exec/s: 18565 rss: 128Mb L: 917/4550 MS: 3 ChangeASCIIInt-ChangeBinInt-EraseBytes-
#37338	REDUCE cov: 173 ft: 785 corp: 176/150Kb lim: 4869 exec/s: 18669 rss: 128Mb L: 403/4550 MS: 2 ShuffleBytes-EraseBytes-
#37355	REDUCE cov: 173 ft: 785 corp: 176/150Kb lim: 4869 exec/s: 18677 rss: 128Mb L: 103/4550 MS: 2 ChangeBit-EraseBytes-
#37440	REDUCE cov: 173 ft: 785 corp: 176/149Kb lim: 4869 exec/s: 18720 rss: 129Mb L: 1378/4550 MS: 5 ChangeBit-InsertRepeatedBytes-InsertByte-ShuffleBytes-EraseBytes-
#37592	REDUCE cov: 173 ft: 785 corp: 176/149Kb lim: 4869 exec/s: 18796 rss: 129Mb L: 1145/4550 MS: 2 InsertRepeatedBytes-EraseBytes-
#37633	REDUCE cov: 173 ft: 785 corp: 176/149Kb lim: 4869 exec/s: 18816 rss: 129Mb L: 406/4550 MS: 1 EraseBytes-
#37644	REDUCE cov: 173 ft: 785 corp: 176/148Kb lim: 4869 exec/s: 18822 rss: 129Mb L: 1686/4550 MS: 1 CrossOver-
#37783	REDUCE cov: 173 ft: 787 corp: 177/150Kb lim: 4869 exec/s: 18891 rss: 129Mb L: 1479/4550 MS: 4 PersAutoDict-ChangeASCIIInt-ShuffleBytes-InsertRepeatedBytes- DE: "levels"-
#37830	REDUCE cov: 173 ft: 787 corp: 177/150Kb lim: 4869 exec/s: 18915 rss: 129Mb L: 895/4550 MS: 2 InsertRepeatedBytes-EraseBytes-
#37846	REDUCE cov: 173 ft: 787 corp: 177/149Kb lim: 4869 exec/s: 18923 rss: 129Mb L: 3939/4413 MS: 1 EraseBytes-
#37874	REDUCE cov: 173 ft: 787 corp: 177/149Kb lim: 4869 exec/s: 18937 rss: 129Mb L: 85/4413 MS: 3 InsertRepeatedBytes-ShuffleBytes-EraseBytes-
#38011	REDUCE cov: 173 ft: 787 corp: 177/149Kb lim: 4869 exec/s: 19005 rss: 130Mb L: 14/4413 MS: 2 ChangeBinInt-EraseBytes-
#38029	REDUCE cov: 173 ft: 787 corp: 177/149Kb lim: 4869 exec/s: 19014 rss: 130Mb L: 68/4413 MS: 3 PersAutoDict-ChangeBit-EraseBytes- DE: "\000\005"-
#38057	REDUCE cov: 173 ft: 787 corp: 177/149Kb lim: 4869 exec/s: 19028 rss: 130Mb L: 2249/4413 MS: 3 InsertRepeatedBytes-ChangeASCIIInt-EraseBytes-
#38128	REDUCE cov: 173 ft: 787 corp: 177/149Kb lim: 4869 exec/s: 19064 rss: 130Mb L: 114/4413 MS: 1 EraseBytes-
#38147	REDUCE cov: 173 ft: 787 corp: 177/149Kb lim: 4869 exec/s: 19073 rss: 130Mb L: 1469/4413 MS: 4 ShuffleBytes-PersAutoDict-PersAutoDict-EraseBytes- DE: "\001\000\000\000"-"\262\027\011\323\251n\000\000"-
#38364	REDUCE cov: 173 ft: 787 corp: 177/149Kb lim: 4869 exec/s: 19182 rss: 130Mb L: 269/4413 MS: 2 InsertByte-EraseBytes-
#38438	REDUCE cov: 173 ft: 787 corp: 177/149Kb lim: 4869 exec/s: 19219 rss: 130Mb L: 165/4413 MS: 4 ChangeASCIIInt-InsertByte-ShuffleBytes-EraseBytes-
#38665	REDUCE cov: 173 ft: 787 corp: 177/149Kb lim: 4869 exec/s: 19332 rss: 131Mb L: 262/4413 MS: 2 CopyPart-EraseBytes-
#38819	REDUCE cov: 173 ft: 787 corp: 177/149Kb lim: 4869 exec/s: 19409 rss: 131Mb L: 198/4413 MS: 4 ChangeByte-ShuffleBytes-ChangeByte-EraseBytes-
#38877	REDUCE cov: 173 ft: 787 corp: 177/149Kb lim: 4869 exec/s: 19438 rss: 131Mb L: 223/4413 MS: 3 CMP-ChangeBit-EraseBytes- DE: "\000\003"-
#38915	REDUCE cov: 173 ft: 787 corp: 177/148Kb lim: 4869 exec/s: 19457 rss: 131Mb L: 1113/4413 MS: 3 ChangeASCIIInt-ChangeASCIIInt-EraseBytes-
#38968	REDUCE cov: 173 ft: 787 corp: 177/148Kb lim: 4869 exec/s: 19484 rss: 131Mb L: 133/4413 MS: 3 ShuffleBytes-PersAutoDict-EraseBytes- DE: "\001\000n\251\323\011\233M"-
#39050	REDUCE cov: 173 ft: 787 corp: 177/148Kb lim: 4869 exec/s: 19525 rss: 131Mb L: 11/4413 MS: 2 CopyPart-EraseBytes-
#39187	REDUCE cov: 173 ft: 787 corp: 177/148Kb lim: 4869 exec/s: 19593 rss: 132Mb L: 63/4413 MS: 2 ChangeByte-EraseBytes-
#39328	REDUCE cov: 173 ft: 787 corp: 177/148Kb lim: 4869 exec/s: 19664 rss: 132Mb L: 894/4413 MS: 1 EraseBytes-
#39395	REDUCE cov: 173 ft: 787 corp: 177/147Kb lim: 4869 exec/s: 19697 rss: 132Mb L: 735/4413 MS: 2 PersAutoDict-EraseBytes- DE: "\001\000\000\001"-
#39518	REDUCE cov: 173 ft: 787 corp: 177/147Kb lim: 4869 exec/s: 19759 rss: 132Mb L: 101/4413 MS: 3 PersAutoDict-ChangeByte-EraseBytes- DE: "\373\377\377\377"-
#39590	REDUCE cov: 173 ft: 787 corp: 177/147Kb lim: 4869 exec/s: 19795 rss: 132Mb L: 54/4413 MS: 2 InsertByte-EraseBytes-
#39686	REDUCE cov: 173 ft: 787 corp: 177/147Kb lim: 4869 exec/s: 19843 rss: 132Mb L: 501/4413 MS: 1 EraseBytes-
#39758	REDUCE cov: 173 ft: 787 corp: 177/147Kb lim: 4869 exec/s: 19879 rss: 132Mb L: 173/4413 MS: 2 InsertRepeatedBytes-EraseBytes-
#39861	REDUCE cov: 173 ft: 787 corp: 177/147Kb lim: 4869 exec/s: 19930 rss: 132Mb L: 473/4413 MS: 3 ChangeBit-ShuffleBytes-EraseBytes-
#39877	REDUCE cov: 173 ft: 787 corp: 177/147Kb lim: 4869 exec/s: 19938 rss: 133Mb L: 176/4413 MS: 1 EraseBytes-
#39960	REDUCE cov: 173 ft: 787 corp: 177/147Kb lim: 4869 exec/s: 19980 rss: 133Mb L: 2315/4413 MS: 3 ChangeASCIIInt-ChangeBinInt-EraseBytes-
#39966	REDUCE cov: 173 ft: 789 corp: 178/148Kb lim: 4869 exec/s: 19983 rss: 133Mb L: 895/4413 MS: 1 CopyPart-
#40032	REDUCE cov: 173 ft: 789 corp: 178/147Kb lim: 4869 exec/s: 20016 rss: 133Mb L: 318/4413 MS: 1 EraseBytes-
#40196	REDUCE cov: 173 ft: 789 corp: 178/147Kb lim: 4869 exec/s: 20098 rss: 133Mb L: 1476/4413 MS: 4 CMP-InsertByte-ChangeBit-EraseBytes- DE: "\223\347\012\323\031n\000\000"-
#40328	REDUCE cov: 173 ft: 789 corp: 178/147Kb lim: 4869 exec/s: 20164 rss: 133Mb L: 246/4413 MS: 2 ChangeBit-EraseBytes-
#40643	REDUCE cov: 173 ft: 789 corp: 178/147Kb lim: 4869 exec/s: 20321 rss: 134Mb L: 510/4413 MS: 5 PersAutoDict-ChangeBinInt-ChangeByte-ShuffleBytes-EraseBytes- DE: "ETvH"-
#40652	REDUCE cov: 173 ft: 789 corp: 178/147Kb lim: 4869 exec/s: 20326 rss: 134Mb L: 691/4413 MS: 4 CrossOver-CrossOver-CrossOver-EraseBytes-
#40811	REDUCE cov: 173 ft: 789 corp: 178/147Kb lim: 4869 exec/s: 20405 rss: 134Mb L: 541/4413 MS: 4 CrossOver-ChangeASCIIInt-InsertByte-EraseBytes-
#41007	REDUCE cov: 173 ft: 789 corp: 178/147Kb lim: 4869 exec/s: 20503 rss: 134Mb L: 1654/4413 MS: 1 EraseBytes-
#41038	REDUCE cov: 173 ft: 789 corp: 178/146Kb lim: 4869 exec/s: 20519 rss: 134Mb L: 233/4413 MS: 1 EraseBytes-
#41064	REDUCE cov: 173 ft: 789 corp: 178/146Kb lim: 4869 exec/s: 20532 rss: 134Mb L: 195/4413 MS: 1 EraseBytes-
#41091	REDUCE cov: 173 ft: 789 corp: 178/146Kb lim: 4869 exec/s: 20545 rss: 134Mb L: 536/4413 MS: 2 ChangeBinInt-EraseBytes-
#41132	REDUCE cov: 173 ft: 789 corp: 178/146Kb lim: 4869 exec/s: 20566 rss: 134Mb L: 7/4413 MS: 1 EraseBytes-
#41141	REDUCE cov: 173 ft: 789 corp: 178/146Kb lim: 4869 exec/s: 20570 rss: 134Mb L: 8/4413 MS: 4 ShuffleBytes-ChangeBit-ChangeASCIIInt-EraseBytes-
#41163	REDUCE cov: 173 ft: 789 corp: 178/146Kb lim: 4869 exec/s: 20581 rss: 135Mb L: 594/4413 MS: 2 PersAutoDict-EraseBytes- DE: "\007\000\000\000"-
#41534	REDUCE cov: 173 ft: 789 corp: 178/146Kb lim: 4869 exec/s: 20767 rss: 135Mb L: 406/4413 MS: 1 EraseBytes-
#41575	REDUCE cov: 173 ft: 789 corp: 178/146Kb lim: 4869 exec/s: 20787 rss: 135Mb L: 210/4413 MS: 1 EraseBytes-
#41688	REDUCE cov: 173 ft: 789 corp: 178/146Kb lim: 4869 exec/s: 20844 rss: 135Mb L: 5/4413 MS: 3 CopyPart-InsertByte-EraseBytes-
#41695	REDUCE cov: 173 ft: 789 corp: 178/146Kb lim: 4869 exec/s: 20847 rss: 135Mb L: 107/4413 MS: 2 ShuffleBytes-EraseBytes-
#41706	REDUCE cov: 173 ft: 789 corp: 178/146Kb lim: 4869 exec/s: 20853 rss: 135Mb L: 869/4413 MS: 1 EraseBytes-
#41723	REDUCE cov: 173 ft: 789 corp: 178/146Kb lim: 4869 exec/s: 20861 rss: 135Mb L: 380/4413 MS: 2 ChangeASCIIInt-EraseBytes-
#41807	REDUCE cov: 173 ft: 789 corp: 178/146Kb lim: 4869 exec/s: 20903 rss: 136Mb L: 93/4413 MS: 4 ChangeBit-CMP-ChangeASCIIInt-EraseBytes- DE: "\377\377\377\325"-
#41953	REDUCE cov: 173 ft: 789 corp: 178/146Kb lim: 4869 exec/s: 20976 rss: 136Mb L: 9/4413 MS: 1 EraseBytes-
#42275	REDUCE cov: 173 ft: 789 corp: 178/146Kb lim: 4869 exec/s: 21137 rss: 136Mb L: 522/4413 MS: 2 CrossOver-EraseBytes-
#42346	REDUCE cov: 173 ft: 789 corp: 178/146Kb lim: 4869 exec/s: 21173 rss: 136Mb L: 153/4413 MS: 1 EraseBytes-
#42471	REDUCE cov: 173 ft: 789 corp: 178/146Kb lim: 4869 exec/s: 21235 rss: 136Mb L: 474/4413 MS: 5 InsertRepeatedBytes-CopyPart-CopyPart-PersAutoDict-EraseBytes- DE: "time"-
#42500	REDUCE cov: 173 ft: 789 corp: 178/146Kb lim: 4869 exec/s: 21250 rss: 137Mb L: 81/4413 MS: 4 ChangeBit-CMP-PersAutoDict-EraseBytes- DE: "\377\377\377\377\377\377\377\377"-"\002\000"-
#42517	REDUCE cov: 173 ft: 789 corp: 178/146Kb lim: 4869 exec/s: 21258 rss: 137Mb L: 59/4413 MS: 2 ChangeBit-EraseBytes-
#42714	REDUCE cov: 173 ft: 789 corp: 178/146Kb lim: 4869 exec/s: 21357 rss: 137Mb L: 132/4413 MS: 2 ChangeBit-EraseBytes-
#42906	REDUCE cov: 173 ft: 789 corp: 178/145Kb lim: 4869 exec/s: 21453 rss: 137Mb L: 497/4413 MS: 2 InsertRepeatedBytes-EraseBytes-
#43069	REDUCE cov: 173 ft: 789 corp: 178/145Kb lim: 4869 exec/s: 21534 rss: 137Mb L: 766/4413 MS: 3 ShuffleBytes-ChangeASCIIInt-EraseBytes-
#43230	REDUCE cov: 173 ft: 789 corp: 178/145Kb lim: 4869 exec/s: 21615 rss: 138Mb L: 516/4413 MS: 1 EraseBytes-
#43304	REDUCE cov: 173 ft: 789 corp: 178/145Kb lim: 4869 exec/s: 21652 rss: 138Mb L: 1405/4413 MS: 4 CMP-InsertRepeatedBytes-ChangeByte-EraseBytes- DE: "\001\000\000\000\000\000\000\000"-
#43319	REDUCE cov: 173 ft: 789 corp: 178/145Kb lim: 4869 exec/s: 21659 rss: 138Mb L: 336/4413 MS: 5 ChangeByte-ChangeASCIIInt-InsertByte-CrossOver-EraseBytes-
#43410	REDUCE cov: 173 ft: 789 corp: 178/145Kb lim: 4869 exec/s: 21705 rss: 138Mb L: 526/4413 MS: 1 EraseBytes-
#43477	REDUCE cov: 173 ft: 789 corp: 178/145Kb lim: 4869 exec/s: 21738 rss: 138Mb L: 361/4413 MS: 2 CopyPart-EraseBytes-
#43953	REDUCE cov: 173 ft: 789 corp: 178/145Kb lim: 4869 exec/s: 21976 rss: 139Mb L: 176/4413 MS: 1 EraseBytes-
#44064	REDUCE cov: 173 ft: 789 corp: 178/145Kb lim: 4869 exec/s: 22032 rss: 139Mb L: 430/4413 MS: 1 EraseBytes-
#44196	REDUCE cov: 173 ft: 789 corp: 178/145Kb lim: 4869 exec/s: 22098 rss: 139Mb L: 72/4413 MS: 2 ChangeASCIIInt-EraseBytes-
#44235	REDUCE cov: 173 ft: 789 corp: 178/145Kb lim: 4869 exec/s: 22117 rss: 139Mb L: 557/4413 MS: 4 CMP-ChangeASCIIInt-InsertByte-EraseBytes- DE: "\377\377m\251\323\317\217w"-
#44310	REDUCE cov: 176 ft: 792 corp: 179/146Kb lim: 4869 exec/s: 22155 rss: 139Mb L: 1718/4413 MS: 5 InsertByte-ChangeBinInt-EraseBytes-ChangeBinInt-CrossOver-
#44337	REDUCE cov: 176 ft: 792 corp: 179/146Kb lim: 4869 exec/s: 22168 rss: 139Mb L: 126/4413 MS: 2 ChangeBinInt-EraseBytes-
#44399	REDUCE cov: 176 ft: 792 corp: 179/146Kb lim: 4869 exec/s: 22199 rss: 140Mb L: 36/4413 MS: 2 ShuffleBytes-EraseBytes-
#44541	REDUCE cov: 176 ft: 792 corp: 179/146Kb lim: 4869 exec/s: 22270 rss: 140Mb L: 42/4413 MS: 2 ShuffleBytes-EraseBytes-
#44755	REDUCE cov: 176 ft: 792 corp: 179/146Kb lim: 4869 exec/s: 22377 rss: 140Mb L: 667/4413 MS: 4 PersAutoDict-ChangeBit-InsertRepeatedBytes-EraseBytes- DE: "\001\000\000\001"-
#44772	REDUCE cov: 176 ft: 792 corp: 179/146Kb lim: 4869 exec/s: 22386 rss: 140Mb L: 2842/4413 MS: 2 ChangeBit-EraseBytes-
#44894	REDUCE cov: 176 ft: 792 corp: 179/146Kb lim: 4869 exec/s: 22447 rss: 140Mb L: 508/4413 MS: 2 InsertByte-EraseBytes-
#44953	REDUCE cov: 176 ft: 792 corp: 179/145Kb lim: 4869 exec/s: 22476 rss: 140Mb L: 785/4413 MS: 4 ChangeBinInt-ChangeByte-ChangeASCIIInt-EraseBytes-
#45009	REDUCE cov: 176 ft: 792 corp: 179/145Kb lim: 4869 exec/s: 22504 rss: 140Mb L: 209/4413 MS: 1 EraseBytes-
#45076	REDUCE cov: 176 ft: 792 corp: 179/145Kb lim: 4869 exec/s: 22538 rss: 141Mb L: 165/4413 MS: 2 InsertByte-EraseBytes-
#45164	REDUCE cov: 176 ft: 792 corp: 179/145Kb lim: 4869 exec/s: 22582 rss: 141Mb L: 235/4413 MS: 3 PersAutoDict-InsertByte-EraseBytes- DE: "\234\206\003\323\271n\000\000"-
#45231	REDUCE cov: 176 ft: 792 corp: 179/145Kb lim: 4869 exec/s: 22615 rss: 141Mb L: 488/4413 MS: 2 InsertRepeatedBytes-EraseBytes-
#45298	REDUCE cov: 176 ft: 792 corp: 179/145Kb lim: 4869 exec/s: 22649 rss: 141Mb L: 49/4413 MS: 2 ChangeByte-EraseBytes-
#45304	REDUCE cov: 176 ft: 792 corp: 179/145Kb lim: 4869 exec/s: 22652 rss: 141Mb L: 781/4413 MS: 1 CrossOver-
#45445	REDUCE cov: 176 ft: 792 corp: 179/145Kb lim: 4869 exec/s: 22722 rss: 141Mb L: 654/4413 MS: 1 EraseBytes-
#45476	REDUCE cov: 177 ft: 794 corp: 180/145Kb lim: 4869 exec/s: 22738 rss: 141Mb L: 274/4413 MS: 1 CrossOver-
#45478	REDUCE cov: 177 ft: 794 corp: 180/145Kb lim: 4869 exec/s: 22739 rss: 141Mb L: 528/4413 MS: 2 ChangeByte-EraseBytes-
#45720	REDUCE cov: 177 ft: 794 corp: 180/145Kb lim: 4869 exec/s: 22860 rss: 142Mb L: 446/4413 MS: 2 ChangeBit-EraseBytes-
#45752	REDUCE cov: 177 ft: 794 corp: 180/145Kb lim: 4869 exec/s: 22876 rss: 142Mb L: 119/4413 MS: 2 ChangeASCIIInt-EraseBytes-
#45787	REDUCE cov: 177 ft: 794 corp: 180/145Kb lim: 4869 exec/s: 22893 rss: 142Mb L: 707/4413 MS: 5 ChangeBit-InsertByte-ChangeByte-ChangeBit-EraseBytes-
#46073	REDUCE cov: 177 ft: 794 corp: 180/145Kb lim: 4869 exec/s: 23036 rss: 142Mb L: 1001/4413 MS: 1 EraseBytes-
#46144	REDUCE cov: 177 ft: 794 corp: 180/145Kb lim: 4869 exec/s: 23072 rss: 142Mb L: 120/4413 MS: 1 EraseBytes-
#46208	REDUCE cov: 177 ft: 794 corp: 180/145Kb lim: 4869 exec/s: 23104 rss: 142Mb L: 184/4413 MS: 4 ChangeByte-ChangeASCIIInt-CMP-EraseBytes- DE: "time"-
#46403	NEW    cov: 177 ft: 796 corp: 181/145Kb lim: 4869 exec/s: 23201 rss: 143Mb L: 275/4413 MS: 5 InsertByte-ChangeBit-CMP-CopyPart-CMP- DE: ",5"-"\377\377\377\377"-
#46560	REDUCE cov: 177 ft: 796 corp: 181/144Kb lim: 4869 exec/s: 23280 rss: 143Mb L: 1023/4413 MS: 2 ChangeBinInt-EraseBytes-
#46574	REDUCE cov: 177 ft: 796 corp: 181/144Kb lim: 4869 exec/s: 23287 rss: 143Mb L: 304/4413 MS: 4 PersAutoDict-PersAutoDict-ChangeBit-EraseBytes- DE: "\376\377\377\270"-"b\371+\323\251n\000\000"-
#46600	REDUCE cov: 177 ft: 798 corp: 182/146Kb lim: 4869 exec/s: 23300 rss: 143Mb L: 1379/4413 MS: 1 InsertByte-
#46711	REDUCE cov: 177 ft: 798 corp: 182/146Kb lim: 4869 exec/s: 23355 rss: 143Mb L: 247/4413 MS: 1 EraseBytes-
#46782	REDUCE cov: 177 ft: 798 corp: 182/145Kb lim: 4869 exec/s: 23391 rss: 143Mb L: 1708/4413 MS: 1 EraseBytes-
#46820	REDUCE cov: 177 ft: 798 corp: 182/145Kb lim: 4869 exec/s: 23410 rss: 143Mb L: 369/4413 MS: 3 InsertByte-ChangeASCIIInt-EraseBytes-
#46896	REDUCE cov: 177 ft: 798 corp: 182/145Kb lim: 4869 exec/s: 23448 rss: 143Mb L: 1364/4413 MS: 1 EraseBytes-
#46973	REDUCE cov: 177 ft: 800 corp: 183/147Kb lim: 4869 exec/s: 23486 rss: 144Mb L: 1763/4413 MS: 2 ChangeASCIIInt-CrossOver-
#47002	REDUCE cov: 177 ft: 800 corp: 183/147Kb lim: 4869 exec/s: 23501 rss: 144Mb L: 40/4413 MS: 4 ChangeByte-CMP-PersAutoDict-EraseBytes- DE: "\376\377\377\367"-".9"-
#47044	REDUCE cov: 177 ft: 800 corp: 183/147Kb lim: 4869 exec/s: 23522 rss: 144Mb L: 271/4413 MS: 2 InsertRepeatedBytes-EraseBytes-
#47125	REDUCE cov: 177 ft: 800 corp: 183/147Kb lim: 4869 exec/s: 23562 rss: 144Mb L: 5/4413 MS: 1 EraseBytes-
#47126	REDUCE cov: 177 ft: 801 corp: 184/147Kb lim: 4869 exec/s: 23563 rss: 144Mb L: 354/4413 MS: 1 CrossOver-
#47250	REDUCE cov: 177 ft: 801 corp: 184/147Kb lim: 4869 exec/s: 23625 rss: 144Mb L: 674/4413 MS: 4 InsertByte-ShuffleBytes-InsertRepeatedBytes-EraseBytes-
#47311	NEW    cov: 177 ft: 802 corp: 185/148Kb lim: 4869 exec/s: 23655 rss: 144Mb L: 282/4413 MS: 1 PersAutoDict- DE: "\365\351;\323\271n\000\000"-
#47398	REDUCE cov: 177 ft: 802 corp: 185/148Kb lim: 4869 exec/s: 23699 rss: 144Mb L: 359/4413 MS: 2 ShuffleBytes-EraseBytes-
#47519	REDUCE cov: 177 ft: 802 corp: 185/148Kb lim: 4869 exec/s: 23759 rss: 145Mb L: 159/4413 MS: 1 EraseBytes-
#47718	REDUCE cov: 177 ft: 802 corp: 185/148Kb lim: 4869 exec/s: 23859 rss: 145Mb L: 1578/4413 MS: 4 ShuffleBytes-ChangeASCIIInt-ShuffleBytes-EraseBytes-
#47776	REDUCE cov: 177 ft: 802 corp: 185/147Kb lim: 4869 exec/s: 23888 rss: 145Mb L: 1088/4413 MS: 3 CrossOver-ChangeASCIIInt-EraseBytes-
#47848	REDUCE cov: 177 ft: 802 corp: 185/147Kb lim: 4869 exec/s: 23924 rss: 145Mb L: 167/4413 MS: 2 PersAutoDict-EraseBytes- DE: "hash\":"-
#47919	REDUCE cov: 177 ft: 802 corp: 185/147Kb lim: 4869 exec/s: 23959 rss: 145Mb L: 1065/4413 MS: 1 EraseBytes-
#47954	REDUCE cov: 177 ft: 802 corp: 185/147Kb lim: 4869 exec/s: 23977 rss: 145Mb L: 584/4413 MS: 5 InsertRepeatedBytes-ShuffleBytes-ChangeASCIIInt-ChangeByte-EraseBytes-
#48080	REDUCE cov: 177 ft: 802 corp: 185/147Kb lim: 4869 exec/s: 24040 rss: 145Mb L: 288/4413 MS: 1 EraseBytes-
#48331	REDUCE cov: 177 ft: 802 corp: 185/147Kb lim: 4869 exec/s: 24165 rss: 146Mb L: 778/4413 MS: 1 EraseBytes-
#48539	REDUCE cov: 177 ft: 802 corp: 185/147Kb lim: 4869 exec/s: 24269 rss: 146Mb L: 333/4413 MS: 3 ChangeByte-CopyPart-EraseBytes-
#48555	REDUCE cov: 177 ft: 802 corp: 185/147Kb lim: 4869 exec/s: 24277 rss: 146Mb L: 362/4413 MS: 1 EraseBytes-
#48792	REDUCE cov: 177 ft: 802 corp: 185/147Kb lim: 4869 exec/s: 24396 rss: 147Mb L: 310/4413 MS: 2 CMP-EraseBytes- DE: "\377\377\377\374"-
#49009	REDUCE cov: 177 ft: 802 corp: 185/147Kb lim: 4869 exec/s: 24504 rss: 147Mb L: 24/4413 MS: 2 ChangeBinInt-EraseBytes-
#49152	REDUCE cov: 177 ft: 802 corp: 185/147Kb lim: 4869 exec/s: 24576 rss: 147Mb L: 236/4413 MS: 3 CrossOver-InsertByte-EraseBytes-
#49186	REDUCE cov: 177 ft: 802 corp: 185/146Kb lim: 4869 exec/s: 24593 rss: 147Mb L: 1458/4413 MS: 4 ChangeBit-ChangeByte-ChangeByte-EraseBytes-
#49278	REDUCE cov: 177 ft: 802 corp: 185/146Kb lim: 4869 exec/s: 16426 rss: 147Mb L: 390/4413 MS: 2 ChangeBit-EraseBytes-
#49279	REDUCE cov: 177 ft: 802 corp: 185/146Kb lim: 4869 exec/s: 16426 rss: 147Mb L: 71/4413 MS: 1 EraseBytes-
#49410	REDUCE cov: 177 ft: 802 corp: 185/146Kb lim: 4869 exec/s: 16470 rss: 147Mb L: 1313/4413 MS: 1 CrossOver-
#49476	REDUCE cov: 177 ft: 802 corp: 185/146Kb lim: 4869 exec/s: 16492 rss: 147Mb L: 230/4413 MS: 1 EraseBytes-
#49575	REDUCE cov: 177 ft: 802 corp: 185/146Kb lim: 4869 exec/s: 16525 rss: 148Mb L: 795/4413 MS: 4 InsertByte-CopyPart-ShuffleBytes-EraseBytes-
#49671	REDUCE cov: 177 ft: 802 corp: 185/146Kb lim: 4869 exec/s: 16557 rss: 148Mb L: 396/4413 MS: 1 EraseBytes-
#49887	REDUCE cov: 177 ft: 802 corp: 185/146Kb lim: 4869 exec/s: 16629 rss: 150Mb L: 1020/4413 MS: 2 CMP-EraseBytes- DE: "tid"-
#49915	REDUCE cov: 177 ft: 802 corp: 185/146Kb lim: 4869 exec/s: 16638 rss: 150Mb L: 637/4413 MS: 3 InsertByte-CopyPart-CrossOver-
#49986	REDUCE cov: 177 ft: 802 corp: 185/145Kb lim: 4869 exec/s: 16662 rss: 150Mb L: 1493/4413 MS: 1 EraseBytes-
#50042	REDUCE cov: 177 ft: 803 corp: 186/145Kb lim: 4869 exec/s: 16680 rss: 150Mb L: 24/4413 MS: 1 EraseBytes-
#50098	REDUCE cov: 177 ft: 803 corp: 186/145Kb lim: 4869 exec/s: 16699 rss: 151Mb L: 316/4413 MS: 1 EraseBytes-
#50165	REDUCE cov: 177 ft: 803 corp: 186/145Kb lim: 4869 exec/s: 16721 rss: 151Mb L: 379/4413 MS: 2 InsertRepeatedBytes-EraseBytes-
#50378	REDUCE cov: 177 ft: 803 corp: 186/145Kb lim: 4869 exec/s: 16792 rss: 151Mb L: 1126/4413 MS: 3 ChangeBit-InsertRepeatedBytes-EraseBytes-
#50514	REDUCE cov: 177 ft: 803 corp: 186/145Kb lim: 4869 exec/s: 16838 rss: 151Mb L: 360/4413 MS: 1 EraseBytes-
#50732	REDUCE cov: 177 ft: 803 corp: 186/145Kb lim: 4869 exec/s: 16910 rss: 151Mb L: 570/4413 MS: 3 CMP-ChangeBinInt-EraseBytes- DE: "\377\377\377\375"-
#50869	REDUCE cov: 177 ft: 803 corp: 186/145Kb lim: 4869 exec/s: 16956 rss: 152Mb L: 60/4413 MS: 2 InsertByte-EraseBytes-
#50905	REDUCE cov: 177 ft: 803 corp: 186/145Kb lim: 4869 exec/s: 16968 rss: 152Mb L: 377/4413 MS: 1 EraseBytes-
#51186	REDUCE cov: 177 ft: 803 corp: 186/145Kb lim: 4869 exec/s: 17062 rss: 152Mb L: 4/4413 MS: 1 EraseBytes-
#51203	REDUCE cov: 177 ft: 803 corp: 186/145Kb lim: 4869 exec/s: 17067 rss: 152Mb L: 19/4413 MS: 2 ChangeBinInt-EraseBytes-
#51324	NEW    cov: 177 ft: 805 corp: 187/145Kb lim: 4869 exec/s: 17108 rss: 152Mb L: 274/4413 MS: 1 CopyPart-
#51335	REDUCE cov: 177 ft: 805 corp: 187/145Kb lim: 4869 exec/s: 17111 rss: 153Mb L: 2718/4413 MS: 1 EraseBytes-
#51480	REDUCE cov: 177 ft: 805 corp: 187/145Kb lim: 4869 exec/s: 17160 rss: 153Mb L: 505/4413 MS: 5 CopyPart-EraseBytes-ShuffleBytes-InsertRepeatedBytes-EraseBytes-
#51504	REDUCE cov: 177 ft: 805 corp: 187/145Kb lim: 4869 exec/s: 17168 rss: 153Mb L: 244/4413 MS: 4 ChangeBit-ChangeBinInt-ChangeASCIIInt-EraseBytes-
#51562	REDUCE cov: 177 ft: 806 corp: 188/149Kb lim: 4869 exec/s: 17187 rss: 153Mb L: 4780/4780 MS: 3 ShuffleBytes-PersAutoDict-CopyPart- DE: "\377\377mi\323@\363/"-
#51603	REDUCE cov: 177 ft: 806 corp: 188/149Kb lim: 4869 exec/s: 17201 rss: 153Mb L: 10/4780 MS: 1 EraseBytes-
#51954	REDUCE cov: 177 ft: 806 corp: 188/149Kb lim: 4869 exec/s: 17318 rss: 153Mb L: 225/4780 MS: 1 EraseBytes-
#51970	REDUCE cov: 177 ft: 806 corp: 188/149Kb lim: 4869 exec/s: 17323 rss: 153Mb L: 321/4780 MS: 1 EraseBytes-
#52018	REDUCE cov: 177 ft: 806 corp: 188/149Kb lim: 4869 exec/s: 17339 rss: 153Mb L: 250/4780 MS: 3 CopyPart-CMP-EraseBytes- DE: "\001\000\000\000"-
#52213	REDUCE cov: 177 ft: 806 corp: 188/149Kb lim: 4869 exec/s: 17404 rss: 154Mb L: 378/4780 MS: 5 InsertByte-ChangeASCIIInt-CrossOver-ChangeBinInt-EraseBytes-
#52234	REDUCE cov: 177 ft: 806 corp: 188/149Kb lim: 4869 exec/s: 17411 rss: 154Mb L: 348/4780 MS: 1 EraseBytes-
#52346	REDUCE cov: 177 ft: 806 corp: 188/149Kb lim: 4869 exec/s: 17448 rss: 154Mb L: 1250/4780 MS: 2 ChangeBit-EraseBytes-
#52374	REDUCE cov: 177 ft: 806 corp: 188/149Kb lim: 4869 exec/s: 17458 rss: 154Mb L: 308/4780 MS: 3 ChangeASCIIInt-ChangeBinInt-EraseBytes-
#52410	REDUCE cov: 177 ft: 806 corp: 188/149Kb lim: 4869 exec/s: 17470 rss: 154Mb L: 64/4780 MS: 1 EraseBytes-
#52556	REDUCE cov: 177 ft: 806 corp: 188/149Kb lim: 4869 exec/s: 17518 rss: 154Mb L: 115/4780 MS: 1 EraseBytes-
#52850	REDUCE cov: 177 ft: 806 corp: 188/149Kb lim: 4869 exec/s: 17616 rss: 155Mb L: 1136/4780 MS: 4 CMP-ShuffleBytes-ChangeByte-EraseBytes- DE: "tid"-
#53001	REDUCE cov: 177 ft: 806 corp: 188/148Kb lim: 4869 exec/s: 17667 rss: 155Mb L: 765/4780 MS: 1 EraseBytes-
#53041	REDUCE cov: 177 ft: 806 corp: 188/148Kb lim: 4869 exec/s: 17680 rss: 155Mb L: 4308/4780 MS: 5 CMP-ShuffleBytes-ChangeBinInt-ChangeBinInt-EraseBytes- DE: "\000\000\000\307"-
#53128	REDUCE cov: 177 ft: 806 corp: 188/148Kb lim: 4869 exec/s: 17709 rss: 155Mb L: 43/4780 MS: 2 ChangeByte-EraseBytes-
#53155	REDUCE cov: 177 ft: 806 corp: 188/148Kb lim: 4869 exec/s: 17718 rss: 155Mb L: 100/4780 MS: 2 ChangeByte-EraseBytes-
#53343	REDUCE cov: 177 ft: 806 corp: 188/148Kb lim: 4869 exec/s: 17781 rss: 156Mb L: 758/4780 MS: 3 ChangeByte-ChangeASCIIInt-EraseBytes-
#53355	REDUCE cov: 177 ft: 806 corp: 188/148Kb lim: 4869 exec/s: 17785 rss: 156Mb L: 212/4780 MS: 2 ChangeBinInt-EraseBytes-
#53511	REDUCE cov: 177 ft: 806 corp: 188/148Kb lim: 4869 exec/s: 17837 rss: 156Mb L: 881/4780 MS: 1 CrossOver-
#53697	REDUCE cov: 177 ft: 807 corp: 189/148Kb lim: 4869 exec/s: 17899 rss: 156Mb L: 9/4780 MS: 1 ChangeBinInt-
#53768	REDUCE cov: 177 ft: 807 corp: 189/148Kb lim: 4869 exec/s: 17922 rss: 156Mb L: 135/4780 MS: 1 EraseBytes-
#53781	REDUCE cov: 177 ft: 807 corp: 189/148Kb lim: 4869 exec/s: 17927 rss: 156Mb L: 717/4780 MS: 3 ChangeBinInt-ShuffleBytes-EraseBytes-
#53877	REDUCE cov: 177 ft: 807 corp: 189/148Kb lim: 4869 exec/s: 17959 rss: 157Mb L: 85/4780 MS: 1 EraseBytes-
#54019	REDUCE cov: 177 ft: 807 corp: 189/148Kb lim: 4869 exec/s: 18006 rss: 157Mb L: 47/4780 MS: 2 ChangeBit-EraseBytes-
#54025	REDUCE cov: 177 ft: 807 corp: 189/148Kb lim: 4869 exec/s: 18008 rss: 157Mb L: 6/4780 MS: 1 EraseBytes-
#54125	REDUCE cov: 177 ft: 807 corp: 189/147Kb lim: 4869 exec/s: 18041 rss: 157Mb L: 182/4780 MS: 5 ShuffleBytes-ChangeBinInt-ChangeBinInt-ChangeBit-EraseBytes-
#54308	REDUCE cov: 177 ft: 807 corp: 189/147Kb lim: 4869 exec/s: 18102 rss: 157Mb L: 419/4780 MS: 3 ShuffleBytes-CMP-EraseBytes- DE: "\315\277\017\323\031n\000\000"-
#54310	REDUCE cov: 177 ft: 807 corp: 189/147Kb lim: 4869 exec/s: 18103 rss: 157Mb L: 43/4780 MS: 2 ShuffleBytes-EraseBytes-
#54321	REDUCE cov: 177 ft: 807 corp: 189/147Kb lim: 4869 exec/s: 18107 rss: 157Mb L: 304/4780 MS: 1 EraseBytes-
#54330	REDUCE cov: 177 ft: 807 corp: 189/147Kb lim: 4869 exec/s: 18110 rss: 157Mb L: 628/4780 MS: 4 InsertRepeatedBytes-ChangeBinInt-CMP-EraseBytes- DE: "\001\000"-
#54368	REDUCE cov: 177 ft: 807 corp: 189/147Kb lim: 4869 exec/s: 18122 rss: 157Mb L: 478/4780 MS: 3 ChangeASCIIInt-InsertByte-EraseBytes-
#54466	REDUCE cov: 177 ft: 807 corp: 189/147Kb lim: 4869 exec/s: 18155 rss: 157Mb L: 166/4780 MS: 3 ChangeBinInt-ChangeBinInt-EraseBytes-
#54504	REDUCE cov: 177 ft: 807 corp: 189/147Kb lim: 4869 exec/s: 18168 rss: 157Mb L: 215/4780 MS: 3 ChangeBinInt-ChangeBit-EraseBytes-
#54668	REDUCE cov: 177 ft: 808 corp: 190/150Kb lim: 4869 exec/s: 18222 rss: 158Mb L: 2846/4780 MS: 4 ShuffleBytes-PersAutoDict-ChangeByte-PersAutoDict- DE: "sz"-".9"-
#54709	REDUCE cov: 177 ft: 808 corp: 190/150Kb lim: 4869 exec/s: 18236 rss: 158Mb L: 242/4780 MS: 1 EraseBytes-
#54760	REDUCE cov: 177 ft: 808 corp: 190/150Kb lim: 4869 exec/s: 18253 rss: 158Mb L: 910/4780 MS: 1 EraseBytes-
#54826	REDUCE cov: 177 ft: 808 corp: 190/150Kb lim: 4869 exec/s: 18275 rss: 158Mb L: 24/4780 MS: 1 EraseBytes-
#54882	REDUCE cov: 177 ft: 808 corp: 190/150Kb lim: 4869 exec/s: 18294 rss: 158Mb L: 227/4780 MS: 1 EraseBytes-
#54924	REDUCE cov: 177 ft: 808 corp: 190/150Kb lim: 4869 exec/s: 18308 rss: 158Mb L: 227/4780 MS: 2 PersAutoDict-EraseBytes- DE: "\377\377m9\3230\314\343"-
#55065	REDUCE cov: 177 ft: 808 corp: 190/150Kb lim: 4869 exec/s: 18355 rss: 158Mb L: 132/4780 MS: 1 EraseBytes-
#55106	REDUCE cov: 177 ft: 808 corp: 190/150Kb lim: 4869 exec/s: 18368 rss: 158Mb L: 59/4780 MS: 1 EraseBytes-
#55151	REDUCE cov: 177 ft: 808 corp: 190/150Kb lim: 4869 exec/s: 18383 rss: 158Mb L: 17/4780 MS: 5 ChangeByte-ChangeASCIIInt-CopyPart-ChangeBinInt-EraseBytes-
#55375	REDUCE cov: 177 ft: 808 corp: 190/149Kb lim: 4869 exec/s: 18458 rss: 159Mb L: 362/4780 MS: 4 ChangeByte-InsertByte-EraseBytes-EraseBytes-
#55489	REDUCE cov: 177 ft: 808 corp: 190/149Kb lim: 4869 exec/s: 18496 rss: 159Mb L: 67/4780 MS: 4 InsertRepeatedBytes-CopyPart-InsertByte-EraseBytes-
#55644	REDUCE cov: 177 ft: 808 corp: 190/149Kb lim: 4869 exec/s: 18548 rss: 159Mb L: 858/4780 MS: 5 ChangeByte-CopyPart-ChangeBit-CrossOver-EraseBytes-
#55760	REDUCE cov: 177 ft: 808 corp: 190/149Kb lim: 4869 exec/s: 18586 rss: 159Mb L: 204/4780 MS: 1 EraseBytes-
#55822	REDUCE cov: 177 ft: 809 corp: 191/154Kb lim: 4869 exec/s: 18607 rss: 159Mb L: 4824/4824 MS: 2 CopyPart-InsertRepeatedBytes-
#55873	REDUCE cov: 177 ft: 809 corp: 191/154Kb lim: 4869 exec/s: 18624 rss: 159Mb L: 19/4824 MS: 1 EraseBytes-
#56009	REDUCE cov: 177 ft: 809 corp: 191/154Kb lim: 4869 exec/s: 18669 rss: 160Mb L: 21/4824 MS: 1 EraseBytes-
#56025	REDUCE cov: 177 ft: 809 corp: 191/154Kb lim: 4869 exec/s: 18675 rss: 160Mb L: 2637/4824 MS: 1 EraseBytes-
#56113	REDUCE cov: 177 ft: 809 corp: 191/154Kb lim: 4869 exec/s: 18704 rss: 160Mb L: 634/4824 MS: 3 ShuffleBytes-ChangeByte-EraseBytes-
#56164	REDUCE cov: 177 ft: 809 corp: 191/154Kb lim: 4869 exec/s: 18721 rss: 160Mb L: 19/4824 MS: 1 EraseBytes-
#56330	REDUCE cov: 177 ft: 809 corp: 191/154Kb lim: 4869 exec/s: 18776 rss: 160Mb L: 450/4824 MS: 1 EraseBytes-
#56746	REDUCE cov: 177 ft: 809 corp: 191/154Kb lim: 4869 exec/s: 18915 rss: 161Mb L: 421/4824 MS: 1 EraseBytes-
#56907	REDUCE cov: 177 ft: 809 corp: 191/154Kb lim: 4869 exec/s: 18969 rss: 161Mb L: 66/4824 MS: 1 EraseBytes-
#56935	NEW    cov: 178 ft: 812 corp: 192/154Kb lim: 4869 exec/s: 18978 rss: 161Mb L: 786/4824 MS: 3 CMP-InsertByte-CrossOver- DE: "]\000\000\000\000\000\000\000"-
#56952	REDUCE cov: 178 ft: 812 corp: 192/153Kb lim: 4869 exec/s: 18984 rss: 161Mb L: 1183/4824 MS: 2 InsertRepeatedBytes-CrossOver-
#57078	REDUCE cov: 178 ft: 812 corp: 192/153Kb lim: 4869 exec/s: 19026 rss: 161Mb L: 83/4824 MS: 1 EraseBytes-
#57118	REDUCE cov: 178 ft: 812 corp: 192/153Kb lim: 4869 exec/s: 19039 rss: 161Mb L: 35/4824 MS: 5 CopyPart-ChangeByte-InsertByte-ChangeBinInt-EraseBytes-
#57361	REDUCE cov: 178 ft: 812 corp: 192/153Kb lim: 4869 exec/s: 19120 rss: 162Mb L: 254/4824 MS: 3 ShuffleBytes-CopyPart-EraseBytes-
#57375	REDUCE cov: 178 ft: 812 corp: 192/152Kb lim: 4869 exec/s: 19125 rss: 162Mb L: 600/4824 MS: 4 ChangeBit-EraseBytes-CopyPart-EraseBytes-
#57578	REDUCE cov: 178 ft: 812 corp: 192/152Kb lim: 4869 exec/s: 19192 rss: 162Mb L: 1047/4824 MS: 3 PersAutoDict-ChangeBinInt-EraseBytes- DE: "\377\377\377\360"-
#57729	REDUCE cov: 178 ft: 812 corp: 192/152Kb lim: 4869 exec/s: 19243 rss: 162Mb L: 81/4824 MS: 1 EraseBytes-
#57787	REDUCE cov: 178 ft: 812 corp: 192/152Kb lim: 4869 exec/s: 19262 rss: 162Mb L: 258/4824 MS: 3 ChangeByte-ChangeByte-EraseBytes-
#57795	REDUCE cov: 178 ft: 812 corp: 192/152Kb lim: 4869 exec/s: 19265 rss: 162Mb L: 17/4824 MS: 3 CopyPart-ShuffleBytes-EraseBytes-
#57835	REDUCE cov: 178 ft: 812 corp: 192/152Kb lim: 4869 exec/s: 19278 rss: 162Mb L: 416/4824 MS: 5 ShuffleBytes-CrossOver-ChangeASCIIInt-InsertRepeatedBytes-EraseBytes-
#58051	REDUCE cov: 178 ft: 812 corp: 192/152Kb lim: 4869 exec/s: 19350 rss: 163Mb L: 565/4824 MS: 1 EraseBytes-
#58082	REDUCE cov: 178 ft: 812 corp: 192/152Kb lim: 4869 exec/s: 19360 rss: 163Mb L: 278/4824 MS: 1 EraseBytes-
#58274	NEW    cov: 178 ft: 813 corp: 193/152Kb lim: 4869 exec/s: 19424 rss: 163Mb L: 501/4824 MS: 2 CrossOver-ChangeByte-
#58406	REDUCE cov: 178 ft: 813 corp: 193/152Kb lim: 4869 exec/s: 19468 rss: 163Mb L: 89/4824 MS: 2 CMP-EraseBytes- DE: "\377\377\377\377\377\377\377\005"-
#58427	REDUCE cov: 178 ft: 813 corp: 193/152Kb lim: 4869 exec/s: 19475 rss: 163Mb L: 292/4824 MS: 1 EraseBytes-
#58490	REDUCE cov: 178 ft: 813 corp: 193/152Kb lim: 4869 exec/s: 19496 rss: 163Mb L: 318/4824 MS: 3 PersAutoDict-ChangeBit-EraseBytes- DE: "\000\000\000\000"-
#58656	NEW    cov: 178 ft: 814 corp: 194/157Kb lim: 4869 exec/s: 19552 rss: 164Mb L: 4834/4834 MS: 1 CopyPart-
#58943	NEW    cov: 178 ft: 815 corp: 195/161Kb lim: 4869 exec/s: 19647 rss: 164Mb L: 4828/4834 MS: 2 CMP-ChangeBit- DE: "side"-
#59045	REDUCE cov: 178 ft: 815 corp: 195/161Kb lim: 4869 exec/s: 19681 rss: 164Mb L: 553/4834 MS: 2 InsertRepeatedBytes-EraseBytes-
#59136	REDUCE cov: 178 ft: 815 corp: 195/161Kb lim: 4869 exec/s: 19712 rss: 164Mb L: 1301/4834 MS: 1 EraseBytes-
#59237	REDUCE cov: 178 ft: 815 corp: 195/161Kb lim: 4869 exec/s: 19745 rss: 165Mb L: 615/4834 MS: 1 EraseBytes-
#59343	REDUCE cov: 178 ft: 815 corp: 195/161Kb lim: 4869 exec/s: 19781 rss: 165Mb L: 209/4834 MS: 1 EraseBytes-
#59350	REDUCE cov: 178 ft: 815 corp: 195/161Kb lim: 4869 exec/s: 19783 rss: 165Mb L: 346/4834 MS: 2 ChangeBit-EraseBytes-
#59404	REDUCE cov: 178 ft: 815 corp: 195/161Kb lim: 4869 exec/s: 19801 rss: 165Mb L: 220/4834 MS: 4 ChangeASCIIInt-InsertRepeatedBytes-PersAutoDict-EraseBytes- DE: "\377\377\377\375"-
#59410	REDUCE cov: 178 ft: 815 corp: 195/161Kb lim: 4869 exec/s: 19803 rss: 165Mb L: 718/4834 MS: 1 EraseBytes-
#59488	REDUCE cov: 178 ft: 815 corp: 195/160Kb lim: 4869 exec/s: 19829 rss: 165Mb L: 663/4834 MS: 3 ChangeASCIIInt-ShuffleBytes-EraseBytes-
#59627	REDUCE cov: 178 ft: 815 corp: 195/160Kb lim: 4869 exec/s: 19875 rss: 165Mb L: 48/4834 MS: 4 ShuffleBytes-InsertByte-CrossOver-EraseBytes-
#59725	REDUCE cov: 178 ft: 815 corp: 195/160Kb lim: 4869 exec/s: 19908 rss: 165Mb L: 218/4834 MS: 3 ShuffleBytes-CrossOver-CrossOver-
#59856	REDUCE cov: 178 ft: 815 corp: 195/160Kb lim: 4869 exec/s: 19952 rss: 166Mb L: 206/4834 MS: 1 EraseBytes-
#60067	REDUCE cov: 178 ft: 815 corp: 195/160Kb lim: 4869 exec/s: 20022 rss: 166Mb L: 8/4834 MS: 1 EraseBytes-
#60218	REDUCE cov: 178 ft: 815 corp: 195/160Kb lim: 4869 exec/s: 20072 rss: 166Mb L: 93/4834 MS: 1 EraseBytes-
#60329	REDUCE cov: 178 ft: 815 corp: 195/160Kb lim: 4869 exec/s: 20109 rss: 166Mb L: 633/4834 MS: 1 EraseBytes-
#60405	REDUCE cov: 178 ft: 815 corp: 195/160Kb lim: 4869 exec/s: 20135 rss: 167Mb L: 422/4834 MS: 1 EraseBytes-
#60413	REDUCE cov: 178 ft: 815 corp: 195/160Kb lim: 4869 exec/s: 20137 rss: 167Mb L: 2659/4834 MS: 3 CopyPart-CopyPart-EraseBytes-
#60567	REDUCE cov: 178 ft: 815 corp: 195/160Kb lim: 4869 exec/s: 20189 rss: 167Mb L: 372/4834 MS: 4 ChangeBinInt-CMP-CMP-EraseBytes- DE: ":{"-"px"-
#60676	REDUCE cov: 178 ft: 815 corp: 195/160Kb lim: 4869 exec/s: 20225 rss: 167Mb L: 670/4834 MS: 4 InsertByte-InsertRepeatedBytes-ShuffleBytes-EraseBytes-
#60693	REDUCE cov: 178 ft: 815 corp: 195/159Kb lim: 4869 exec/s: 20231 rss: 167Mb L: 348/4834 MS: 2 ChangeASCIIInt-EraseBytes-
#60700	REDUCE cov: 178 ft: 815 corp: 195/159Kb lim: 4869 exec/s: 20233 rss: 167Mb L: 1187/4834 MS: 2 ChangeASCIIInt-EraseBytes-
#60877	REDUCE cov: 178 ft: 815 corp: 195/159Kb lim: 4869 exec/s: 20292 rss: 167Mb L: 433/4834 MS: 2 CMP-EraseBytes- DE: "\001\000\000\000\000\000\0006"-
#60920	REDUCE cov: 178 ft: 815 corp: 195/158Kb lim: 4869 exec/s: 20306 rss: 167Mb L: 3539/4834 MS: 3 ChangeBinInt-ShuffleBytes-CrossOver-
#60980	REDUCE cov: 178 ft: 815 corp: 195/158Kb lim: 4869 exec/s: 20326 rss: 167Mb L: 32/4834 MS: 5 ChangeASCIIInt-ChangeByte-InsertByte-ShuffleBytes-EraseBytes-
#61066	REDUCE cov: 178 ft: 815 corp: 195/158Kb lim: 4869 exec/s: 20355 rss: 168Mb L: 556/4834 MS: 1 EraseBytes-
#61161	REDUCE cov: 178 ft: 815 corp: 195/158Kb lim: 4869 exec/s: 20387 rss: 168Mb L: 1184/4834 MS: 5 ShuffleBytes-ChangeASCIIInt-ChangeASCIIInt-CMP-EraseBytes- DE: "\376\377\377\356"-
#61439	REDUCE cov: 178 ft: 815 corp: 195/158Kb lim: 4869 exec/s: 20479 rss: 168Mb L: 423/4834 MS: 3 PersAutoDict-ShuffleBytes-EraseBytes- DE: "\000\005"-
#61480	REDUCE cov: 178 ft: 815 corp: 195/158Kb lim: 4869 exec/s: 20493 rss: 168Mb L: 4/4834 MS: 1 EraseBytes-
#61506	REDUCE cov: 178 ft: 815 corp: 195/158Kb lim: 4869 exec/s: 20502 rss: 168Mb L: 240/4834 MS: 1 EraseBytes-
#61644	REDUCE cov: 178 ft: 815 corp: 195/158Kb lim: 4869 exec/s: 20548 rss: 169Mb L: 117/4834 MS: 3 ChangeBit-ChangeByte-EraseBytes-
#61730	REDUCE cov: 178 ft: 815 corp: 195/158Kb lim: 4869 exec/s: 20576 rss: 169Mb L: 114/4834 MS: 1 EraseBytes-
#61842	REDUCE cov: 178 ft: 815 corp: 195/158Kb lim: 4869 exec/s: 20614 rss: 169Mb L: 52/4834 MS: 2 CrossOver-EraseBytes-
#61878	REDUCE cov: 178 ft: 815 corp: 195/158Kb lim: 4869 exec/s: 20626 rss: 169Mb L: 234/4834 MS: 1 EraseBytes-
#61912	REDUCE cov: 178 ft: 815 corp: 195/158Kb lim: 4869 exec/s: 20637 rss: 169Mb L: 34/4834 MS: 4 ChangeBinInt-ChangeASCIIInt-CopyPart-EraseBytes-
#61929	REDUCE cov: 178 ft: 815 corp: 195/157Kb lim: 4869 exec/s: 20643 rss: 169Mb L: 3243/4834 MS: 2 ShuffleBytes-EraseBytes-
#61985	REDUCE cov: 178 ft: 815 corp: 195/157Kb lim: 4869 exec/s: 20661 rss: 169Mb L: 172/4834 MS: 1 EraseBytes-
#62032	REDUCE cov: 178 ft: 815 corp: 195/157Kb lim: 4869 exec/s: 20677 rss: 169Mb L: 229/4834 MS: 2 ShuffleBytes-EraseBytes-
#62148	REDUCE cov: 178 ft: 815 corp: 195/157Kb lim: 4869 exec/s: 20716 rss: 170Mb L: 54/4834 MS: 1 EraseBytes-
#62179	REDUCE cov: 178 ft: 815 corp: 195/157Kb lim: 4869 exec/s: 20726 rss: 170Mb L: 540/4834 MS: 1 EraseBytes-
#62226	REDUCE cov: 178 ft: 815 corp: 195/157Kb lim: 4869 exec/s: 20742 rss: 170Mb L: 220/4834 MS: 2 ChangeASCIIInt-EraseBytes-
#62244	REDUCE cov: 178 ft: 815 corp: 195/157Kb lim: 4869 exec/s: 20748 rss: 170Mb L: 531/4834 MS: 3 ShuffleBytes-InsertByte-EraseBytes-
#62467	REDUCE cov: 178 ft: 815 corp: 195/157Kb lim: 4869 exec/s: 20822 rss: 170Mb L: 524/4834 MS: 3 ChangeBit-InsertRepeatedBytes-EraseBytes-
#62543	REDUCE cov: 178 ft: 815 corp: 195/157Kb lim: 4869 exec/s: 20847 rss: 170Mb L: 139/4834 MS: 1 EraseBytes-
#62614	REDUCE cov: 178 ft: 815 corp: 195/156Kb lim: 4869 exec/s: 20871 rss: 170Mb L: 2061/4834 MS: 1 EraseBytes-
#62637	REDUCE cov: 178 ft: 815 corp: 195/156Kb lim: 4869 exec/s: 20879 rss: 170Mb L: 243/4834 MS: 3 ChangeByte-InsertByte-EraseBytes-
#62852	REDUCE cov: 178 ft: 815 corp: 195/156Kb lim: 4869 exec/s: 20950 rss: 171Mb L: 242/4834 MS: 5 CMP-InsertByte-ChangeBit-ChangeASCIIInt-EraseBytes- DE: "px\":"-
#62858	REDUCE cov: 178 ft: 815 corp: 195/156Kb lim: 4869 exec/s: 20952 rss: 171Mb L: 415/4834 MS: 1 EraseBytes-
#63090	REDUCE cov: 178 ft: 815 corp: 195/156Kb lim: 4869 exec/s: 21030 rss: 171Mb L: 4/4834 MS: 2 ShuffleBytes-EraseBytes-
#63407	REDUCE cov: 178 ft: 815 corp: 195/156Kb lim: 4869 exec/s: 21135 rss: 171Mb L: 443/4834 MS: 2 ShuffleBytes-EraseBytes-
#63493	REDUCE cov: 178 ft: 815 corp: 195/156Kb lim: 4869 exec/s: 21164 rss: 172Mb L: 4728/4828 MS: 1 EraseBytes-
#63773	NEW    cov: 180 ft: 818 corp: 196/156Kb lim: 4869 exec/s: 21257 rss: 172Mb L: 310/4828 MS: 5 CrossOver-ChangeBinInt-EraseBytes-ChangeByte-PersAutoDict- DE: "px"-
#63894	REDUCE cov: 180 ft: 818 corp: 196/156Kb lim: 4869 exec/s: 21298 rss: 172Mb L: 10/4828 MS: 1 EraseBytes-
#63941	REDUCE cov: 180 ft: 818 corp: 196/156Kb lim: 4869 exec/s: 21313 rss: 172Mb L: 209/4828 MS: 2 InsertByte-EraseBytes-
#63988	REDUCE cov: 180 ft: 818 corp: 196/156Kb lim: 4869 exec/s: 21329 rss: 172Mb L: 748/4828 MS: 2 PersAutoDict-EraseBytes- DE: "3c2c\","-
#64001	REDUCE cov: 180 ft: 818 corp: 196/156Kb lim: 4869 exec/s: 21333 rss: 172Mb L: 417/4828 MS: 3 ChangeByte-ShuffleBytes-EraseBytes-
#64131	REDUCE cov: 180 ft: 818 corp: 196/156Kb lim: 4869 exec/s: 21377 rss: 173Mb L: 386/4828 MS: 5 ChangeBit-ChangeByte-PersAutoDict-ChangeBit-EraseBytes- DE: "\377\377\377\375"-
#64162	REDUCE cov: 180 ft: 818 corp: 196/156Kb lim: 4869 exec/s: 21387 rss: 173Mb L: 247/4828 MS: 1 EraseBytes-
#64238	REDUCE cov: 180 ft: 818 corp: 196/156Kb lim: 4869 exec/s: 21412 rss: 173Mb L: 112/4828 MS: 1 EraseBytes-
#64309	REDUCE cov: 180 ft: 818 corp: 196/156Kb lim: 4869 exec/s: 21436 rss: 173Mb L: 693/4828 MS: 1 CrossOver-
#64317	REDUCE cov: 180 ft: 818 corp: 196/156Kb lim: 4869 exec/s: 21439 rss: 173Mb L: 231/4828 MS: 3 ChangeASCIIInt-CrossOver-EraseBytes-
#64499	REDUCE cov: 180 ft: 818 corp: 196/156Kb lim: 4869 exec/s: 21499 rss: 173Mb L: 378/4828 MS: 2 ChangeBinInt-EraseBytes-
#64570	REDUCE cov: 180 ft: 818 corp: 196/156Kb lim: 4869 exec/s: 21523 rss: 173Mb L: 104/4828 MS: 1 EraseBytes-
#64597	REDUCE cov: 180 ft: 818 corp: 196/156Kb lim: 4869 exec/s: 21532 rss: 173Mb L: 248/4828 MS: 2 ChangeByte-EraseBytes-
#64628	REDUCE cov: 180 ft: 818 corp: 196/156Kb lim: 4869 exec/s: 21542 rss: 173Mb L: 209/4828 MS: 1 EraseBytes-
#64639	REDUCE cov: 180 ft: 818 corp: 196/156Kb lim: 4869 exec/s: 21546 rss: 173Mb L: 1579/4828 MS: 1 EraseBytes-
#64692	REDUCE cov: 180 ft: 818 corp: 196/156Kb lim: 4869 exec/s: 21564 rss: 174Mb L: 353/4828 MS: 3 ChangeBit-PersAutoDict-EraseBytes- DE: "\001\000\000\000"-
#64828	REDUCE cov: 180 ft: 818 corp: 196/155Kb lim: 4869 exec/s: 21609 rss: 174Mb L: 282/4828 MS: 1 EraseBytes-
#64839	REDUCE cov: 180 ft: 818 corp: 196/155Kb lim: 4869 exec/s: 21613 rss: 174Mb L: 506/4828 MS: 1 EraseBytes-
#64903	REDUCE cov: 180 ft: 818 corp: 196/155Kb lim: 4869 exec/s: 21634 rss: 174Mb L: 493/4828 MS: 4 ChangeASCIIInt-ChangeASCIIInt-InsertByte-EraseBytes-
#65006	REDUCE cov: 180 ft: 818 corp: 196/155Kb lim: 4869 exec/s: 21668 rss: 174Mb L: 423/4828 MS: 3 CMP-ChangeBit-EraseBytes- DE: "\000\000mI\322\377\212~"-
#65037	REDUCE cov: 180 ft: 818 corp: 196/155Kb lim: 4869 exec/s: 21679 rss: 174Mb L: 88/4828 MS: 1 EraseBytes-
#65082	REDUCE cov: 180 ft: 818 corp: 196/155Kb lim: 4869 exec/s: 21694 rss: 174Mb L: 2154/4828 MS: 5 ChangeBit-ChangeASCIIInt-ShuffleBytes-InsertByte-EraseBytes-
#65133	REDUCE cov: 180 ft: 818 corp: 196/155Kb lim: 4869 exec/s: 21711 rss: 174Mb L: 80/4828 MS: 1 EraseBytes-
#65323	REDUCE cov: 180 ft: 818 corp: 196/155Kb lim: 4869 exec/s: 21774 rss: 174Mb L: 189/4828 MS: 5 InsertRepeatedBytes-ChangeByte-ChangeASCIIInt-InsertRepeatedBytes-EraseBytes-
#65389	REDUCE cov: 180 ft: 818 corp: 196/155Kb lim: 4869 exec/s: 21796 rss: 175Mb L: 9/4828 MS: 1 EraseBytes-
#65536	pulse  cov: 180 ft: 818 corp: 196/155Kb lim: 4869 exec/s: 21845 rss: 175Mb
#65549	REDUCE cov: 180 ft: 818 corp: 196/155Kb lim: 4869 exec/s: 21849 rss: 175Mb L: 472/4828 MS: 5 ShuffleBytes-CMP-PersAutoDict-ChangeByte-EraseBytes- DE: "levels"-"\000\005"-
#65641	REDUCE cov: 180 ft: 818 corp: 196/154Kb lim: 4869 exec/s: 21880 rss: 175Mb L: 1454/4828 MS: 2 ChangeASCIIInt-EraseBytes-
#65772	REDUCE cov: 180 ft: 818 corp: 196/154Kb lim: 4869 exec/s: 21924 rss: 175Mb L: 246/4828 MS: 1 EraseBytes-
#66315	REDUCE cov: 180 ft: 818 corp: 196/154Kb lim: 4869 exec/s: 22105 rss: 176Mb L: 313/4828 MS: 3 CrossOver-PersAutoDict-EraseBytes- DE: "\234\206\003\323\271n\000\000"-
#66321	REDUCE cov: 180 ft: 818 corp: 196/154Kb lim: 4869 exec/s: 22107 rss: 176Mb L: 11/4828 MS: 1 EraseBytes-
#66390	REDUCE cov: 180 ft: 818 corp: 196/154Kb lim: 4869 exec/s: 22130 rss: 176Mb L: 763/4828 MS: 4 ChangeBit-ChangeASCIIInt-ChangeASCIIInt-EraseBytes-
#66444	REDUCE cov: 180 ft: 818 corp: 196/154Kb lim: 4869 exec/s: 22148 rss: 176Mb L: 2240/4828 MS: 4 InsertByte-PersAutoDict-ChangeASCIIInt-EraseBytes- DE: "\377\377\377\377\377\377\000C"-
#66511	REDUCE cov: 180 ft: 818 corp: 196/154Kb lim: 4869 exec/s: 22170 rss: 176Mb L: 2644/4828 MS: 2 InsertByte-EraseBytes-
#66539	REDUCE cov: 180 ft: 818 corp: 196/154Kb lim: 4869 exec/s: 22179 rss: 176Mb L: 78/4828 MS: 3 InsertByte-PersAutoDict-EraseBytes- DE: "ETvH"-
#66546	REDUCE cov: 180 ft: 818 corp: 196/154Kb lim: 4869 exec/s: 22182 rss: 176Mb L: 432/4828 MS: 2 InsertRepeatedBytes-EraseBytes-
#66718	REDUCE cov: 180 ft: 820 corp: 197/154Kb lim: 4869 exec/s: 22239 rss: 177Mb L: 247/4828 MS: 2 ShuffleBytes-InsertByte-
#66841	REDUCE cov: 180 ft: 820 corp: 197/154Kb lim: 4869 exec/s: 22280 rss: 177Mb L: 493/4828 MS: 3 PersAutoDict-PersAutoDict-EraseBytes- DE: "\001\000\000\000\000\000\0006"-"\377\377\377\377\377\377\000C"-
#66878	REDUCE cov: 180 ft: 820 corp: 197/154Kb lim: 4869 exec/s: 22292 rss: 177Mb L: 4201/4828 MS: 2 CrossOver-EraseBytes-
#66964	REDUCE cov: 180 ft: 820 corp: 197/153Kb lim: 4869 exec/s: 22321 rss: 177Mb L: 465/4828 MS: 1 CrossOver-
#67115	REDUCE cov: 180 ft: 820 corp: 197/153Kb lim: 4869 exec/s: 22371 rss: 177Mb L: 241/4828 MS: 1 EraseBytes-
#67188	REDUCE cov: 180 ft: 820 corp: 197/153Kb lim: 4869 exec/s: 22396 rss: 177Mb L: 329/4828 MS: 3 ChangeByte-ShuffleBytes-EraseBytes-
#67189	REDUCE cov: 180 ft: 820 corp: 197/153Kb lim: 4869 exec/s: 22396 rss: 177Mb L: 951/4828 MS: 1 CrossOver-
#67316	REDUCE cov: 180 ft: 820 corp: 197/153Kb lim: 4869 exec/s: 22438 rss: 177Mb L: 394/4828 MS: 2 ChangeBinInt-EraseBytes-
#67388	REDUCE cov: 180 ft: 820 corp: 197/153Kb lim: 4869 exec/s: 22462 rss: 178Mb L: 180/4828 MS: 2 ChangeBinInt-EraseBytes-
#67450	REDUCE cov: 180 ft: 820 corp: 197/153Kb lim: 4869 exec/s: 22483 rss: 178Mb L: 123/4828 MS: 2 PersAutoDict-EraseBytes- DE: "\316\377\377\377"-
#67549	REDUCE cov: 180 ft: 820 corp: 197/153Kb lim: 4869 exec/s: 22516 rss: 178Mb L: 997/4828 MS: 4 CrossOver-CrossOver-CopyPart-EraseBytes-
#67680	REDUCE cov: 180 ft: 820 corp: 197/152Kb lim: 4869 exec/s: 22560 rss: 178Mb L: 425/4828 MS: 1 EraseBytes-
#67926	REDUCE cov: 180 ft: 820 corp: 197/152Kb lim: 4869 exec/s: 22642 rss: 178Mb L: 432/4828 MS: 1 EraseBytes-
#67965	REDUCE cov: 180 ft: 820 corp: 197/152Kb lim: 4869 exec/s: 22655 rss: 178Mb L: 454/4828 MS: 4 ShuffleBytes-InsertRepeatedBytes-InsertRepeatedBytes-EraseBytes-
#68087	REDUCE cov: 180 ft: 821 corp: 198/153Kb lim: 4869 exec/s: 22695 rss: 179Mb L: 475/4828 MS: 2 InsertRepeatedBytes-ChangeByte-
#68150	REDUCE cov: 180 ft: 821 corp: 198/153Kb lim: 4869 exec/s: 22716 rss: 179Mb L: 1659/4828 MS: 3 InsertByte-PersAutoDict-EraseBytes- DE: "\377\377\377\325"-
#68379	REDUCE cov: 180 ft: 821 corp: 198/153Kb lim: 4869 exec/s: 17094 rss: 179Mb L: 383/4828 MS: 4 ChangeByte-ChangeASCIIInt-CrossOver-EraseBytes-
#68385	REDUCE cov: 180 ft: 821 corp: 198/153Kb lim: 4869 exec/s: 17096 rss: 179Mb L: 344/4828 MS: 1 EraseBytes-
#68452	REDUCE cov: 180 ft: 821 corp: 198/153Kb lim: 4869 exec/s: 17113 rss: 179Mb L: 176/4828 MS: 2 ChangeBit-EraseBytes-
#68503	REDUCE cov: 180 ft: 821 corp: 198/152Kb lim: 4869 exec/s: 17125 rss: 179Mb L: 2364/4828 MS: 1 EraseBytes-
#68510	REDUCE cov: 180 ft: 821 corp: 198/152Kb lim: 4869 exec/s: 17127 rss: 179Mb L: 220/4828 MS: 2 ChangeBinInt-EraseBytes-
#68547	REDUCE cov: 180 ft: 821 corp: 198/152Kb lim: 4869 exec/s: 17136 rss: 179Mb L: 336/4828 MS: 2 ChangeByte-EraseBytes-
#68734	REDUCE cov: 180 ft: 821 corp: 198/152Kb lim: 4869 exec/s: 17183 rss: 180Mb L: 384/4828 MS: 2 EraseBytes-EraseBytes-
#68765	REDUCE cov: 180 ft: 821 corp: 198/152Kb lim: 4869 exec/s: 17191 rss: 180Mb L: 373/4828 MS: 1 EraseBytes-
#68782	REDUCE cov: 180 ft: 821 corp: 198/152Kb lim: 4869 exec/s: 17195 rss: 180Mb L: 227/4828 MS: 2 InsertByte-EraseBytes-
#68967	REDUCE cov: 180 ft: 821 corp: 198/152Kb lim: 4869 exec/s: 17241 rss: 180Mb L: 100/4828 MS: 5 CMP-PersAutoDict-CMP-ChangeBit-EraseBytes- DE: "side"-"\265\026\011\323\031n\000\000"-"\022\000\000\000"-
#68998	REDUCE cov: 180 ft: 821 corp: 198/152Kb lim: 4869 exec/s: 17249 rss: 180Mb L: 57/4828 MS: 1 EraseBytes-
#68999	REDUCE cov: 180 ft: 821 corp: 198/152Kb lim: 4869 exec/s: 17249 rss: 180Mb L: 216/4828 MS: 1 EraseBytes-
#69123	REDUCE cov: 180 ft: 821 corp: 198/152Kb lim: 4869 exec/s: 17280 rss: 182Mb L: 208/4828 MS: 3 ShuffleBytes-CrossOver-EraseBytes-
#69260	REDUCE cov: 180 ft: 821 corp: 198/152Kb lim: 4869 exec/s: 17315 rss: 182Mb L: 228/4828 MS: 2 ChangeASCIIInt-EraseBytes-
#69289	REDUCE cov: 180 ft: 821 corp: 198/152Kb lim: 4869 exec/s: 17322 rss: 182Mb L: 50/4828 MS: 4 ChangeASCIIInt-PersAutoDict-ChangeASCIIInt-EraseBytes- DE: "\000\000mI\322\377\212~"-
#69440	REDUCE cov: 180 ft: 821 corp: 198/152Kb lim: 4869 exec/s: 17360 rss: 183Mb L: 147/4828 MS: 1 EraseBytes-
#69556	REDUCE cov: 180 ft: 821 corp: 198/152Kb lim: 4869 exec/s: 17389 rss: 183Mb L: 193/4828 MS: 1 EraseBytes-
#69577	REDUCE cov: 180 ft: 821 corp: 198/152Kb lim: 4869 exec/s: 17394 rss: 183Mb L: 628/4828 MS: 1 EraseBytes-
#69634	REDUCE cov: 180 ft: 821 corp: 198/152Kb lim: 4869 exec/s: 17408 rss: 183Mb L: 163/4828 MS: 2 InsertByte-EraseBytes-
#69661	REDUCE cov: 180 ft: 821 corp: 198/152Kb lim: 4869 exec/s: 17415 rss: 183Mb L: 6/4828 MS: 2 ChangeASCIIInt-EraseBytes-
#69795	REDUCE cov: 180 ft: 821 corp: 198/152Kb lim: 4869 exec/s: 17448 rss: 183Mb L: 144/4828 MS: 4 InsertByte-CopyPart-ChangeBinInt-EraseBytes-
#70062	REDUCE cov: 180 ft: 821 corp: 198/152Kb lim: 4869 exec/s: 17515 rss: 183Mb L: 340/4828 MS: 2 InsertRepeatedBytes-EraseBytes-
#70247	REDUCE cov: 180 ft: 821 corp: 198/152Kb lim: 4869 exec/s: 17561 rss: 184Mb L: 224/4828 MS: 5 ShuffleBytes-CMP-InsertByte-ChangeBit-EraseBytes- DE: "\000\000\000\000"-
#70251	REDUCE cov: 180 ft: 821 corp: 198/151Kb lim: 4869 exec/s: 17562 rss: 184Mb L: 247/4828 MS: 4 ChangeBit-InsertRepeatedBytes-ChangeASCIIInt-EraseBytes-
#70339	REDUCE cov: 180 ft: 821 corp: 198/151Kb lim: 4869 exec/s: 17584 rss: 184Mb L: 859/4828 MS: 3 ChangeASCIIInt-ChangeBinInt-EraseBytes-
#70519	REDUCE cov: 180 ft: 821 corp: 198/151Kb lim: 4869 exec/s: 17629 rss: 184Mb L: 283/4828 MS: 5 CMP-ChangeBinInt-CopyPart-InsertRepeatedBytes-EraseBytes- DE: "\322\377\377\377"-
#70545	REDUCE cov: 180 ft: 821 corp: 198/151Kb lim: 4869 exec/s: 17636 rss: 184Mb L: 513/4828 MS: 1 EraseBytes-
#70701	REDUCE cov: 180 ft: 821 corp: 198/151Kb lim: 4869 exec/s: 17675 rss: 184Mb L: 1660/4828 MS: 1 EraseBytes-
#70783	REDUCE cov: 180 ft: 821 corp: 198/151Kb lim: 4869 exec/s: 17695 rss: 184Mb L: 139/4828 MS: 2 ChangeBit-EraseBytes-
#70950	REDUCE cov: 180 ft: 821 corp: 198/151Kb lim: 4869 exec/s: 17737 rss: 185Mb L: 196/4828 MS: 2 ChangeASCIIInt-EraseBytes-
#71167	REDUCE cov: 180 ft: 823 corp: 199/151Kb lim: 4869 exec/s: 17791 rss: 185Mb L: 283/4828 MS: 2 ChangeBit-ChangeBinInt-
#71194	REDUCE cov: 180 ft: 823 corp: 199/151Kb lim: 4869 exec/s: 17798 rss: 185Mb L: 73/4828 MS: 2 ChangeBit-EraseBytes-
#71400	REDUCE cov: 180 ft: 823 corp: 199/151Kb lim: 4869 exec/s: 17850 rss: 185Mb L: 194/4828 MS: 1 EraseBytes-
#71629	REDUCE cov: 180 ft: 823 corp: 199/151Kb lim: 4869 exec/s: 17907 rss: 185Mb L: 533/4828 MS: 4 ShuffleBytes-InsertRepeatedBytes-CMP-EraseBytes- DE: "\000\000nI\323/\334\001"-
#71655	REDUCE cov: 180 ft: 823 corp: 199/151Kb lim: 4869 exec/s: 17913 rss: 185Mb L: 340/4828 MS: 1 EraseBytes-
#71737	REDUCE cov: 180 ft: 823 corp: 199/151Kb lim: 4869 exec/s: 17934 rss: 186Mb L: 260/4828 MS: 2 ChangeBit-EraseBytes-
#71778	REDUCE cov: 180 ft: 823 corp: 199/151Kb lim: 4869 exec/s: 17944 rss: 186Mb L: 44/4828 MS: 1 EraseBytes-
#71816	REDUCE cov: 180 ft: 823 corp: 199/151Kb lim: 4869 exec/s: 17954 rss: 186Mb L: 314/4828 MS: 3 ShuffleBytes-InsertByte-EraseBytes-
#71887	REDUCE cov: 180 ft: 823 corp: 199/151Kb lim: 4869 exec/s: 17971 rss: 186Mb L: 239/4828 MS: 1 EraseBytes-
#71968	REDUCE cov: 180 ft: 823 corp: 199/151Kb lim: 4869 exec/s: 17992 rss: 186Mb L: 201/4828 MS: 1 EraseBytes-
#72125	REDUCE cov: 180 ft: 823 corp: 199/151Kb lim: 4869 exec/s: 18031 rss: 186Mb L: 364/4828 MS: 2 CrossOver-EraseBytes-
#72256	REDUCE cov: 180 ft: 823 corp: 199/151Kb lim: 4869 exec/s: 18064 rss: 186Mb L: 603/4828 MS: 1 EraseBytes-
#72451	REDUCE cov: 180 ft: 823 corp: 199/151Kb lim: 4869 exec/s: 18112 rss: 187Mb L: 118/4828 MS: 5 CopyPart-ChangeASCIIInt-PersAutoDict-ChangeBit-EraseBytes- DE: "\001\000\000\000\000\000\000\000"-
#72482	REDUCE cov: 180 ft: 823 corp: 199/151Kb lim: 4869 exec/s: 18120 rss: 187Mb L: 494/4828 MS: 1 EraseBytes-
#72534	REDUCE cov: 180 ft: 823 corp: 199/151Kb lim: 4869 exec/s: 18133 rss: 187Mb L: 805/4828 MS: 2 InsertRepeatedBytes-EraseBytes-
#73003	REDUCE cov: 180 ft: 823 corp: 199/151Kb lim: 4869 exec/s: 18250 rss: 187Mb L: 215/4828 MS: 4 CMP-InsertByte-CrossOver-EraseBytes- DE: "\001\202"-
#73039	REDUCE cov: 180 ft: 823 corp: 199/151Kb lim: 4869 exec/s: 18259 rss: 187Mb L: 271/4828 MS: 1 EraseBytes-
#73121	REDUCE cov: 180 ft: 825 corp: 200/151Kb lim: 4869 exec/s: 18280 rss: 188Mb L: 207/4828 MS: 2 InsertByte-CrossOver-
#73150	REDUCE cov: 180 ft: 825 corp: 200/151Kb lim: 4869 exec/s: 18287 rss: 188Mb L: 370/4828 MS: 4 ChangeASCIIInt-ChangeASCIIInt-CMP-EraseBytes- DE: "\377\377\377\377\377\377\377\016"-
#73267	REDUCE cov: 180 ft: 825 corp: 200/151Kb lim: 4869 exec/s: 18316 rss: 188Mb L: 162/4828 MS: 2 InsertByte-EraseBytes-
#73278	REDUCE cov: 180 ft: 825 corp: 200/151Kb lim: 4869 exec/s: 18319 rss: 188Mb L: 229/4828 MS: 1 EraseBytes-
#73344	REDUCE cov: 180 ft: 825 corp: 200/151Kb lim: 4869 exec/s: 18336 rss: 188Mb L: 2248/4828 MS: 1 EraseBytes-
#73394	REDUCE cov: 180 ft: 825 corp: 200/151Kb lim: 4869 exec/s: 18348 rss: 188Mb L: 2126/4828 MS: 5 CMP-PersAutoDict-ShuffleBytes-InsertByte-EraseBytes- DE: "\001\000\000\000\000\000\000\000"-"\001\000\000\000\000\000\000\000"-
#73788	REDUCE cov: 180 ft: 825 corp: 200/150Kb lim: 4869 exec/s: 18447 rss: 189Mb L: 982/4828 MS: 4 ChangeBit-CopyPart-PersAutoDict-EraseBytes- DE: "sz\":"-
#73817	REDUCE cov: 180 ft: 825 corp: 200/150Kb lim: 4869 exec/s: 18454 rss: 189Mb L: 299/4828 MS: 4 ShuffleBytes-ChangeByte-ShuffleBytes-EraseBytes-
#73838	REDUCE cov: 180 ft: 825 corp: 200/150Kb lim: 4869 exec/s: 18459 rss: 189Mb L: 160/4828 MS: 1 EraseBytes-
#73985	REDUCE cov: 180 ft: 825 corp: 200/150Kb lim: 4869 exec/s: 18496 rss: 189Mb L: 124/4828 MS: 2 ChangeByte-EraseBytes-
#74192	REDUCE cov: 180 ft: 825 corp: 200/150Kb lim: 4869 exec/s: 18548 rss: 189Mb L: 188/4828 MS: 2 ChangeASCIIInt-EraseBytes-
#74409	REDUCE cov: 180 ft: 825 corp: 200/150Kb lim: 4869 exec/s: 18602 rss: 189Mb L: 274/4828 MS: 2 InsertByte-EraseBytes-
#74461	NEW    cov: 181 ft: 826 corp: 201/152Kb lim: 4869 exec/s: 18615 rss: 189Mb L: 2282/4828 MS: 2 ChangeBit-CMP- DE: "\011\000"-
#74499	REDUCE cov: 181 ft: 826 corp: 201/151Kb lim: 4869 exec/s: 18624 rss: 190Mb L: 1780/4828 MS: 3 ShuffleBytes-ChangeBit-EraseBytes-
#74519	REDUCE cov: 181 ft: 826 corp: 201/151Kb lim: 4869 exec/s: 18629 rss: 190Mb L: 232/4828 MS: 5 ChangeASCIIInt-PersAutoDict-ChangeByte-PersAutoDict-EraseBytes- DE: "\324\013\006\323\371n\000\000"-"\000\000\000\010"-
#74686	REDUCE cov: 181 ft: 826 corp: 201/151Kb lim: 4869 exec/s: 18671 rss: 190Mb L: 235/4828 MS: 2 ChangeASCIIInt-EraseBytes-
#74922	REDUCE cov: 181 ft: 826 corp: 201/151Kb lim: 4869 exec/s: 18730 rss: 190Mb L: 157/4828 MS: 1 EraseBytes-
#74988	REDUCE cov: 181 ft: 826 corp: 201/151Kb lim: 4869 exec/s: 18747 rss: 190Mb L: 9/4828 MS: 1 EraseBytes-
#74997	REDUCE cov: 181 ft: 826 corp: 201/151Kb lim: 4869 exec/s: 18749 rss: 190Mb L: 391/4828 MS: 4 ChangeBit-ChangeASCIIInt-CMP-EraseBytes- DE: "\000\000\000\000\000\000\000\000"-
#75128	REDUCE cov: 181 ft: 826 corp: 201/151Kb lim: 4869 exec/s: 18782 rss: 190Mb L: 437/4828 MS: 1 EraseBytes-
#75177	REDUCE cov: 181 ft: 826 corp: 201/151Kb lim: 4869 exec/s: 18794 rss: 190Mb L: 334/4828 MS: 4 ChangeASCIIInt-InsertByte-InsertByte-EraseBytes-
#75255	REDUCE cov: 181 ft: 826 corp: 201/151Kb lim: 4869 exec/s: 18813 rss: 191Mb L: 3/4828 MS: 3 ChangeByte-EraseBytes-InsertByte-
#75257	REDUCE cov: 181 ft: 826 corp: 201/151Kb lim: 4869 exec/s: 18814 rss: 191Mb L: 184/4828 MS: 2 ChangeBit-EraseBytes-
#75333	REDUCE cov: 181 ft: 826 corp: 201/151Kb lim: 4869 exec/s: 18833 rss: 191Mb L: 650/4828 MS: 1 EraseBytes-
#75477	REDUCE cov: 181 ft: 826 corp: 201/151Kb lim: 4869 exec/s: 18869 rss: 191Mb L: 467/4828 MS: 4 EraseBytes-CrossOver-ChangeASCIIInt-CopyPart-
#75618	REDUCE cov: 181 ft: 826 corp: 201/151Kb lim: 4869 exec/s: 18904 rss: 191Mb L: 193/4828 MS: 1 EraseBytes-
#75989	REDUCE cov: 181 ft: 826 corp: 201/151Kb lim: 4869 exec/s: 18997 rss: 192Mb L: 189/4828 MS: 1 EraseBytes-
#76096	REDUCE cov: 181 ft: 826 corp: 201/151Kb lim: 4869 exec/s: 19024 rss: 192Mb L: 370/4828 MS: 2 ChangeASCIIInt-EraseBytes-
#76431	REDUCE cov: 181 ft: 826 corp: 201/151Kb lim: 4869 exec/s: 19107 rss: 192Mb L: 51/4828 MS: 5 ChangeBit-CopyPart-EraseBytes-PersAutoDict-EraseBytes- DE: "\234\206\003\323\271n\000\000"-
#76484	REDUCE cov: 181 ft: 826 corp: 201/151Kb lim: 4869 exec/s: 19121 rss: 192Mb L: 200/4828 MS: 3 ShuffleBytes-ChangeByte-EraseBytes-
#76550	REDUCE cov: 181 ft: 828 corp: 202/155Kb lim: 4869 exec/s: 19137 rss: 192Mb L: 4798/4828 MS: 1 CopyPart-
#76551	REDUCE cov: 181 ft: 828 corp: 202/155Kb lim: 4869 exec/s: 19137 rss: 192Mb L: 18/4828 MS: 1 EraseBytes-
#76868	REDUCE cov: 181 ft: 828 corp: 202/155Kb lim: 4869 exec/s: 19217 rss: 193Mb L: 147/4828 MS: 2 ChangeByte-EraseBytes-
#76880	REDUCE cov: 181 ft: 828 corp: 202/155Kb lim: 4869 exec/s: 19220 rss: 193Mb L: 158/4828 MS: 2 ChangeByte-EraseBytes-
#76922	REDUCE cov: 181 ft: 828 corp: 202/155Kb lim: 4869 exec/s: 19230 rss: 193Mb L: 121/4828 MS: 2 ShuffleBytes-EraseBytes-
#77078	REDUCE cov: 181 ft: 828 corp: 202/155Kb lim: 4869 exec/s: 19269 rss: 193Mb L: 203/4828 MS: 1 EraseBytes-
#77115	REDUCE cov: 181 ft: 828 corp: 202/155Kb lim: 4869 exec/s: 19278 rss: 193Mb L: 519/4828 MS: 2 PersAutoDict-EraseBytes- DE: "\376\377\377\270"-
#77156	REDUCE cov: 181 ft: 828 corp: 202/155Kb lim: 4869 exec/s: 19289 rss: 193Mb L: 4437/4828 MS: 1 EraseBytes-
#77700	REDUCE cov: 181 ft: 828 corp: 202/155Kb lim: 4869 exec/s: 19425 rss: 194Mb L: 624/4828 MS: 4 CMP-ChangeASCIIInt-ChangeBinInt-CrossOver- DE: "2\324a\323\211n\000\000"-
#77737	REDUCE cov: 181 ft: 828 corp: 202/155Kb lim: 4869 exec/s: 19434 rss: 194Mb L: 3901/4828 MS: 2 CopyPart-EraseBytes-
#77850	REDUCE cov: 181 ft: 828 corp: 202/155Kb lim: 4869 exec/s: 19462 rss: 194Mb L: 794/4828 MS: 3 CMP-ChangeBit-EraseBytes- DE: "side"-
#78037	REDUCE cov: 181 ft: 828 corp: 202/155Kb lim: 4869 exec/s: 19509 rss: 195Mb L: 25/4828 MS: 2 EraseBytes-CrossOver-
#78204	REDUCE cov: 181 ft: 828 corp: 202/154Kb lim: 4869 exec/s: 19551 rss: 195Mb L: 1861/4828 MS: 2 ChangeBinInt-EraseBytes-
#78236	REDUCE cov: 181 ft: 828 corp: 202/154Kb lim: 4869 exec/s: 19559 rss: 195Mb L: 162/4828 MS: 2 ShuffleBytes-EraseBytes-
#78522	REDUCE cov: 181 ft: 828 corp: 202/154Kb lim: 4869 exec/s: 19630 rss: 195Mb L: 1568/4828 MS: 1 EraseBytes-
#78917	REDUCE cov: 181 ft: 828 corp: 202/154Kb lim: 4869 exec/s: 19729 rss: 196Mb L: 409/4828 MS: 5 ShuffleBytes-ChangeBinInt-ChangeASCIIInt-ChangeBinInt-EraseBytes-
#78983	REDUCE cov: 181 ft: 829 corp: 203/155Kb lim: 4869 exec/s: 19745 rss: 196Mb L: 1184/4828 MS: 1 CopyPart-
#79130	REDUCE cov: 181 ft: 829 corp: 203/155Kb lim: 4869 exec/s: 19782 rss: 196Mb L: 118/4828 MS: 2 ChangeASCIIInt-EraseBytes-
#79266	REDUCE cov: 181 ft: 829 corp: 203/155Kb lim: 4869 exec/s: 19816 rss: 196Mb L: 1493/4828 MS: 1 EraseBytes-
#79477	REDUCE cov: 181 ft: 829 corp: 203/155Kb lim: 4869 exec/s: 19869 rss: 197Mb L: 2261/4828 MS: 1 EraseBytes-
#79484	REDUCE cov: 181 ft: 829 corp: 203/155Kb lim: 4869 exec/s: 19871 rss: 197Mb L: 40/4828 MS: 2 CMP-EraseBytes- DE: "H\231\002\323\311m\000\000"-
#79601	REDUCE cov: 181 ft: 829 corp: 203/155Kb lim: 4869 exec/s: 19900 rss: 197Mb L: 519/4828 MS: 2 InsertByte-EraseBytes-
#79818	REDUCE cov: 181 ft: 829 corp: 203/155Kb lim: 4869 exec/s: 19954 rss: 197Mb L: 363/4828 MS: 2 PersAutoDict-EraseBytes- DE: "\013\000\000\000\000\000\000\000"-
#79874	REDUCE cov: 183 ft: 831 corp: 204/155Kb lim: 4869 exec/s: 19968 rss: 197Mb L: 247/4828 MS: 1 CopyPart-
#79909	REDUCE cov: 183 ft: 831 corp: 204/155Kb lim: 4869 exec/s: 19977 rss: 197Mb L: 271/4828 MS: 5 EraseBytes-ShuffleBytes-EraseBytes-ChangeBinInt-ChangeByte-
#79989	REDUCE cov: 183 ft: 831 corp: 204/155Kb lim: 4869 exec/s: 19997 rss: 197Mb L: 161/4828 MS: 5 ShuffleBytes-ChangeASCIIInt-ChangeBit-ShuffleBytes-EraseBytes-
#80145	REDUCE cov: 183 ft: 831 corp: 204/154Kb lim: 4869 exec/s: 20036 rss: 198Mb L: 2081/4828 MS: 1 EraseBytes-
#80302	NEW    cov: 183 ft: 833 corp: 205/155Kb lim: 4869 exec/s: 20075 rss: 198Mb L: 248/4828 MS: 2 InsertByte-ChangeByte-
#80348	REDUCE cov: 183 ft: 833 corp: 205/155Kb lim: 4869 exec/s: 20087 rss: 198Mb L: 103/4828 MS: 1 EraseBytes-
#80609	REDUCE cov: 183 ft: 833 corp: 205/155Kb lim: 4869 exec/s: 20152 rss: 198Mb L: 330/4828 MS: 1 EraseBytes-
#80750	REDUCE cov: 183 ft: 833 corp: 205/154Kb lim: 4869 exec/s: 20187 rss: 199Mb L: 294/4828 MS: 1 EraseBytes-
#80852	REDUCE cov: 183 ft: 833 corp: 205/154Kb lim: 4869 exec/s: 20213 rss: 199Mb L: 648/4828 MS: 2 InsertByte-EraseBytes-
#80925	REDUCE cov: 183 ft: 833 corp: 205/154Kb lim: 4869 exec/s: 20231 rss: 199Mb L: 217/4828 MS: 3 ChangeBinInt-ChangeASCIIInt-EraseBytes-
#80957	REDUCE cov: 183 ft: 833 corp: 205/154Kb lim: 4869 exec/s: 20239 rss: 199Mb L: 4409/4780 MS: 2 ChangeASCIIInt-CrossOver-
#81064	REDUCE cov: 183 ft: 833 corp: 205/154Kb lim: 4869 exec/s: 20266 rss: 199Mb L: 867/4780 MS: 2 ChangeBit-EraseBytes-
#81163	REDUCE cov: 183 ft: 833 corp: 205/154Kb lim: 4869 exec/s: 20290 rss: 199Mb L: 191/4780 MS: 4 InsertByte-ChangeBinInt-InsertByte-EraseBytes-
#81304	REDUCE cov: 183 ft: 833 corp: 205/154Kb lim: 4869 exec/s: 20326 rss: 199Mb L: 260/4780 MS: 1 EraseBytes-
#81336	REDUCE cov: 183 ft: 833 corp: 205/154Kb lim: 4869 exec/s: 20334 rss: 199Mb L: 254/4780 MS: 2 ChangeASCIIInt-EraseBytes-
#81413	REDUCE cov: 183 ft: 833 corp: 205/154Kb lim: 4869 exec/s: 20353 rss: 200Mb L: 361/4780 MS: 2 ChangeASCIIInt-EraseBytes-
#81689	REDUCE cov: 183 ft: 833 corp: 205/154Kb lim: 4869 exec/s: 20422 rss: 200Mb L: 32/4780 MS: 1 EraseBytes-
#82006	REDUCE cov: 183 ft: 835 corp: 206/155Kb lim: 4869 exec/s: 20501 rss: 200Mb L: 1623/4780 MS: 2 ShuffleBytes-CrossOver-
#82119	REDUCE cov: 183 ft: 835 corp: 206/155Kb lim: 4869 exec/s: 20529 rss: 201Mb L: 247/4780 MS: 3 CMP-ChangeBinInt-EraseBytes- DE: "\000\000\000\000\000\000\000\000"-
#82175	REDUCE cov: 183 ft: 835 corp: 206/155Kb lim: 4869 exec/s: 20543 rss: 201Mb L: 1281/4780 MS: 1 EraseBytes-
#82382	REDUCE cov: 183 ft: 835 corp: 206/155Kb lim: 4869 exec/s: 20595 rss: 201Mb L: 1134/4780 MS: 2 PersAutoDict-EraseBytes- DE: "\377\377\377\377\377\377\377\377"-
#82559	REDUCE cov: 183 ft: 835 corp: 206/155Kb lim: 4869 exec/s: 20639 rss: 201Mb L: 125/4780 MS: 2 ChangeBinInt-EraseBytes-
#82582	REDUCE cov: 183 ft: 835 corp: 206/155Kb lim: 4869 exec/s: 20645 rss: 201Mb L: 159/4780 MS: 3 PersAutoDict-InsertRepeatedBytes-EraseBytes- DE: ",5"-
#82733	REDUCE cov: 183 ft: 835 corp: 206/155Kb lim: 4869 exec/s: 20683 rss: 202Mb L: 917/4780 MS: 1 EraseBytes-
#82806	REDUCE cov: 183 ft: 835 corp: 206/155Kb lim: 4869 exec/s: 20701 rss: 202Mb L: 32/4780 MS: 3 ChangeBinInt-ChangeASCIIInt-EraseBytes-
#82852	REDUCE cov: 183 ft: 835 corp: 206/155Kb lim: 4869 exec/s: 20713 rss: 202Mb L: 180/4780 MS: 1 EraseBytes-
#82924	REDUCE cov: 183 ft: 835 corp: 206/155Kb lim: 4869 exec/s: 20731 rss: 202Mb L: 7/4780 MS: 2 ChangeBit-EraseBytes-
#83012	NEW    cov: 183 ft: 836 corp: 207/155Kb lim: 4869 exec/s: 20753 rss: 202Mb L: 2/4780 MS: 3 CopyPart-InsertByte-EraseBytes-
#83033	REDUCE cov: 183 ft: 836 corp: 207/155Kb lim: 4869 exec/s: 20758 rss: 202Mb L: 3479/4780 MS: 1 EraseBytes-
#83065	REDUCE cov: 183 ft: 836 corp: 207/155Kb lim: 4869 exec/s: 20766 rss: 202Mb L: 2/4780 MS: 2 InsertByte-EraseBytes-
#83173	REDUCE cov: 183 ft: 836 corp: 207/155Kb lim: 4869 exec/s: 20793 rss: 202Mb L: 390/4780 MS: 3 ChangeBinInt-ChangeASCIIInt-EraseBytes-
#83410	REDUCE cov: 183 ft: 836 corp: 207/154Kb lim: 4869 exec/s: 20852 rss: 203Mb L: 149/4780 MS: 2 InsertByte-EraseBytes-
#83706	REDUCE cov: 183 ft: 836 corp: 207/154Kb lim: 4869 exec/s: 20926 rss: 203Mb L: 59/4780 MS: 1 EraseBytes-
#83727	REDUCE cov: 183 ft: 836 corp: 207/154Kb lim: 4869 exec/s: 20931 rss: 203Mb L: 1653/4780 MS: 1 EraseBytes-
#84091	REDUCE cov: 183 ft: 836 corp: 207/154Kb lim: 4869 exec/s: 21022 rss: 203Mb L: 781/4780 MS: 4 ChangeByte-InsertByte-InsertByte-EraseBytes-
#84112	REDUCE cov: 183 ft: 836 corp: 207/154Kb lim: 4869 exec/s: 21028 rss: 204Mb L: 24/4780 MS: 1 EraseBytes-
#84614	REDUCE cov: 183 ft: 836 corp: 207/154Kb lim: 4869 exec/s: 21153 rss: 204Mb L: 188/4780 MS: 2 ChangeBit-EraseBytes-
#84727	REDUCE cov: 183 ft: 836 corp: 207/154Kb lim: 4869 exec/s: 21181 rss: 204Mb L: 1488/4780 MS: 3 CrossOver-InsertRepeatedBytes-EraseBytes-
#84804	REDUCE cov: 183 ft: 836 corp: 207/154Kb lim: 4869 exec/s: 21201 rss: 204Mb L: 55/4780 MS: 2 InsertByte-EraseBytes-
#84827	REDUCE cov: 183 ft: 836 corp: 207/154Kb lim: 4869 exec/s: 21206 rss: 204Mb L: 174/4780 MS: 3 ShuffleBytes-InsertRepeatedBytes-EraseBytes-
#84882	REDUCE cov: 183 ft: 836 corp: 207/153Kb lim: 4869 exec/s: 21220 rss: 204Mb L: 269/4780 MS: 5 InsertByte-ChangeBit-PersAutoDict-EraseBytes-ChangeByte- DE: "\223\347\012\323\031n\000\000"-
#84969	REDUCE cov: 183 ft: 836 corp: 207/153Kb lim: 4869 exec/s: 21242 rss: 205Mb L: 1370/4780 MS: 2 PersAutoDict-EraseBytes- DE: "2\324a\323\211n\000\000"-
#85110	REDUCE cov: 183 ft: 836 corp: 207/153Kb lim: 4869 exec/s: 21277 rss: 205Mb L: 239/4780 MS: 1 EraseBytes-
#85116	REDUCE cov: 183 ft: 836 corp: 207/153Kb lim: 4869 exec/s: 21279 rss: 205Mb L: 86/4780 MS: 1 EraseBytes-
#85160	REDUCE cov: 183 ft: 836 corp: 207/153Kb lim: 4869 exec/s: 21290 rss: 205Mb L: 256/4780 MS: 4 CopyPart-ChangeBit-ChangeByte-EraseBytes-
#85251	REDUCE cov: 183 ft: 836 corp: 207/153Kb lim: 4869 exec/s: 21312 rss: 205Mb L: 10/4780 MS: 1 EraseBytes-
#85342	REDUCE cov: 183 ft: 836 corp: 207/153Kb lim: 4869 exec/s: 21335 rss: 205Mb L: 200/4780 MS: 1 EraseBytes-
#85445	REDUCE cov: 183 ft: 836 corp: 207/153Kb lim: 4869 exec/s: 21361 rss: 205Mb L: 737/4780 MS: 3 ChangeASCIIInt-InsertByte-EraseBytes-
#85646	REDUCE cov: 183 ft: 836 corp: 207/153Kb lim: 4869 exec/s: 21411 rss: 206Mb L: 72/4780 MS: 1 EraseBytes-
#85894	REDUCE cov: 183 ft: 836 corp: 207/153Kb lim: 4869 exec/s: 21473 rss: 206Mb L: 246/4780 MS: 3 ChangeBit-ChangeBinInt-EraseBytes-
#86092	REDUCE cov: 183 ft: 836 corp: 207/153Kb lim: 4869 exec/s: 21523 rss: 206Mb L: 147/4780 MS: 3 InsertByte-CopyPart-EraseBytes-
#86124	REDUCE cov: 183 ft: 836 corp: 207/153Kb lim: 4869 exec/s: 21531 rss: 206Mb L: 1065/4780 MS: 2 ShuffleBytes-EraseBytes-
#86141	NEW    cov: 185 ft: 839 corp: 208/153Kb lim: 4869 exec/s: 21535 rss: 206Mb L: 175/4780 MS: 2 ChangeByte-EraseBytes-
#86147	REDUCE cov: 185 ft: 839 corp: 208/153Kb lim: 4869 exec/s: 21536 rss: 206Mb L: 121/4780 MS: 1 EraseBytes-
#86174	REDUCE cov: 185 ft: 839 corp: 208/153Kb lim: 4869 exec/s: 21543 rss: 206Mb L: 5/4780 MS: 2 ChangeBinInt-EraseBytes-
#86285	REDUCE cov: 185 ft: 839 corp: 208/153Kb lim: 4869 exec/s: 21571 rss: 206Mb L: 480/4780 MS: 1 EraseBytes-
#86313	REDUCE cov: 185 ft: 841 corp: 209/153Kb lim: 4869 exec/s: 21578 rss: 206Mb L: 191/4780 MS: 3 InsertRepeatedBytes-ChangeBinInt-PersAutoDict- DE: "\013\000\000\000\000\000\000\000"-
#86525	REDUCE cov: 185 ft: 841 corp: 209/153Kb lim: 4869 exec/s: 21631 rss: 207Mb L: 26/4780 MS: 2 ChangeByte-EraseBytes-
#86591	REDUCE cov: 185 ft: 841 corp: 209/153Kb lim: 4869 exec/s: 21647 rss: 207Mb L: 86/4780 MS: 1 EraseBytes-
#86864	REDUCE cov: 185 ft: 841 corp: 209/153Kb lim: 4869 exec/s: 21716 rss: 207Mb L: 307/4780 MS: 3 InsertRepeatedBytes-ChangeByte-EraseBytes-
#86958	REDUCE cov: 185 ft: 841 corp: 209/153Kb lim: 4869 exec/s: 21739 rss: 207Mb L: 152/4780 MS: 4 InsertRepeatedBytes-PersAutoDict-ChangeBinInt-EraseBytes- DE: "\377\377\377\377"-
#87289	REDUCE cov: 185 ft: 841 corp: 209/153Kb lim: 4869 exec/s: 21822 rss: 208Mb L: 318/4780 MS: 1 EraseBytes-
#87430	REDUCE cov: 185 ft: 841 corp: 209/153Kb lim: 4869 exec/s: 21857 rss: 208Mb L: 118/4780 MS: 1 EraseBytes-
#87487	REDUCE cov: 185 ft: 844 corp: 210/153Kb lim: 4869 exec/s: 21871 rss: 208Mb L: 118/4780 MS: 2 ChangeASCIIInt-ChangeByte-
#88058	REDUCE cov: 185 ft: 845 corp: 211/153Kb lim: 4869 exec/s: 22014 rss: 209Mb L: 119/4780 MS: 1 InsertByte-
#88076	REDUCE cov: 185 ft: 845 corp: 211/153Kb lim: 4869 exec/s: 22019 rss: 209Mb L: 165/4780 MS: 3 InsertByte-ChangeASCIIInt-EraseBytes-
#88180	REDUCE cov: 185 ft: 845 corp: 211/153Kb lim: 4869 exec/s: 22045 rss: 209Mb L: 70/4780 MS: 4 PersAutoDict-ChangeASCIIInt-ChangeBit-EraseBytes- DE: "\377\377\377\272"-
#88233	REDUCE cov: 185 ft: 845 corp: 211/153Kb lim: 4869 exec/s: 22058 rss: 209Mb L: 114/4780 MS: 3 ChangeASCIIInt-CopyPart-EraseBytes-
#88301	REDUCE cov: 185 ft: 845 corp: 211/153Kb lim: 4869 exec/s: 22075 rss: 209Mb L: 369/4780 MS: 3 ShuffleBytes-ChangeBit-EraseBytes-
#88482	REDUCE cov: 185 ft: 845 corp: 211/153Kb lim: 4869 exec/s: 22120 rss: 209Mb L: 29/4780 MS: 1 EraseBytes-
#88570	REDUCE cov: 185 ft: 845 corp: 211/153Kb lim: 4869 exec/s: 22142 rss: 209Mb L: 106/4780 MS: 3 PersAutoDict-PersAutoDict-EraseBytes- DE: "\322\377\377\377"-"\310\377\377\377"-
#88646	REDUCE cov: 185 ft: 845 corp: 211/153Kb lim: 4869 exec/s: 22161 rss: 209Mb L: 495/4780 MS: 1 EraseBytes-
#88707	REDUCE cov: 185 ft: 845 corp: 211/153Kb lim: 4869 exec/s: 22176 rss: 209Mb L: 100/4780 MS: 1 EraseBytes-
#88724	NEW    cov: 185 ft: 847 corp: 212/153Kb lim: 4869 exec/s: 22181 rss: 209Mb L: 145/4780 MS: 2 CrossOver-EraseBytes-
#88791	REDUCE cov: 185 ft: 847 corp: 212/153Kb lim: 4869 exec/s: 22197 rss: 210Mb L: 278/4780 MS: 2 ShuffleBytes-EraseBytes-
#88850	REDUCE cov: 185 ft: 847 corp: 212/153Kb lim: 4869 exec/s: 22212 rss: 210Mb L: 88/4780 MS: 4 CopyPart-CopyPart-ChangeBit-EraseBytes-
#88951	REDUCE cov: 185 ft: 847 corp: 212/153Kb lim: 4869 exec/s: 22237 rss: 210Mb L: 100/4780 MS: 1 EraseBytes-
#89044	REDUCE cov: 185 ft: 849 corp: 213/153Kb lim: 4869 exec/s: 22261 rss: 210Mb L: 327/4780 MS: 3 EraseBytes-CrossOver-InsertByte-
#89095	REDUCE cov: 185 ft: 851 corp: 214/153Kb lim: 4869 exec/s: 22273 rss: 210Mb L: 122/4780 MS: 1 CMP- DE: "\001\000\000\000"-
#89126	REDUCE cov: 185 ft: 851 corp: 214/153Kb lim: 4869 exec/s: 22281 rss: 210Mb L: 48/4780 MS: 1 EraseBytes-
#89552	REDUCE cov: 185 ft: 851 corp: 214/153Kb lim: 4869 exec/s: 17910 rss: 211Mb L: 120/4780 MS: 1 EraseBytes-
#89612	REDUCE cov: 185 ft: 851 corp: 214/153Kb lim: 4869 exec/s: 17922 rss: 211Mb L: 175/4780 MS: 5 CrossOver-ChangeASCIIInt-InsertByte-ShuffleBytes-EraseBytes-
#89694	REDUCE cov: 185 ft: 851 corp: 214/153Kb lim: 4869 exec/s: 17938 rss: 211Mb L: 175/4780 MS: 2 ChangeBinInt-EraseBytes-
#89846	REDUCE cov: 185 ft: 853 corp: 215/154Kb lim: 4869 exec/s: 17969 rss: 211Mb L: 647/4780 MS: 2 ChangeBinInt-CrossOver-
#89897	REDUCE cov: 185 ft: 853 corp: 215/154Kb lim: 4869 exec/s: 17979 rss: 211Mb L: 548/4780 MS: 1 EraseBytes-
#89964	REDUCE cov: 185 ft: 853 corp: 215/154Kb lim: 4869 exec/s: 17992 rss: 211Mb L: 368/4780 MS: 2 ChangeByte-EraseBytes-
#90001	REDUCE cov: 185 ft: 853 corp: 215/154Kb lim: 4869 exec/s: 18000 rss: 211Mb L: 603/4780 MS: 2 InsertByte-EraseBytes-
#90078	REDUCE cov: 185 ft: 853 corp: 215/153Kb lim: 4869 exec/s: 18015 rss: 211Mb L: 533/4780 MS: 2 PersAutoDict-EraseBytes- DE: "\377\377\377\375"-
#90084	REDUCE cov: 185 ft: 853 corp: 215/153Kb lim: 4869 exec/s: 18016 rss: 212Mb L: 4360/4728 MS: 1 CrossOver-
#90091	REDUCE cov: 185 ft: 853 corp: 215/153Kb lim: 4869 exec/s: 18018 rss: 212Mb L: 423/4728 MS: 2 InsertByte-EraseBytes-
#90107	REDUCE cov: 185 ft: 853 corp: 215/153Kb lim: 4869 exec/s: 18021 rss: 212Mb L: 245/4728 MS: 1 CrossOver-
#90109	REDUCE cov: 185 ft: 853 corp: 215/153Kb lim: 4869 exec/s: 18021 rss: 212Mb L: 1286/4728 MS: 2 ChangeASCIIInt-EraseBytes-
#90458	REDUCE cov: 185 ft: 853 corp: 215/153Kb lim: 4869 exec/s: 18091 rss: 214Mb L: 341/4728 MS: 4 InsertByte-ChangeBit-ChangeASCIIInt-EraseBytes-
#90581	REDUCE cov: 185 ft: 853 corp: 215/153Kb lim: 4869 exec/s: 18116 rss: 214Mb L: 1381/4728 MS: 3 ChangeByte-InsertByte-EraseBytes-
#90771	REDUCE cov: 185 ft: 853 corp: 215/152Kb lim: 4869 exec/s: 18154 rss: 215Mb L: 413/4728 MS: 5 ShuffleBytes-InsertByte-ChangeBit-CopyPart-EraseBytes-
#90988	REDUCE cov: 185 ft: 856 corp: 216/153Kb lim: 4869 exec/s: 18197 rss: 215Mb L: 259/4728 MS: 2 CrossOver-CrossOver-
#91255	REDUCE cov: 185 ft: 856 corp: 216/153Kb lim: 4869 exec/s: 18251 rss: 215Mb L: 222/4728 MS: 2 InsertRepeatedBytes-EraseBytes-
#91263	REDUCE cov: 185 ft: 856 corp: 216/152Kb lim: 4869 exec/s: 18252 rss: 215Mb L: 722/4728 MS: 3 PersAutoDict-CMP-EraseBytes- DE: "s\"px"-"\377\377\377\377\377\377\377\377"-
#91336	REDUCE cov: 185 ft: 856 corp: 216/152Kb lim: 4869 exec/s: 18267 rss: 215Mb L: 158/4728 MS: 3 ChangeByte-PersAutoDict-EraseBytes- DE: "\306\377\377\377"-
#91377	REDUCE cov: 185 ft: 856 corp: 216/152Kb lim: 4869 exec/s: 18275 rss: 215Mb L: 181/4728 MS: 1 EraseBytes-
#91588	REDUCE cov: 185 ft: 856 corp: 216/152Kb lim: 4869 exec/s: 18317 rss: 216Mb L: 34/4728 MS: 1 EraseBytes-
#91744	REDUCE cov: 185 ft: 856 corp: 216/152Kb lim: 4869 exec/s: 18348 rss: 216Mb L: 420/4728 MS: 1 EraseBytes-
#91789	REDUCE cov: 185 ft: 856 corp: 216/152Kb lim: 4869 exec/s: 18357 rss: 216Mb L: 228/4728 MS: 5 ChangeByte-ShuffleBytes-CMP-ChangeBinInt-EraseBytes- DE: "\377\377\377\377\377\377\377o"-
#92036	REDUCE cov: 185 ft: 856 corp: 216/152Kb lim: 4869 exec/s: 18407 rss: 216Mb L: 189/4728 MS: 2 ChangeByte-EraseBytes-
#92081	REDUCE cov: 185 ft: 856 corp: 216/152Kb lim: 4869 exec/s: 18416 rss: 216Mb L: 212/4728 MS: 5 ChangeBinInt-InsertByte-ChangeASCIIInt-ChangeBinInt-EraseBytes-
#92227	REDUCE cov: 185 ft: 856 corp: 216/152Kb lim: 4869 exec/s: 18445 rss: 217Mb L: 536/4728 MS: 1 EraseBytes-
#92365	REDUCE cov: 185 ft: 856 corp: 216/152Kb lim: 4869 exec/s: 18473 rss: 217Mb L: 243/4728 MS: 3 CrossOver-PersAutoDict-EraseBytes- DE: "\377\377mi\323@\363/"-
#92572	REDUCE cov: 185 ft: 856 corp: 216/152Kb lim: 4869 exec/s: 18514 rss: 217Mb L: 327/4728 MS: 2 ChangeByte-EraseBytes-
#92623	REDUCE cov: 185 ft: 856 corp: 216/152Kb lim: 4869 exec/s: 18524 rss: 217Mb L: 12/4728 MS: 1 EraseBytes-
#92724	REDUCE cov: 185 ft: 856 corp: 216/152Kb lim: 4869 exec/s: 18544 rss: 217Mb L: 312/4728 MS: 1 EraseBytes-
#92856	REDUCE cov: 185 ft: 856 corp: 216/152Kb lim: 4869 exec/s: 18571 rss: 217Mb L: 31/4728 MS: 2 ChangeBit-EraseBytes-
#93002	REDUCE cov: 185 ft: 856 corp: 216/152Kb lim: 4869 exec/s: 18600 rss: 218Mb L: 124/4728 MS: 1 EraseBytes-
#93203	REDUCE cov: 185 ft: 856 corp: 216/152Kb lim: 4869 exec/s: 18640 rss: 218Mb L: 353/4728 MS: 1 EraseBytes-
#93235	REDUCE cov: 185 ft: 856 corp: 216/152Kb lim: 4869 exec/s: 18647 rss: 218Mb L: 146/4728 MS: 2 InsertByte-EraseBytes-
#93476	REDUCE cov: 185 ft: 856 corp: 216/152Kb lim: 4869 exec/s: 18695 rss: 218Mb L: 432/4728 MS: 1 EraseBytes-
#93516	REDUCE cov: 185 ft: 856 corp: 216/151Kb lim: 4869 exec/s: 18703 rss: 218Mb L: 229/4728 MS: 5 CrossOver-ChangeBit-ChangeByte-CrossOver-EraseBytes-
#93563	REDUCE cov: 185 ft: 856 corp: 216/151Kb lim: 4869 exec/s: 18712 rss: 218Mb L: 110/4728 MS: 2 InsertByte-EraseBytes-
#93687	REDUCE cov: 185 ft: 856 corp: 216/151Kb lim: 4869 exec/s: 18737 rss: 218Mb L: 650/4728 MS: 4 ChangeASCIIInt-CrossOver-InsertRepeatedBytes-EraseBytes-
#93918	REDUCE cov: 185 ft: 856 corp: 216/151Kb lim: 4869 exec/s: 18783 rss: 219Mb L: 177/4728 MS: 1 EraseBytes-
#93993	REDUCE cov: 185 ft: 856 corp: 216/151Kb lim: 4869 exec/s: 18798 rss: 219Mb L: 370/4728 MS: 5 ChangeByte-CMP-ChangeASCIIInt-ChangeBinInt-EraseBytes- DE: "\001\000\000\000\000\000\000\000"-
#94021	REDUCE cov: 185 ft: 856 corp: 216/151Kb lim: 4869 exec/s: 18804 rss: 219Mb L: 157/4728 MS: 3 InsertByte-CMP-EraseBytes- DE: "\000\000\000\000\000\000\000\006"-
#94547	REDUCE cov: 185 ft: 856 corp: 216/151Kb lim: 4869 exec/s: 18909 rss: 219Mb L: 62/4728 MS: 1 EraseBytes-
#95049	REDUCE cov: 185 ft: 856 corp: 216/151Kb lim: 4869 exec/s: 19009 rss: 220Mb L: 453/4728 MS: 2 ChangeByte-EraseBytes-
#95142	REDUCE cov: 185 ft: 856 corp: 216/151Kb lim: 4869 exec/s: 19028 rss: 220Mb L: 218/4728 MS: 3 InsertByte-ChangeASCIIInt-EraseBytes-
#95226	REDUCE cov: 185 ft: 856 corp: 216/151Kb lim: 4869 exec/s: 19045 rss: 220Mb L: 862/4728 MS: 4 CMP-PersAutoDict-PersAutoDict-EraseBytes- DE: "\001\000\000\000"-"hash\":"-"\376\377\377\356"-
#95423	REDUCE cov: 185 ft: 856 corp: 216/151Kb lim: 4869 exec/s: 19084 rss: 220Mb L: 236/4728 MS: 2 PersAutoDict-EraseBytes- DE: "]\000\000\000\000\000\000\000"-
#95431	REDUCE cov: 185 ft: 856 corp: 216/151Kb lim: 4869 exec/s: 19086 rss: 220Mb L: 166/4728 MS: 3 ChangeBit-CopyPart-EraseBytes-
#95549	REDUCE cov: 185 ft: 856 corp: 216/151Kb lim: 4869 exec/s: 19109 rss: 221Mb L: 224/4728 MS: 3 ChangeByte-InsertByte-EraseBytes-
#95647	REDUCE cov: 185 ft: 856 corp: 216/151Kb lim: 4869 exec/s: 19129 rss: 221Mb L: 339/4728 MS: 3 ChangeBinInt-EraseBytes-ChangeByte-
#95728	REDUCE cov: 185 ft: 856 corp: 216/151Kb lim: 4869 exec/s: 19145 rss: 221Mb L: 236/4728 MS: 1 EraseBytes-
#95974	REDUCE cov: 185 ft: 856 corp: 216/151Kb lim: 4869 exec/s: 19194 rss: 221Mb L: 392/4728 MS: 1 EraseBytes-
#95978	REDUCE cov: 185 ft: 858 corp: 217/151Kb lim: 4869 exec/s: 19195 rss: 221Mb L: 339/4728 MS: 4 ChangeByte-InsertRepeatedBytes-ChangeByte-EraseBytes-
#96250	REDUCE cov: 185 ft: 858 corp: 217/151Kb lim: 4869 exec/s: 19250 rss: 221Mb L: 417/4728 MS: 2 ChangeBit-EraseBytes-
#96262	REDUCE cov: 185 ft: 860 corp: 218/151Kb lim: 4869 exec/s: 19252 rss: 221Mb L: 337/4728 MS: 2 InsertByte-CrossOver-
#96456	REDUCE cov: 185 ft: 860 corp: 218/151Kb lim: 4869 exec/s: 19291 rss: 222Mb L: 258/4728 MS: 4 ChangeBinInt-CrossOver-PersAutoDict-EraseBytes- DE: "\011\000"-
#96505	REDUCE cov: 185 ft: 860 corp: 218/151Kb lim: 4869 exec/s: 19301 rss: 222Mb L: 123/4728 MS: 4 ChangeASCIIInt-InsertByte-CopyPart-EraseBytes-
#96521	REDUCE cov: 185 ft: 860 corp: 218/151Kb lim: 4869 exec/s: 19304 rss: 222Mb L: 29/4728 MS: 1 EraseBytes-
#96683	REDUCE cov: 185 ft: 860 corp: 218/151Kb lim: 4869 exec/s: 19336 rss: 222Mb L: 99/4728 MS: 2 ChangeBinInt-EraseBytes-
#96870	REDUCE cov: 185 ft: 860 corp: 218/151Kb lim: 4869 exec/s: 19374 rss: 222Mb L: 195/4728 MS: 2 CopyPart-EraseBytes-
#96968	REDUCE cov: 185 ft: 860 corp: 218/151Kb lim: 4869 exec/s: 19393 rss: 222Mb L: 121/4728 MS: 3 ChangeASCIIInt-InsertRepeatedBytes-EraseBytes-
#97034	REDUCE cov: 185 ft: 860 corp: 218/151Kb lim: 4869 exec/s: 19406 rss: 222Mb L: 230/4728 MS: 1 EraseBytes-
#97220	REDUCE cov: 185 ft: 860 corp: 218/151Kb lim: 4869 exec/s: 19444 rss: 223Mb L: 258/4728 MS: 1 EraseBytes-
#97561	REDUCE cov: 185 ft: 860 corp: 218/151Kb lim: 4869 exec/s: 19512 rss: 223Mb L: 7/4728 MS: 1 EraseBytes-
#97622	REDUCE cov: 185 ft: 860 corp: 218/151Kb lim: 4869 exec/s: 19524 rss: 223Mb L: 47/4728 MS: 1 EraseBytes-
#97658	REDUCE cov: 185 ft: 860 corp: 218/151Kb lim: 4869 exec/s: 19531 rss: 223Mb L: 526/4728 MS: 1 EraseBytes-
#97716	REDUCE cov: 185 ft: 860 corp: 218/151Kb lim: 4869 exec/s: 19543 rss: 223Mb L: 188/4728 MS: 3 InsertByte-ChangeASCIIInt-EraseBytes-
#97777	REDUCE cov: 185 ft: 860 corp: 218/151Kb lim: 4869 exec/s: 19555 rss: 223Mb L: 144/4728 MS: 1 EraseBytes-
#97858	REDUCE cov: 185 ft: 860 corp: 218/151Kb lim: 4869 exec/s: 19571 rss: 223Mb L: 87/4728 MS: 1 EraseBytes-
#97865	REDUCE cov: 185 ft: 860 corp: 218/151Kb lim: 4869 exec/s: 19573 rss: 223Mb L: 652/4728 MS: 2 ShuffleBytes-EraseBytes-
#97937	REDUCE cov: 185 ft: 860 corp: 218/151Kb lim: 4869 exec/s: 19587 rss: 223Mb L: 444/4728 MS: 2 ChangeBinInt-EraseBytes-
#97978	REDUCE cov: 185 ft: 861 corp: 219/153Kb lim: 4869 exec/s: 19595 rss: 224Mb L: 2240/4728 MS: 1 CMP- DE: "\011\000"-
#98016	REDUCE cov: 185 ft: 861 corp: 219/153Kb lim: 4869 exec/s: 19603 rss: 224Mb L: 282/4728 MS: 3 ChangeBit-InsertByte-EraseBytes-
#98128	REDUCE cov: 185 ft: 861 corp: 219/153Kb lim: 4869 exec/s: 19625 rss: 224Mb L: 1033/4728 MS: 2 ChangeByte-EraseBytes-
#98160	REDUCE cov: 185 ft: 861 corp: 219/153Kb lim: 4869 exec/s: 19632 rss: 224Mb L: 135/4728 MS: 2 InsertByte-EraseBytes-
#98235	REDUCE cov: 185 ft: 861 corp: 219/153Kb lim: 4869 exec/s: 19647 rss: 224Mb L: 142/4728 MS: 5 CopyPart-InsertByte-InsertRepeatedBytes-ChangeASCIIInt-EraseBytes-
#98237	REDUCE cov: 185 ft: 861 corp: 219/152Kb lim: 4869 exec/s: 19647 rss: 224Mb L: 1184/4728 MS: 2 ChangeASCIIInt-EraseBytes-
#98508	REDUCE cov: 185 ft: 861 corp: 219/152Kb lim: 4869 exec/s: 19701 rss: 224Mb L: 231/4728 MS: 1 EraseBytes-
#98700	NEW    cov: 185 ft: 862 corp: 220/153Kb lim: 4869 exec/s: 19740 rss: 225Mb L: 145/4728 MS: 2 ShuffleBytes-PersAutoDict- DE: "\377\377\377\272"-
#98776	REDUCE cov: 185 ft: 862 corp: 220/153Kb lim: 4869 exec/s: 19755 rss: 225Mb L: 437/4728 MS: 1 EraseBytes-
#98940	REDUCE cov: 185 ft: 862 corp: 220/153Kb lim: 4869 exec/s: 19788 rss: 225Mb L: 128/4728 MS: 4 ChangeBit-CMP-InsertByte-EraseBytes- DE: "\000\000\000\005"-
#99164	REDUCE cov: 185 ft: 862 corp: 220/153Kb lim: 4869 exec/s: 19832 rss: 225Mb L: 170/4728 MS: 4 ChangeBit-ChangeASCIIInt-ChangeByte-EraseBytes-
#99196	REDUCE cov: 185 ft: 862 corp: 220/152Kb lim: 4869 exec/s: 19839 rss: 225Mb L: 165/4728 MS: 2 ChangeByte-EraseBytes-
#99360	REDUCE cov: 185 ft: 862 corp: 220/152Kb lim: 4869 exec/s: 19872 rss: 225Mb L: 1938/4728 MS: 4 ChangeBit-ChangeByte-ChangeByte-EraseBytes-
#99576	REDUCE cov: 185 ft: 862 corp: 220/152Kb lim: 4869 exec/s: 19915 rss: 226Mb L: 92/4728 MS: 1 EraseBytes-
#99743	REDUCE cov: 185 ft: 862 corp: 220/152Kb lim: 4869 exec/s: 19948 rss: 226Mb L: 386/4728 MS: 2 ChangeBit-EraseBytes-
#99784	REDUCE cov: 185 ft: 862 corp: 220/152Kb lim: 4869 exec/s: 19956 rss: 226Mb L: 1008/4728 MS: 1 EraseBytes-
#100002	REDUCE cov: 185 ft: 862 corp: 220/152Kb lim: 4869 exec/s: 20000 rss: 226Mb L: 123/4728 MS: 3 ChangeASCIIInt-ChangeASCIIInt-EraseBytes-
#100069	REDUCE cov: 185 ft: 862 corp: 220/152Kb lim: 4869 exec/s: 20013 rss: 226Mb L: 31/4728 MS: 2 ChangeBit-EraseBytes-
#100076	REDUCE cov: 185 ft: 862 corp: 220/152Kb lim: 4869 exec/s: 20015 rss: 226Mb L: 85/4728 MS: 2 CopyPart-EraseBytes-
#100087	REDUCE cov: 185 ft: 862 corp: 220/152Kb lim: 4869 exec/s: 20017 rss: 226Mb L: 1784/4728 MS: 1 EraseBytes-
#100105	REDUCE cov: 185 ft: 862 corp: 220/152Kb lim: 4869 exec/s: 20021 rss: 226Mb L: 379/4728 MS: 3 ChangeASCIIInt-CrossOver-EraseBytes-
#100291	REDUCE cov: 185 ft: 862 corp: 220/152Kb lim: 4869 exec/s: 20058 rss: 227Mb L: 202/4728 MS: 1 EraseBytes-
#100802	REDUCE cov: 185 ft: 862 corp: 220/152Kb lim: 4869 exec/s: 20160 rss: 227Mb L: 144/4728 MS: 1 EraseBytes-
#100839	REDUCE cov: 185 ft: 862 corp: 220/152Kb lim: 4869 exec/s: 20167 rss: 227Mb L: 78/4728 MS: 2 ShuffleBytes-EraseBytes-
#100948	REDUCE cov: 185 ft: 864 corp: 221/156Kb lim: 4869 exec/s: 20189 rss: 227Mb L: 4734/4734 MS: 4 PersAutoDict-EraseBytes-ChangeByte-CopyPart- DE: "\000\000nI\323/\334\001"-
#101054	REDUCE cov: 185 ft: 864 corp: 221/156Kb lim: 4869 exec/s: 20210 rss: 227Mb L: 1012/4734 MS: 1 EraseBytes-
#101242	REDUCE cov: 185 ft: 864 corp: 221/156Kb lim: 4869 exec/s: 20248 rss: 228Mb L: 131/4734 MS: 3 ChangeBit-CMP-EraseBytes- DE: "W\032\004\323\251m\000\000"-
#101268	REDUCE cov: 185 ft: 864 corp: 221/156Kb lim: 4869 exec/s: 20253 rss: 228Mb L: 190/4734 MS: 1 EraseBytes-
#101794	REDUCE cov: 185 ft: 864 corp: 221/156Kb lim: 4869 exec/s: 20358 rss: 229Mb L: 286/4734 MS: 1 EraseBytes-
#102406	REDUCE cov: 185 ft: 864 corp: 221/156Kb lim: 4869 exec/s: 20481 rss: 229Mb L: 226/4734 MS: 2 ChangeASCIIInt-EraseBytes-
#102440	REDUCE cov: 185 ft: 864 corp: 221/156Kb lim: 4869 exec/s: 20488 rss: 229Mb L: 4345/4734 MS: 4 PersAutoDict-PersAutoDict-InsertRepeatedBytes-EraseBytes- DE: "sx"-"hash\":"-
#102556	REDUCE cov: 185 ft: 864 corp: 221/156Kb lim: 4869 exec/s: 20511 rss: 229Mb L: 137/4734 MS: 1 EraseBytes-
#103059	REDUCE cov: 185 ft: 864 corp: 221/156Kb lim: 4869 exec/s: 20611 rss: 230Mb L: 186/4734 MS: 3 ChangeBit-PersAutoDict-EraseBytes- DE: "\013\000\000\000\000\000\000\000"-
#103115	REDUCE cov: 185 ft: 864 corp: 221/156Kb lim: 4869 exec/s: 20623 rss: 230Mb L: 92/4734 MS: 1 EraseBytes-
#103122	REDUCE cov: 185 ft: 864 corp: 221/156Kb lim: 4869 exec/s: 20624 rss: 230Mb L: 212/4734 MS: 2 ChangeASCIIInt-EraseBytes-
#103134	REDUCE cov: 185 ft: 864 corp: 221/156Kb lim: 4869 exec/s: 20626 rss: 230Mb L: 202/4734 MS: 2 InsertRepeatedBytes-EraseBytes-
#103617	REDUCE cov: 185 ft: 864 corp: 221/156Kb lim: 4869 exec/s: 20723 rss: 231Mb L: 873/4734 MS: 3 ChangeBinInt-ChangeByte-EraseBytes-
#103719	REDUCE cov: 185 ft: 864 corp: 221/156Kb lim: 4869 exec/s: 20743 rss: 231Mb L: 411/4734 MS: 2 ChangeBinInt-EraseBytes-
#103720	REDUCE cov: 185 ft: 864 corp: 221/155Kb lim: 4869 exec/s: 20744 rss: 231Mb L: 2184/4734 MS: 1 EraseBytes-
#103989	REDUCE cov: 185 ft: 864 corp: 221/155Kb lim: 4869 exec/s: 20797 rss: 231Mb L: 259/4734 MS: 4 ChangeASCIIInt-InsertByte-PersAutoDict-EraseBytes- DE: "sz"-
#104171	REDUCE cov: 185 ft: 864 corp: 221/155Kb lim: 4869 exec/s: 20834 rss: 232Mb L: 138/4734 MS: 2 CrossOver-EraseBytes-
#104352	REDUCE cov: 185 ft: 864 corp: 221/155Kb lim: 4869 exec/s: 20870 rss: 232Mb L: 21/4734 MS: 1 EraseBytes-
#104393	REDUCE cov: 185 ft: 864 corp: 221/155Kb lim: 4869 exec/s: 20878 rss: 232Mb L: 49/4734 MS: 1 EraseBytes-
#104447	REDUCE cov: 185 ft: 864 corp: 221/155Kb lim: 4869 exec/s: 20889 rss: 232Mb L: 110/4734 MS: 4 InsertByte-PersAutoDict-CrossOver-EraseBytes- DE: "W\032\004\323\251m\000\000"-
#104474	REDUCE cov: 185 ft: 864 corp: 221/155Kb lim: 4869 exec/s: 20894 rss: 232Mb L: 12/4734 MS: 2 ChangeBinInt-EraseBytes-
#104550	REDUCE cov: 185 ft: 864 corp: 221/155Kb lim: 4869 exec/s: 20910 rss: 232Mb L: 3204/4734 MS: 1 CrossOver-
#104926	REDUCE cov: 185 ft: 864 corp: 221/155Kb lim: 4869 exec/s: 20985 rss: 232Mb L: 225/4734 MS: 1 EraseBytes-
#104973	REDUCE cov: 185 ft: 864 corp: 221/155Kb lim: 4869 exec/s: 20994 rss: 233Mb L: 105/4734 MS: 2 CopyPart-EraseBytes-
#105019	REDUCE cov: 185 ft: 864 corp: 221/155Kb lim: 4869 exec/s: 21003 rss: 233Mb L: 177/4734 MS: 1 EraseBytes-
#105055	REDUCE cov: 185 ft: 864 corp: 221/155Kb lim: 4869 exec/s: 21011 rss: 233Mb L: 103/4734 MS: 1 EraseBytes-
#105226	REDUCE cov: 185 ft: 864 corp: 221/155Kb lim: 4869 exec/s: 21045 rss: 233Mb L: 173/4734 MS: 1 EraseBytes-
#105229	REDUCE cov: 185 ft: 864 corp: 221/155Kb lim: 4869 exec/s: 21045 rss: 233Mb L: 497/4734 MS: 3 InsertByte-CopyPart-EraseBytes-
#105551	REDUCE cov: 185 ft: 864 corp: 221/155Kb lim: 4869 exec/s: 21110 rss: 233Mb L: 194/4734 MS: 2 CopyPart-EraseBytes-
#105567	REDUCE cov: 185 ft: 864 corp: 221/155Kb lim: 4869 exec/s: 21113 rss: 233Mb L: 87/4734 MS: 1 EraseBytes-
#105572	REDUCE cov: 185 ft: 864 corp: 221/155Kb lim: 4869 exec/s: 21114 rss: 233Mb L: 334/4734 MS: 5 ChangeByte-PersAutoDict-ChangeASCIIInt-InsertRepeatedBytes-EraseBytes- DE: "\376\377\377\367"-
#105579	REDUCE cov: 185 ft: 864 corp: 221/155Kb lim: 4869 exec/s: 21115 rss: 234Mb L: 392/4734 MS: 2 ChangeBit-EraseBytes-
#105655	REDUCE cov: 185 ft: 864 corp: 221/155Kb lim: 4869 exec/s: 21131 rss: 234Mb L: 129/4734 MS: 1 EraseBytes-
#105663	REDUCE cov: 185 ft: 864 corp: 221/155Kb lim: 4869 exec/s: 21132 rss: 234Mb L: 195/4734 MS: 3 ChangeBit-ChangeByte-EraseBytes-
#106076	REDUCE cov: 185 ft: 864 corp: 221/155Kb lim: 4869 exec/s: 21215 rss: 234Mb L: 7/4734 MS: 3 ShuffleBytes-ChangeBinInt-EraseBytes-
#106112	REDUCE cov: 185 ft: 864 corp: 221/155Kb lim: 4869 exec/s: 21222 rss: 234Mb L: 193/4734 MS: 1 EraseBytes-
#106168	REDUCE cov: 185 ft: 864 corp: 221/155Kb lim: 4869 exec/s: 21233 rss: 234Mb L: 147/4734 MS: 1 EraseBytes-
#106674	REDUCE cov: 185 ft: 864 corp: 221/155Kb lim: 4869 exec/s: 21334 rss: 235Mb L: 10/4734 MS: 1 EraseBytes-
#106711	REDUCE cov: 185 ft: 864 corp: 221/155Kb lim: 4869 exec/s: 21342 rss: 235Mb L: 64/4734 MS: 2 CMP-EraseBytes- DE: "\000\000\000\000"-
#106715	REDUCE cov: 185 ft: 864 corp: 221/155Kb lim: 4869 exec/s: 21343 rss: 235Mb L: 172/4734 MS: 4 ChangeBit-ChangeASCIIInt-CrossOver-EraseBytes-
#106948	REDUCE cov: 185 ft: 864 corp: 221/155Kb lim: 4869 exec/s: 21389 rss: 235Mb L: 249/4734 MS: 3 PersAutoDict-ShuffleBytes-EraseBytes- DE: "hash\":"-
#106990	REDUCE cov: 185 ft: 864 corp: 221/154Kb lim: 4869 exec/s: 21398 rss: 235Mb L: 179/4734 MS: 2 InsertByte-EraseBytes-
#107001	REDUCE cov: 185 ft: 864 corp: 221/154Kb lim: 4869 exec/s: 21400 rss: 235Mb L: 409/4734 MS: 1 EraseBytes-
#107164	NEW    cov: 185 ft: 867 corp: 222/159Kb lim: 4869 exec/s: 21432 rss: 236Mb L: 4759/4759 MS: 3 ChangeASCIIInt-ChangeBinInt-CrossOver-
#107240	REDUCE cov: 185 ft: 867 corp: 222/159Kb lim: 4869 exec/s: 21448 rss: 236Mb L: 317/4759 MS: 1 EraseBytes-
#107313	REDUCE cov: 185 ft: 867 corp: 222/159Kb lim: 4869 exec/s: 21462 rss: 236Mb L: 164/4759 MS: 3 ChangeASCIIInt-InsertRepeatedBytes-EraseBytes-
#107465	REDUCE cov: 185 ft: 867 corp: 222/159Kb lim: 4869 exec/s: 21493 rss: 236Mb L: 18/4759 MS: 2 ChangeBit-EraseBytes-
#107478	REDUCE cov: 185 ft: 867 corp: 222/159Kb lim: 4869 exec/s: 21495 rss: 236Mb L: 80/4759 MS: 3 ChangeASCIIInt-ChangeBit-EraseBytes-
#107729	REDUCE cov: 185 ft: 867 corp: 222/159Kb lim: 4869 exec/s: 21545 rss: 236Mb L: 4721/4734 MS: 1 EraseBytes-
#107960	REDUCE cov: 185 ft: 867 corp: 222/159Kb lim: 4869 exec/s: 21592 rss: 237Mb L: 367/4734 MS: 1 EraseBytes-
#107966	REDUCE cov: 185 ft: 867 corp: 222/159Kb lim: 4869 exec/s: 21593 rss: 237Mb L: 126/4734 MS: 1 EraseBytes-
#108083	REDUCE cov: 185 ft: 867 corp: 222/159Kb lim: 4869 exec/s: 21616 rss: 237Mb L: 216/4734 MS: 2 CrossOver-EraseBytes-
#108104	REDUCE cov: 185 ft: 867 corp: 222/159Kb lim: 4869 exec/s: 21620 rss: 237Mb L: 238/4734 MS: 1 EraseBytes-
#108296	REDUCE cov: 185 ft: 867 corp: 222/159Kb lim: 4869 exec/s: 21659 rss: 237Mb L: 229/4734 MS: 2 InsertByte-EraseBytes-
#108495	REDUCE cov: 185 ft: 867 corp: 222/159Kb lim: 4869 exec/s: 21699 rss: 237Mb L: 144/4734 MS: 4 CMP-ChangeBit-CrossOver-EraseBytes- DE: "time"-
#108516	REDUCE cov: 185 ft: 867 corp: 222/159Kb lim: 4869 exec/s: 21703 rss: 237Mb L: 190/4734 MS: 1 EraseBytes-
#109477	REDUCE cov: 185 ft: 867 corp: 222/159Kb lim: 4869 exec/s: 21895 rss: 239Mb L: 6/4734 MS: 1 EraseBytes-
#109634	REDUCE cov: 185 ft: 867 corp: 222/159Kb lim: 4869 exec/s: 21926 rss: 239Mb L: 82/4734 MS: 2 InsertByte-EraseBytes-
#109904	REDUCE cov: 185 ft: 867 corp: 222/159Kb lim: 4869 exec/s: 21980 rss: 239Mb L: 230/4734 MS: 5 CopyPart-ChangeBit-ChangeByte-ChangeBit-EraseBytes-
#109985	REDUCE cov: 185 ft: 867 corp: 222/159Kb lim: 4869 exec/s: 21997 rss: 239Mb L: 171/4734 MS: 1 EraseBytes-
#110023	REDUCE cov: 185 ft: 867 corp: 222/159Kb lim: 4869 exec/s: 22004 rss: 239Mb L: 9/4734 MS: 3 CMP-EraseBytes-EraseBytes- DE: "\000\000m\371\323\"@D"-
#110029	REDUCE cov: 185 ft: 867 corp: 222/159Kb lim: 4869 exec/s: 22005 rss: 239Mb L: 124/4734 MS: 1 EraseBytes-
#110158	REDUCE cov: 185 ft: 867 corp: 222/159Kb lim: 4869 exec/s: 22031 rss: 240Mb L: 157/4734 MS: 4 ChangeASCIIInt-ChangeASCIIInt-ShuffleBytes-EraseBytes-
#110195	REDUCE cov: 185 ft: 867 corp: 222/159Kb lim: 4869 exec/s: 22039 rss: 240Mb L: 15/4734 MS: 2 CMP-EraseBytes- DE: "\","-
#110497	REDUCE cov: 185 ft: 867 corp: 222/158Kb lim: 4869 exec/s: 22099 rss: 240Mb L: 1070/4734 MS: 2 ShuffleBytes-EraseBytes-
#111001	REDUCE cov: 185 ft: 867 corp: 222/158Kb lim: 4869 exec/s: 22200 rss: 240Mb L: 79/4734 MS: 4 CopyPart-ShuffleBytes-ChangeASCIIInt-EraseBytes-
#111073	REDUCE cov: 185 ft: 867 corp: 222/158Kb lim: 4869 exec/s: 22214 rss: 241Mb L: 176/4734 MS: 2 EraseBytes-PersAutoDict- DE: "\001\000\000\000"-
#111104	REDUCE cov: 185 ft: 867 corp: 222/158Kb lim: 4869 exec/s: 22220 rss: 241Mb L: 247/4734 MS: 1 EraseBytes-
#111305	REDUCE cov: 185 ft: 867 corp: 222/158Kb lim: 4869 exec/s: 22261 rss: 241Mb L: 251/4734 MS: 1 EraseBytes-
#111421	REDUCE cov: 185 ft: 867 corp: 222/158Kb lim: 4869 exec/s: 22284 rss: 241Mb L: 76/4734 MS: 1 EraseBytes-
#111424	REDUCE cov: 185 ft: 867 corp: 222/158Kb lim: 4869 exec/s: 22284 rss: 241Mb L: 238/4734 MS: 3 ChangeByte-ShuffleBytes-EraseBytes-
#111431	REDUCE cov: 185 ft: 867 corp: 222/158Kb lim: 4869 exec/s: 22286 rss: 241Mb L: 211/4734 MS: 2 InsertRepeatedBytes-EraseBytes-
#111444	REDUCE cov: 185 ft: 867 corp: 222/158Kb lim: 4869 exec/s: 22288 rss: 241Mb L: 378/4734 MS: 3 ChangeASCIIInt-EraseBytes-PersAutoDict- DE: "\377\377\377\373"-
#111501	NEW    cov: 185 ft: 871 corp: 223/163Kb lim: 4869 exec/s: 22300 rss: 241Mb L: 4853/4853 MS: 2 ChangeASCIIInt-CopyPart-
#111548	REDUCE cov: 185 ft: 871 corp: 223/163Kb lim: 4869 exec/s: 22309 rss: 241Mb L: 220/4853 MS: 2 CMP-EraseBytes- DE: "\377\377\377\271"-
#112079	REDUCE cov: 185 ft: 871 corp: 223/163Kb lim: 4869 exec/s: 22415 rss: 242Mb L: 43/4853 MS: 1 EraseBytes-
#112197	REDUCE cov: 185 ft: 871 corp: 223/162Kb lim: 4869 exec/s: 22439 rss: 242Mb L: 1867/4853 MS: 3 ChangeASCIIInt-CrossOver-EraseBytes-
#112664	REDUCE cov: 185 ft: 871 corp: 223/162Kb lim: 4869 exec/s: 22532 rss: 243Mb L: 103/4853 MS: 2 InsertRepeatedBytes-EraseBytes-
#112727	REDUCE cov: 185 ft: 871 corp: 223/162Kb lim: 4869 exec/s: 22545 rss: 243Mb L: 384/4853 MS: 3 ShuffleBytes-ChangeByte-EraseBytes-
#112964	REDUCE cov: 185 ft: 871 corp: 223/162Kb lim: 4869 exec/s: 22592 rss: 243Mb L: 212/4853 MS: 2 ShuffleBytes-EraseBytes-
#113220	REDUCE cov: 185 ft: 871 corp: 223/162Kb lim: 4869 exec/s: 18870 rss: 243Mb L: 1430/4853 MS: 1 EraseBytes-
#113303	REDUCE cov: 185 ft: 875 corp: 224/166Kb lim: 4869 exec/s: 18883 rss: 244Mb L: 4139/4853 MS: 3 InsertByte-ShuffleBytes-CrossOver-
#113460	REDUCE cov: 185 ft: 875 corp: 224/166Kb lim: 4869 exec/s: 18910 rss: 244Mb L: 7/4853 MS: 2 ChangeASCIIInt-EraseBytes-
#113523	REDUCE cov: 185 ft: 875 corp: 224/166Kb lim: 4869 exec/s: 18920 rss: 244Mb L: 390/4853 MS: 3 CrossOver-PersAutoDict-EraseBytes- DE: "\000\000nI\323/\334\001"-
#113594	REDUCE cov: 185 ft: 875 corp: 224/166Kb lim: 4869 exec/s: 18932 rss: 244Mb L: 166/4853 MS: 1 EraseBytes-
#113876	REDUCE cov: 185 ft: 875 corp: 224/166Kb lim: 4869 exec/s: 18979 rss: 244Mb L: 821/4853 MS: 2 ChangeASCIIInt-EraseBytes-
#114127	REDUCE cov: 185 ft: 875 corp: 224/166Kb lim: 4869 exec/s: 19021 rss: 245Mb L: 106/4853 MS: 1 EraseBytes-
#114224	REDUCE cov: 185 ft: 875 corp: 224/166Kb lim: 4869 exec/s: 19037 rss: 245Mb L: 460/4853 MS: 2 CMP-EraseBytes- DE: "\377\377m\031\323&D@"-
#114496	REDUCE cov: 185 ft: 875 corp: 224/166Kb lim: 4869 exec/s: 19082 rss: 247Mb L: 237/4853 MS: 2 ChangeASCIIInt-EraseBytes-
#115032	REDUCE cov: 185 ft: 875 corp: 224/166Kb lim: 4869 exec/s: 19172 rss: 248Mb L: 87/4853 MS: 1 EraseBytes-
#115169	REDUCE cov: 185 ft: 875 corp: 224/166Kb lim: 4869 exec/s: 19194 rss: 248Mb L: 165/4853 MS: 2 PersAutoDict-EraseBytes- DE: "\000\000nI\323/\334\001"-
#115221	REDUCE cov: 185 ft: 875 corp: 224/166Kb lim: 4869 exec/s: 19203 rss: 248Mb L: 104/4853 MS: 2 InsertByte-EraseBytes-
#115230	REDUCE cov: 185 ft: 875 corp: 224/166Kb lim: 4869 exec/s: 19205 rss: 248Mb L: 372/4853 MS: 4 CrossOver-CopyPart-CopyPart-EraseBytes-
#115507	REDUCE cov: 185 ft: 875 corp: 224/166Kb lim: 4869 exec/s: 19251 rss: 248Mb L: 275/4853 MS: 2 ChangeByte-EraseBytes-
#116098	REDUCE cov: 185 ft: 875 corp: 224/166Kb lim: 4869 exec/s: 19349 rss: 249Mb L: 310/4853 MS: 1 EraseBytes-
#116554	REDUCE cov: 185 ft: 875 corp: 224/166Kb lim: 4869 exec/s: 19425 rss: 250Mb L: 134/4853 MS: 1 EraseBytes-
#116656	REDUCE cov: 185 ft: 875 corp: 224/166Kb lim: 4869 exec/s: 19442 rss: 250Mb L: 113/4853 MS: 2 InsertRepeatedBytes-EraseBytes-
#117487	REDUCE cov: 185 ft: 875 corp: 224/166Kb lim: 4869 exec/s: 19581 rss: 251Mb L: 95/4853 MS: 1 EraseBytes-
#117690	REDUCE cov: 185 ft: 875 corp: 224/166Kb lim: 4869 exec/s: 19615 rss: 251Mb L: 193/4853 MS: 3 CrossOver-ChangeASCIIInt-EraseBytes-
#117733	REDUCE cov: 185 ft: 875 corp: 224/166Kb lim: 4869 exec/s: 19622 rss: 251Mb L: 1400/4853 MS: 3 ChangeBit-InsertByte-EraseBytes-
#118134	REDUCE cov: 185 ft: 875 corp: 224/165Kb lim: 4869 exec/s: 19689 rss: 252Mb L: 341/4853 MS: 1 EraseBytes-
#118295	REDUCE cov: 185 ft: 875 corp: 224/165Kb lim: 4869 exec/s: 19715 rss: 252Mb L: 62/4853 MS: 1 EraseBytes-
#118357	REDUCE cov: 185 ft: 875 corp: 224/165Kb lim: 4869 exec/s: 19726 rss: 252Mb L: 223/4853 MS: 2 ShuffleBytes-EraseBytes-
#118426	REDUCE cov: 185 ft: 875 corp: 224/165Kb lim: 4869 exec/s: 19737 rss: 252Mb L: 181/4853 MS: 4 ShuffleBytes-CMP-PersAutoDict-EraseBytes- DE: "\004\000\000\000"-"]\000\000\000\000\000\000\000"-
#118537	REDUCE cov: 186 ft: 876 corp: 225/165Kb lim: 4869 exec/s: 19756 rss: 252Mb L: 64/4853 MS: 1 ShuffleBytes-
#118594	REDUCE cov: 186 ft: 876 corp: 225/165Kb lim: 4869 exec/s: 19765 rss: 252Mb L: 136/4853 MS: 2 ShuffleBytes-EraseBytes-
#118597	REDUCE cov: 186 ft: 876 corp: 225/165Kb lim: 4869 exec/s: 19766 rss: 252Mb L: 176/4853 MS: 3 ChangeBit-ChangeBit-EraseBytes-
#118668	REDUCE cov: 186 ft: 876 corp: 225/165Kb lim: 4869 exec/s: 19778 rss: 253Mb L: 398/4853 MS: 1 EraseBytes-
#118734	REDUCE cov: 186 ft: 876 corp: 225/165Kb lim: 4869 exec/s: 19789 rss: 253Mb L: 157/4853 MS: 1 EraseBytes-
#118742	REDUCE cov: 186 ft: 876 corp: 225/165Kb lim: 4869 exec/s: 19790 rss: 253Mb L: 353/4853 MS: 3 InsertByte-ChangeByte-EraseBytes-
#118869	REDUCE cov: 186 ft: 876 corp: 225/165Kb lim: 4869 exec/s: 19811 rss: 253Mb L: 165/4853 MS: 2 InsertByte-EraseBytes-
#118960	REDUCE cov: 186 ft: 876 corp: 225/165Kb lim: 4869 exec/s: 19826 rss: 253Mb L: 360/4853 MS: 1 EraseBytes-
#119223	REDUCE cov: 186 ft: 876 corp: 225/165Kb lim: 4869 exec/s: 19870 rss: 253Mb L: 240/4853 MS: 3 ChangeBit-ChangeBit-EraseBytes-
#119314	REDUCE cov: 186 ft: 876 corp: 225/165Kb lim: 4869 exec/s: 19885 rss: 253Mb L: 191/4853 MS: 1 EraseBytes-
#119635	REDUCE cov: 186 ft: 876 corp: 225/165Kb lim: 4869 exec/s: 19939 rss: 254Mb L: 338/4853 MS: 1 EraseBytes-
#119806	REDUCE cov: 186 ft: 876 corp: 225/165Kb lim: 4869 exec/s: 19967 rss: 254Mb L: 197/4853 MS: 1 EraseBytes-
#120356	REDUCE cov: 186 ft: 876 corp: 225/165Kb lim: 4869 exec/s: 20059 rss: 255Mb L: 333/4853 MS: 5 ChangeBit-EraseBytes-CrossOver-InsertByte-CMP- DE: "\000\000\000\000"-
#120591	REDUCE cov: 186 ft: 876 corp: 225/165Kb lim: 4869 exec/s: 20098 rss: 255Mb L: 118/4853 MS: 5 CMP-CMP-PersAutoDict-InsertByte-EraseBytes- DE: "\377\377\377\375"-"side"-"\377\377\377\271"-
#121199	REDUCE cov: 186 ft: 876 corp: 225/165Kb lim: 4869 exec/s: 20199 rss: 256Mb L: 98/4853 MS: 3 ChangeBit-ChangeBit-EraseBytes-
#121429	REDUCE cov: 186 ft: 876 corp: 225/165Kb lim: 4869 exec/s: 20238 rss: 256Mb L: 225/4853 MS: 5 ChangeASCIIInt-ChangeBinInt-ChangeBinInt-ChangeBit-EraseBytes-
#121545	REDUCE cov: 186 ft: 876 corp: 225/165Kb lim: 4869 exec/s: 20257 rss: 256Mb L: 80/4853 MS: 1 EraseBytes-
#121557	REDUCE cov: 186 ft: 876 corp: 225/165Kb lim: 4869 exec/s: 20259 rss: 256Mb L: 380/4853 MS: 2 ChangeBinInt-EraseBytes-
#121738	REDUCE cov: 186 ft: 876 corp: 225/165Kb lim: 4869 exec/s: 20289 rss: 257Mb L: 141/4853 MS: 1 EraseBytes-
#121834	REDUCE cov: 186 ft: 876 corp: 225/165Kb lim: 4869 exec/s: 20305 rss: 257Mb L: 9/4853 MS: 1 EraseBytes-
#121961	REDUCE cov: 186 ft: 876 corp: 225/165Kb lim: 4869 exec/s: 20326 rss: 257Mb L: 234/4853 MS: 2 ShuffleBytes-EraseBytes-
#121962	REDUCE cov: 186 ft: 876 corp: 225/165Kb lim: 4869 exec/s: 20327 rss: 257Mb L: 158/4853 MS: 1 EraseBytes-
#121963	REDUCE cov: 186 ft: 876 corp: 225/165Kb lim: 4869 exec/s: 20327 rss: 257Mb L: 290/4853 MS: 1 EraseBytes-
#122035	REDUCE cov: 186 ft: 876 corp: 225/165Kb lim: 4869 exec/s: 20339 rss: 257Mb L: 33/4853 MS: 2 ChangeByte-EraseBytes-
#122046	REDUCE cov: 186 ft: 876 corp: 225/165Kb lim: 4869 exec/s: 20341 rss: 257Mb L: 905/4853 MS: 1 EraseBytes-
#122964	REDUCE cov: 186 ft: 876 corp: 225/165Kb lim: 4869 exec/s: 20494 rss: 258Mb L: 1140/4853 MS: 3 ChangeBinInt-CrossOver-EraseBytes-
#123097	REDUCE cov: 186 ft: 876 corp: 225/165Kb lim: 4869 exec/s: 20516 rss: 259Mb L: 122/4853 MS: 3 PersAutoDict-ChangeASCIIInt-EraseBytes- DE: "\000\000\000\000"-
#123349	REDUCE cov: 186 ft: 876 corp: 225/165Kb lim: 4869 exec/s: 20558 rss: 259Mb L: 227/4853 MS: 2 ChangeBit-EraseBytes-
#123540	REDUCE cov: 186 ft: 876 corp: 225/165Kb lim: 4869 exec/s: 20590 rss: 259Mb L: 8/4853 MS: 1 EraseBytes-
#123776	REDUCE cov: 186 ft: 876 corp: 225/165Kb lim: 4869 exec/s: 20629 rss: 259Mb L: 234/4853 MS: 1 EraseBytes-
#124092	REDUCE cov: 186 ft: 876 corp: 225/165Kb lim: 4869 exec/s: 20682 rss: 260Mb L: 249/4853 MS: 1 EraseBytes-
#124153	REDUCE cov: 186 ft: 876 corp: 225/165Kb lim: 4869 exec/s: 20692 rss: 260Mb L: 30/4853 MS: 1 EraseBytes-
#124165	REDUCE cov: 186 ft: 876 corp: 225/165Kb lim: 4869 exec/s: 20694 rss: 260Mb L: 77/4853 MS: 2 ChangeByte-EraseBytes-
#124296	REDUCE cov: 186 ft: 876 corp: 225/165Kb lim: 4869 exec/s: 20716 rss: 260Mb L: 670/4853 MS: 1 EraseBytes-
#124487	REDUCE cov: 186 ft: 876 corp: 225/165Kb lim: 4869 exec/s: 20747 rss: 260Mb L: 167/4853 MS: 1 EraseBytes-
#124535	REDUCE cov: 186 ft: 876 corp: 225/164Kb lim: 4869 exec/s: 20755 rss: 260Mb L: 185/4853 MS: 3 ChangeByte-ChangeByte-EraseBytes-
#124991	REDUCE cov: 186 ft: 876 corp: 225/164Kb lim: 4869 exec/s: 20831 rss: 261Mb L: 999/4853 MS: 1 EraseBytes-
#125002	REDUCE cov: 186 ft: 876 corp: 225/164Kb lim: 4869 exec/s: 20833 rss: 261Mb L: 89/4853 MS: 1 EraseBytes-
#125061	REDUCE cov: 186 ft: 876 corp: 225/164Kb lim: 4869 exec/s: 20843 rss: 261Mb L: 65/4853 MS: 4 ShuffleBytes-ChangeByte-ChangeBit-EraseBytes-
#125132	REDUCE cov: 186 ft: 876 corp: 225/164Kb lim: 4869 exec/s: 20855 rss: 261Mb L: 264/4853 MS: 1 EraseBytes-
#125176	REDUCE cov: 186 ft: 876 corp: 225/164Kb lim: 4869 exec/s: 20862 rss: 261Mb L: 291/4853 MS: 4 InsertRepeatedBytes-ChangeByte-ChangeBit-EraseBytes-
#125538	REDUCE cov: 186 ft: 876 corp: 225/164Kb lim: 4869 exec/s: 20923 rss: 262Mb L: 229/4853 MS: 2 ShuffleBytes-EraseBytes-
#125580	REDUCE cov: 186 ft: 876 corp: 225/164Kb lim: 4869 exec/s: 20930 rss: 262Mb L: 654/4853 MS: 2 InsertByte-EraseBytes-
#125812	REDUCE cov: 186 ft: 876 corp: 225/164Kb lim: 4869 exec/s: 20968 rss: 262Mb L: 119/4853 MS: 2 ChangeASCIIInt-EraseBytes-
#125917	REDUCE cov: 186 ft: 876 corp: 225/164Kb lim: 4869 exec/s: 20986 rss: 262Mb L: 35/4853 MS: 5 CMP-ChangeBinInt-CMP-CMP-EraseBytes- DE: "\001\000\000\003"-"\344\177u\350"-"\001\015"-
#126014	REDUCE cov: 186 ft: 876 corp: 225/164Kb lim: 4869 exec/s: 21002 rss: 262Mb L: 155/4853 MS: 2 ChangeBinInt-EraseBytes-
#126261	REDUCE cov: 186 ft: 876 corp: 225/164Kb lim: 4869 exec/s: 21043 rss: 263Mb L: 82/4853 MS: 2 ChangeByte-EraseBytes-
#126335	REDUCE cov: 186 ft: 876 corp: 225/164Kb lim: 4869 exec/s: 21055 rss: 263Mb L: 171/4853 MS: 4 InsertByte-PersAutoDict-CMP-EraseBytes- DE: "]\000\000\000\000\000\000\000"-":{"-
#126596	REDUCE cov: 186 ft: 876 corp: 225/164Kb lim: 4869 exec/s: 21099 rss: 263Mb L: 128/4853 MS: 1 EraseBytes-
#126903	REDUCE cov: 186 ft: 876 corp: 225/164Kb lim: 4869 exec/s: 21150 rss: 263Mb L: 766/4853 MS: 2 CopyPart-EraseBytes-
#127084	REDUCE cov: 186 ft: 876 corp: 225/164Kb lim: 4869 exec/s: 21180 rss: 264Mb L: 4329/4853 MS: 1 EraseBytes-
#127495	REDUCE cov: 186 ft: 876 corp: 225/164Kb lim: 4869 exec/s: 21249 rss: 264Mb L: 279/4853 MS: 1 EraseBytes-
#127607	REDUCE cov: 186 ft: 876 corp: 225/164Kb lim: 4869 exec/s: 21267 rss: 264Mb L: 304/4853 MS: 2 ChangeBinInt-EraseBytes-
#127639	REDUCE cov: 186 ft: 876 corp: 225/164Kb lim: 4869 exec/s: 21273 rss: 264Mb L: 312/4853 MS: 2 ChangeBit-EraseBytes-
#127865	REDUCE cov: 186 ft: 876 corp: 225/164Kb lim: 4869 exec/s: 21310 rss: 265Mb L: 114/4853 MS: 1 EraseBytes-
#128091	REDUCE cov: 186 ft: 876 corp: 225/164Kb lim: 4869 exec/s: 21348 rss: 265Mb L: 346/4853 MS: 1 EraseBytes-
#128222	REDUCE cov: 186 ft: 876 corp: 225/164Kb lim: 4869 exec/s: 21370 rss: 265Mb L: 651/4853 MS: 1 EraseBytes-
#128328	REDUCE cov: 186 ft: 876 corp: 225/164Kb lim: 4869 exec/s: 21388 rss: 265Mb L: 83/4853 MS: 1 EraseBytes-
#128384	REDUCE cov: 186 ft: 876 corp: 225/164Kb lim: 4869 exec/s: 21397 rss: 266Mb L: 5/4853 MS: 1 EraseBytes-
#128751	REDUCE cov: 186 ft: 876 corp: 225/164Kb lim: 4869 exec/s: 21458 rss: 266Mb L: 365/4853 MS: 2 ShuffleBytes-EraseBytes-
#128793	REDUCE cov: 186 ft: 876 corp: 225/164Kb lim: 4869 exec/s: 21465 rss: 266Mb L: 67/4853 MS: 2 ChangeASCIIInt-EraseBytes-
#129254	REDUCE cov: 186 ft: 876 corp: 225/164Kb lim: 4869 exec/s: 21542 rss: 267Mb L: 183/4853 MS: 1 EraseBytes-
#129290	REDUCE cov: 186 ft: 876 corp: 225/164Kb lim: 4869 exec/s: 21548 rss: 267Mb L: 327/4853 MS: 1 EraseBytes-
#129511	REDUCE cov: 186 ft: 876 corp: 225/164Kb lim: 4869 exec/s: 21585 rss: 267Mb L: 8/4853 MS: 1 EraseBytes-
#129542	REDUCE cov: 186 ft: 876 corp: 225/164Kb lim: 4869 exec/s: 21590 rss: 267Mb L: 74/4853 MS: 1 EraseBytes-
#129550	REDUCE cov: 186 ft: 876 corp: 225/164Kb lim: 4869 exec/s: 21591 rss: 267Mb L: 844/4853 MS: 3 ChangeASCIIInt-ChangeBit-EraseBytes-
#129646	REDUCE cov: 186 ft: 876 corp: 225/164Kb lim: 4869 exec/s: 21607 rss: 267Mb L: 163/4853 MS: 1 EraseBytes-
#129752	REDUCE cov: 186 ft: 876 corp: 225/163Kb lim: 4869 exec/s: 21625 rss: 267Mb L: 117/4853 MS: 1 EraseBytes-
#129785	REDUCE cov: 186 ft: 876 corp: 225/163Kb lim: 4869 exec/s: 21630 rss: 267Mb L: 539/4853 MS: 3 ChangeByte-InsertByte-EraseBytes-
#130222	REDUCE cov: 186 ft: 876 corp: 225/163Kb lim: 4869 exec/s: 21703 rss: 268Mb L: 844/4853 MS: 2 ChangeBit-EraseBytes-
#130349	REDUCE cov: 186 ft: 876 corp: 225/163Kb lim: 4869 exec/s: 18621 rss: 268Mb L: 318/4853 MS: 2 PersAutoDict-EraseBytes- DE: "\000\000\000\000\000\000\000\000"-
#130364	REDUCE cov: 186 ft: 876 corp: 225/163Kb lim: 4869 exec/s: 18623 rss: 268Mb L: 136/4853 MS: 5 ChangeBinInt-ShuffleBytes-CMP-CrossOver-EraseBytes- DE: "\000\000m\251\323\006\177\253"-
#130417	REDUCE cov: 186 ft: 876 corp: 225/163Kb lim: 4869 exec/s: 18631 rss: 268Mb L: 258/4853 MS: 3 ShuffleBytes-InsertByte-EraseBytes-
#130478	REDUCE cov: 186 ft: 876 corp: 225/163Kb lim: 4869 exec/s: 18639 rss: 268Mb L: 106/4853 MS: 1 EraseBytes-
#130505	REDUCE cov: 186 ft: 876 corp: 225/163Kb lim: 4869 exec/s: 18643 rss: 268Mb L: 167/4853 MS: 2 ChangeBit-EraseBytes-
#130756	REDUCE cov: 186 ft: 876 corp: 225/163Kb lim: 4869 exec/s: 18679 rss: 269Mb L: 84/4853 MS: 1 EraseBytes-
#130827	REDUCE cov: 186 ft: 878 corp: 226/163Kb lim: 4869 exec/s: 18689 rss: 269Mb L: 320/4853 MS: 1 CrossOver-
#130889	REDUCE cov: 186 ft: 878 corp: 226/163Kb lim: 4869 exec/s: 18698 rss: 269Mb L: 167/4853 MS: 2 ChangeByte-EraseBytes-
#130925	REDUCE cov: 186 ft: 878 corp: 226/163Kb lim: 4869 exec/s: 18703 rss: 269Mb L: 589/4853 MS: 1 CrossOver-
#131031	REDUCE cov: 186 ft: 878 corp: 226/163Kb lim: 4869 exec/s: 18718 rss: 269Mb L: 896/4853 MS: 1 EraseBytes-
#131072	pulse  cov: 186 ft: 878 corp: 226/163Kb lim: 4869 exec/s: 18724 rss: 269Mb
#131074	REDUCE cov: 186 ft: 878 corp: 226/163Kb lim: 4869 exec/s: 18724 rss: 269Mb L: 369/4853 MS: 3 CMP-InsertRepeatedBytes-EraseBytes- DE: "side\":"-
#131475	REDUCE cov: 186 ft: 878 corp: 226/163Kb lim: 4869 exec/s: 18782 rss: 270Mb L: 296/4853 MS: 1 EraseBytes-
#131581	REDUCE cov: 186 ft: 878 corp: 226/163Kb lim: 4869 exec/s: 18797 rss: 270Mb L: 4018/4853 MS: 1 EraseBytes-
#131904	REDUCE cov: 186 ft: 878 corp: 226/163Kb lim: 4869 exec/s: 18843 rss: 272Mb L: 121/4853 MS: 3 ChangeByte-PersAutoDict-EraseBytes- DE: "\344\177u\350"-
#131933	REDUCE cov: 186 ft: 878 corp: 226/163Kb lim: 4869 exec/s: 18847 rss: 272Mb L: 65/4853 MS: 4 ShuffleBytes-PersAutoDict-ChangeBit-EraseBytes- DE: "\306\377\377\377"-
#131999	REDUCE cov: 186 ft: 878 corp: 226/163Kb lim: 4869 exec/s: 18857 rss: 272Mb L: 104/4853 MS: 1 EraseBytes-
#132440	REDUCE cov: 186 ft: 878 corp: 226/163Kb lim: 4869 exec/s: 18920 rss: 272Mb L: 77/4853 MS: 1 EraseBytes-
#132647	NEW    cov: 187 ft: 879 corp: 227/164Kb lim: 4869 exec/s: 18949 rss: 273Mb L: 1185/4853 MS: 2 InsertByte-CopyPart-
#132730	REDUCE cov: 187 ft: 879 corp: 227/164Kb lim: 4869 exec/s: 18961 rss: 273Mb L: 117/4853 MS: 3 PersAutoDict-PersAutoDict-EraseBytes- DE: "\365\351;\323\271n\000\000"-"ETvH"-
#132876	REDUCE cov: 187 ft: 879 corp: 227/164Kb lim: 4869 exec/s: 18982 rss: 273Mb L: 116/4853 MS: 1 EraseBytes-
#132916	REDUCE cov: 187 ft: 879 corp: 227/164Kb lim: 4869 exec/s: 18988 rss: 273Mb L: 140/4853 MS: 5 CMP-InsertRepeatedBytes-CMP-ChangeASCIIInt-EraseBytes- DE: "634"-"\360\377\377\377"-
#133289	REDUCE cov: 187 ft: 879 corp: 227/164Kb lim: 4869 exec/s: 19041 rss: 273Mb L: 334/4853 MS: 3 PersAutoDict-CopyPart-EraseBytes- DE: "\376\377\377\367"-
#133380	REDUCE cov: 187 ft: 879 corp: 227/164Kb lim: 4869 exec/s: 19054 rss: 274Mb L: 154/4853 MS: 1 EraseBytes-
#133632	REDUCE cov: 187 ft: 879 corp: 227/163Kb lim: 4869 exec/s: 19090 rss: 274Mb L: 952/4853 MS: 2 ChangeASCIIInt-EraseBytes-
#134223	REDUCE cov: 187 ft: 879 corp: 227/163Kb lim: 4869 exec/s: 19174 rss: 275Mb L: 151/4853 MS: 1 EraseBytes-
#134542	REDUCE cov: 187 ft: 879 corp: 227/163Kb lim: 4869 exec/s: 19220 rss: 275Mb L: 311/4853 MS: 4 ChangeBit-ChangeASCIIInt-PersAutoDict-EraseBytes- DE: "[\003\000\000\000\000\000\000"-
#134653	REDUCE cov: 187 ft: 879 corp: 227/163Kb lim: 4869 exec/s: 19236 rss: 275Mb L: 163/4853 MS: 1 EraseBytes-
#134659	REDUCE cov: 187 ft: 879 corp: 227/163Kb lim: 4869 exec/s: 19237 rss: 275Mb L: 273/4853 MS: 1 EraseBytes-
#135086	REDUCE cov: 187 ft: 879 corp: 227/163Kb lim: 4869 exec/s: 19298 rss: 276Mb L: 297/4853 MS: 2 ShuffleBytes-EraseBytes-
#135197	REDUCE cov: 187 ft: 879 corp: 227/163Kb lim: 4869 exec/s: 19313 rss: 276Mb L: 225/4853 MS: 1 EraseBytes-
#135262	REDUCE cov: 187 ft: 879 corp: 227/163Kb lim: 4869 exec/s: 19323 rss: 276Mb L: 251/4853 MS: 5 CMP-ChangeBinInt-ShuffleBytes-ChangeBinInt-EraseBytes- DE: "\377\377\377\377\377\377\377\377"-
#135369	REDUCE cov: 187 ft: 879 corp: 227/163Kb lim: 4869 exec/s: 19338 rss: 276Mb L: 222/4853 MS: 2 ChangeBit-EraseBytes-
#135650	REDUCE cov: 187 ft: 879 corp: 227/163Kb lim: 4869 exec/s: 19378 rss: 276Mb L: 327/4853 MS: 1 EraseBytes-
#135981	REDUCE cov: 187 ft: 879 corp: 227/163Kb lim: 4869 exec/s: 19425 rss: 277Mb L: 309/4853 MS: 1 EraseBytes-
#136033	REDUCE cov: 187 ft: 879 corp: 227/163Kb lim: 4869 exec/s: 19433 rss: 277Mb L: 84/4853 MS: 2 ChangeBinInt-EraseBytes-
#136087	REDUCE cov: 187 ft: 879 corp: 227/163Kb lim: 4869 exec/s: 19441 rss: 277Mb L: 526/4853 MS: 4 InsertRepeatedBytes-InsertRepeatedBytes-ChangeByte-EraseBytes-
#136205	REDUCE cov: 187 ft: 879 corp: 227/163Kb lim: 4869 exec/s: 19457 rss: 277Mb L: 106/4853 MS: 3 ChangeBit-ShuffleBytes-EraseBytes-
#136346	REDUCE cov: 187 ft: 879 corp: 227/163Kb lim: 4869 exec/s: 19478 rss: 277Mb L: 152/4853 MS: 1 EraseBytes-
#136572	REDUCE cov: 187 ft: 879 corp: 227/163Kb lim: 4869 exec/s: 19510 rss: 278Mb L: 182/4853 MS: 1 EraseBytes-
#136855	REDUCE cov: 187 ft: 879 corp: 227/163Kb lim: 4869 exec/s: 19550 rss: 278Mb L: 842/4853 MS: 3 ShuffleBytes-ChangeByte-EraseBytes-
#137136	REDUCE cov: 187 ft: 880 corp: 228/163Kb lim: 4869 exec/s: 19590 rss: 279Mb L: 334/4853 MS: 1 CrossOver-
#137253	REDUCE cov: 187 ft: 880 corp: 228/163Kb lim: 4869 exec/s: 19607 rss: 279Mb L: 232/4853 MS: 2 CMP-EraseBytes- DE: "\005\000\000\000\000\000\000\000"-
#137781	REDUCE cov: 187 ft: 880 corp: 228/163Kb lim: 4869 exec/s: 19683 rss: 279Mb L: 1128/4853 MS: 3 ShuffleBytes-PersAutoDict-EraseBytes- DE: "px\":\"z"-
#138085	REDUCE cov: 187 ft: 880 corp: 228/163Kb lim: 4869 exec/s: 19726 rss: 280Mb L: 600/4853 MS: 4 PersAutoDict-InsertRepeatedBytes-PersAutoDict-EraseBytes- DE: "\000\000m\371\323\"@D"-"]\000\000\000\000\000\000\000"-
#138111	REDUCE cov: 187 ft: 880 corp: 228/163Kb lim: 4869 exec/s: 19730 rss: 280Mb L: 148/4853 MS: 1 EraseBytes-
#138238	REDUCE cov: 187 ft: 880 corp: 228/163Kb lim: 4869 exec/s: 19748 rss: 280Mb L: 4661/4853 MS: 2 CrossOver-CrossOver-
#138249	REDUCE cov: 187 ft: 880 corp: 228/163Kb lim: 4869 exec/s: 19749 rss: 280Mb L: 769/4853 MS: 1 EraseBytes-
#138439	REDUCE cov: 187 ft: 880 corp: 228/163Kb lim: 4869 exec/s: 19777 rss: 280Mb L: 76/4853 MS: 5 CopyPart-ChangeBinInt-InsertByte-ChangeByte-EraseBytes-
#138655	REDUCE cov: 187 ft: 880 corp: 228/162Kb lim: 4869 exec/s: 19807 rss: 280Mb L: 581/4853 MS: 1 EraseBytes-
#138946	REDUCE cov: 187 ft: 880 corp: 228/162Kb lim: 4869 exec/s: 19849 rss: 281Mb L: 1071/4853 MS: 1 EraseBytes-
#139144	REDUCE cov: 187 ft: 880 corp: 228/162Kb lim: 4869 exec/s: 19877 rss: 281Mb L: 49/4853 MS: 3 ChangeByte-ChangeBinInt-EraseBytes-
#139260	REDUCE cov: 187 ft: 880 corp: 228/162Kb lim: 4869 exec/s: 19894 rss: 281Mb L: 821/4853 MS: 1 EraseBytes-
#139362	REDUCE cov: 187 ft: 880 corp: 228/162Kb lim: 4869 exec/s: 19908 rss: 281Mb L: 2106/4853 MS: 2 ChangeBinInt-EraseBytes-
#139718	REDUCE cov: 187 ft: 880 corp: 228/162Kb lim: 4869 exec/s: 19959 rss: 282Mb L: 299/4853 MS: 1 EraseBytes-
#139863	REDUCE cov: 187 ft: 880 corp: 228/162Kb lim: 4869 exec/s: 19980 rss: 282Mb L: 464/4853 MS: 5 ChangeASCIIInt-ChangeBit-ShuffleBytes-ChangeByte-EraseBytes-
#139864	REDUCE cov: 187 ft: 880 corp: 228/162Kb lim: 4869 exec/s: 19980 rss: 282Mb L: 208/4853 MS: 1 EraseBytes-
#140320	REDUCE cov: 187 ft: 880 corp: 228/162Kb lim: 4869 exec/s: 20045 rss: 283Mb L: 355/4853 MS: 1 EraseBytes-
#140571	REDUCE cov: 187 ft: 880 corp: 228/162Kb lim: 4869 exec/s: 20081 rss: 283Mb L: 129/4853 MS: 1 EraseBytes-
#140757	REDUCE cov: 187 ft: 880 corp: 228/162Kb lim: 4869 exec/s: 20108 rss: 283Mb L: 649/4853 MS: 1 EraseBytes-
#140915	REDUCE cov: 187 ft: 880 corp: 228/162Kb lim: 4869 exec/s: 20130 rss: 283Mb L: 129/4853 MS: 3 CrossOver-InsertByte-EraseBytes-
#140967	REDUCE cov: 187 ft: 880 corp: 228/162Kb lim: 4869 exec/s: 20138 rss: 283Mb L: 401/4853 MS: 2 PersAutoDict-EraseBytes- DE: "\360\377\377\377"-
#141014	REDUCE cov: 187 ft: 880 corp: 228/162Kb lim: 4869 exec/s: 20144 rss: 283Mb L: 178/4853 MS: 2 PersAutoDict-EraseBytes- DE: "\377\377\377\377\377\377\000C"-
#141015	REDUCE cov: 187 ft: 880 corp: 228/162Kb lim: 4869 exec/s: 20145 rss: 283Mb L: 129/4853 MS: 1 EraseBytes-
#141301	REDUCE cov: 187 ft: 880 corp: 228/162Kb lim: 4869 exec/s: 20185 rss: 284Mb L: 275/4853 MS: 1 EraseBytes-
#141742	REDUCE cov: 187 ft: 880 corp: 228/162Kb lim: 4869 exec/s: 20248 rss: 285Mb L: 137/4853 MS: 1 EraseBytes-
#141893	REDUCE cov: 187 ft: 880 corp: 228/162Kb lim: 4869 exec/s: 20270 rss: 285Mb L: 128/4853 MS: 1 EraseBytes-
#142091	REDUCE cov: 187 ft: 880 corp: 228/162Kb lim: 4869 exec/s: 20298 rss: 285Mb L: 4290/4853 MS: 3 ShuffleBytes-CrossOver-CopyPart-
#142097	REDUCE cov: 187 ft: 880 corp: 228/162Kb lim: 4869 exec/s: 20299 rss: 285Mb L: 93/4853 MS: 1 EraseBytes-
#142126	REDUCE cov: 187 ft: 880 corp: 228/161Kb lim: 4869 exec/s: 20303 rss: 285Mb L: 4061/4853 MS: 4 InsertByte-ChangeBit-ChangeBinInt-EraseBytes-
#142993	REDUCE cov: 187 ft: 880 corp: 228/161Kb lim: 4869 exec/s: 20427 rss: 286Mb L: 114/4853 MS: 2 PersAutoDict-EraseBytes- DE: "s\"px"-
#143106	REDUCE cov: 187 ft: 880 corp: 228/161Kb lim: 4869 exec/s: 20443 rss: 286Mb L: 149/4853 MS: 3 ChangeASCIIInt-ChangeByte-EraseBytes-
#143157	REDUCE cov: 187 ft: 880 corp: 228/161Kb lim: 4869 exec/s: 20451 rss: 286Mb L: 544/4853 MS: 1 EraseBytes-
#143159	REDUCE cov: 187 ft: 880 corp: 228/161Kb lim: 4869 exec/s: 20451 rss: 286Mb L: 211/4853 MS: 2 InsertByte-EraseBytes-
#143377	REDUCE cov: 187 ft: 880 corp: 228/161Kb lim: 4869 exec/s: 20482 rss: 287Mb L: 152/4853 MS: 3 ShuffleBytes-CrossOver-EraseBytes-
#143568	REDUCE cov: 187 ft: 880 corp: 228/161Kb lim: 4869 exec/s: 20509 rss: 287Mb L: 104/4853 MS: 1 EraseBytes-
#143576	REDUCE cov: 187 ft: 880 corp: 228/161Kb lim: 4869 exec/s: 20510 rss: 287Mb L: 1754/4853 MS: 3 ChangeByte-ChangeASCIIInt-EraseBytes-
#143817	REDUCE cov: 187 ft: 880 corp: 228/161Kb lim: 4869 exec/s: 20545 rss: 287Mb L: 180/4853 MS: 1 EraseBytes-
#144003	REDUCE cov: 187 ft: 880 corp: 228/161Kb lim: 4869 exec/s: 20571 rss: 287Mb L: 203/4853 MS: 1 EraseBytes-
#144140	REDUCE cov: 187 ft: 880 corp: 228/161Kb lim: 4869 exec/s: 20591 rss: 287Mb L: 136/4853 MS: 2 InsertByte-EraseBytes-
#145018	REDUCE cov: 188 ft: 881 corp: 229/161Kb lim: 4869 exec/s: 20716 rss: 289Mb L: 39/4853 MS: 3 ChangeBinInt-ChangeByte-EraseBytes-
#145059	REDUCE cov: 188 ft: 881 corp: 229/161Kb lim: 4869 exec/s: 20722 rss: 289Mb L: 300/4853 MS: 1 EraseBytes-
#145595	REDUCE cov: 188 ft: 881 corp: 229/161Kb lim: 4869 exec/s: 20799 rss: 289Mb L: 302/4853 MS: 1 EraseBytes-
#145786	REDUCE cov: 188 ft: 881 corp: 229/161Kb lim: 4869 exec/s: 20826 rss: 289Mb L: 40/4853 MS: 1 EraseBytes-
#145797	REDUCE cov: 188 ft: 881 corp: 229/161Kb lim: 4869 exec/s: 20828 rss: 289Mb L: 396/4853 MS: 1 EraseBytes-
#145823	REDUCE cov: 188 ft: 883 corp: 230/161Kb lim: 4869 exec/s: 20831 rss: 289Mb L: 76/4853 MS: 1 ShuffleBytes-
#146024	REDUCE cov: 188 ft: 883 corp: 230/161Kb lim: 4869 exec/s: 20860 rss: 290Mb L: 247/4853 MS: 1 EraseBytes-
#146080	REDUCE cov: 188 ft: 883 corp: 230/161Kb lim: 4869 exec/s: 20868 rss: 290Mb L: 36/4853 MS: 1 EraseBytes-
#146161	REDUCE cov: 188 ft: 883 corp: 230/161Kb lim: 4869 exec/s: 20880 rss: 290Mb L: 313/4853 MS: 1 EraseBytes-
#146347	REDUCE cov: 188 ft: 883 corp: 230/161Kb lim: 4869 exec/s: 20906 rss: 290Mb L: 56/4853 MS: 1 EraseBytes-
#146396	REDUCE cov: 188 ft: 883 corp: 230/161Kb lim: 4869 exec/s: 20913 rss: 290Mb L: 247/4853 MS: 4 ChangeASCIIInt-ChangeBit-ChangeBinInt-EraseBytes-
#146778	REDUCE cov: 188 ft: 883 corp: 230/161Kb lim: 4869 exec/s: 20968 rss: 291Mb L: 159/4853 MS: 2 CMP-EraseBytes- DE: "\203_\022\324\271n\000\000"-
#146836	REDUCE cov: 188 ft: 883 corp: 230/161Kb lim: 4869 exec/s: 20976 rss: 291Mb L: 118/4853 MS: 3 ChangeBit-InsertByte-EraseBytes-
#147357	REDUCE cov: 188 ft: 883 corp: 230/161Kb lim: 4869 exec/s: 21051 rss: 291Mb L: 63/4853 MS: 1 EraseBytes-
#147449	REDUCE cov: 188 ft: 883 corp: 230/161Kb lim: 4869 exec/s: 21064 rss: 291Mb L: 148/4853 MS: 2 ChangeBinInt-EraseBytes-
#147720	REDUCE cov: 188 ft: 883 corp: 230/161Kb lim: 4869 exec/s: 21102 rss: 292Mb L: 1047/4853 MS: 1 EraseBytes-
#147792	REDUCE cov: 188 ft: 883 corp: 230/161Kb lim: 4869 exec/s: 21113 rss: 292Mb L: 156/4853 MS: 2 ChangeBit-EraseBytes-
#148613	REDUCE cov: 188 ft: 883 corp: 230/161Kb lim: 4869 exec/s: 21230 rss: 293Mb L: 127/4853 MS: 1 EraseBytes-
#148629	REDUCE cov: 188 ft: 883 corp: 230/161Kb lim: 4869 exec/s: 21232 rss: 293Mb L: 152/4853 MS: 1 EraseBytes-
#148730	REDUCE cov: 188 ft: 883 corp: 230/161Kb lim: 4869 exec/s: 21247 rss: 293Mb L: 293/4853 MS: 1 EraseBytes-
#148975	REDUCE cov: 188 ft: 883 corp: 230/161Kb lim: 4869 exec/s: 21282 rss: 293Mb L: 282/4853 MS: 5 ShuffleBytes-PersAutoDict-InsertByte-ChangeByte-EraseBytes- DE: ":{"-
#149186	REDUCE cov: 188 ft: 883 corp: 230/161Kb lim: 4869 exec/s: 21312 rss: 293Mb L: 503/4853 MS: 1 EraseBytes-
#149521	NEW    cov: 188 ft: 884 corp: 231/161Kb lim: 4869 exec/s: 21360 rss: 294Mb L: 240/4853 MS: 5 ChangeASCIIInt-CMP-PersAutoDict-InsertByte-CrossOver- DE: "\000\000m\371\3232\276\315"-"px"-
#149758	REDUCE cov: 188 ft: 884 corp: 231/161Kb lim: 4869 exec/s: 18719 rss: 294Mb L: 200/4853 MS: 2 CopyPart-EraseBytes-
#149925	REDUCE cov: 188 ft: 884 corp: 231/161Kb lim: 4869 exec/s: 18740 rss: 294Mb L: 29/4853 MS: 2 ShuffleBytes-EraseBytes-
#150000	REDUCE cov: 188 ft: 884 corp: 231/161Kb lim: 4869 exec/s: 18750 rss: 294Mb L: 120/4853 MS: 5 PersAutoDict-ShuffleBytes-CMP-ShuffleBytes-EraseBytes- DE: "hash\":"-"sz"-
#150175	REDUCE cov: 188 ft: 884 corp: 231/161Kb lim: 4869 exec/s: 18771 rss: 295Mb L: 124/4853 MS: 5 ChangeByte-PersAutoDict-ShuffleBytes-CMP-EraseBytes- DE: "\377\377\377\360"-"\314\245\010\323\251m\000\000"-
#150491	REDUCE cov: 188 ft: 884 corp: 231/161Kb lim: 4869 exec/s: 18811 rss: 295Mb L: 253/4853 MS: 1 EraseBytes-
#151036	REDUCE cov: 188 ft: 884 corp: 231/161Kb lim: 4869 exec/s: 18879 rss: 297Mb L: 185/4853 MS: 5 ChangeASCIIInt-InsertByte-ChangeASCIIInt-ShuffleBytes-EraseBytes-
#151468	REDUCE cov: 188 ft: 884 corp: 231/161Kb lim: 4869 exec/s: 18933 rss: 298Mb L: 289/4853 MS: 2 ChangeBit-EraseBytes-
#151604	REDUCE cov: 188 ft: 884 corp: 231/161Kb lim: 4869 exec/s: 18950 rss: 298Mb L: 192/4853 MS: 1 EraseBytes-
#151866	REDUCE cov: 188 ft: 884 corp: 231/161Kb lim: 4869 exec/s: 18983 rss: 298Mb L: 70/4853 MS: 2 InsertByte-EraseBytes-
#151947	REDUCE cov: 188 ft: 884 corp: 231/161Kb lim: 4869 exec/s: 18993 rss: 298Mb L: 70/4853 MS: 1 EraseBytes-
#152269	REDUCE cov: 188 ft: 884 corp: 231/161Kb lim: 4869 exec/s: 19033 rss: 299Mb L: 232/4853 MS: 2 ChangeBinInt-EraseBytes-
#152893	REDUCE cov: 188 ft: 884 corp: 231/161Kb lim: 4869 exec/s: 19111 rss: 299Mb L: 50/4853 MS: 4 PersAutoDict-InsertByte-ChangeASCIIInt-EraseBytes- DE: "\377\377\377\377\377\377\377\377"-
#152894	REDUCE cov: 188 ft: 884 corp: 231/161Kb lim: 4869 exec/s: 19111 rss: 299Mb L: 215/4853 MS: 1 EraseBytes-
#152955	REDUCE cov: 188 ft: 884 corp: 231/161Kb lim: 4869 exec/s: 19119 rss: 300Mb L: 210/4853 MS: 1 EraseBytes-
#153177	REDUCE cov: 188 ft: 884 corp: 231/160Kb lim: 4869 exec/s: 19147 rss: 300Mb L: 103/4853 MS: 2 ShuffleBytes-EraseBytes-
#153178	REDUCE cov: 188 ft: 884 corp: 231/160Kb lim: 4869 exec/s: 19147 rss: 300Mb L: 488/4853 MS: 1 EraseBytes-
#153443	REDUCE cov: 188 ft: 884 corp: 231/160Kb lim: 4869 exec/s: 19180 rss: 300Mb L: 236/4853 MS: 5 CopyPart-ChangeByte-InsertRepeatedBytes-ChangeBinInt-EraseBytes-
#153484	REDUCE cov: 188 ft: 884 corp: 231/160Kb lim: 4869 exec/s: 19185 rss: 300Mb L: 102/4853 MS: 1 EraseBytes-
#153655	REDUCE cov: 188 ft: 884 corp: 231/160Kb lim: 4869 exec/s: 19206 rss: 300Mb L: 177/4853 MS: 1 EraseBytes-
#154541	REDUCE cov: 188 ft: 884 corp: 231/160Kb lim: 4869 exec/s: 19317 rss: 301Mb L: 149/4853 MS: 1 EraseBytes-
#154573	REDUCE cov: 188 ft: 884 corp: 231/160Kb lim: 4869 exec/s: 19321 rss: 301Mb L: 144/4853 MS: 2 PersAutoDict-EraseBytes- DE: "side"-
#155130	REDUCE cov: 188 ft: 884 corp: 231/160Kb lim: 4869 exec/s: 19391 rss: 302Mb L: 4226/4853 MS: 2 ChangeASCIIInt-EraseBytes-
#155656	REDUCE cov: 188 ft: 884 corp: 231/160Kb lim: 4869 exec/s: 19457 rss: 303Mb L: 159/4853 MS: 1 EraseBytes-
#155657	REDUCE cov: 188 ft: 884 corp: 231/160Kb lim: 4869 exec/s: 19457 rss: 303Mb L: 101/4853 MS: 1 EraseBytes-
#155773	REDUCE cov: 188 ft: 884 corp: 231/160Kb lim: 4869 exec/s: 19471 rss: 303Mb L: 328/4853 MS: 1 EraseBytes-
#155899	REDUCE cov: 188 ft: 886 corp: 232/160Kb lim: 4869 exec/s: 19487 rss: 303Mb L: 241/4853 MS: 1 InsertByte-
#155946	REDUCE cov: 188 ft: 886 corp: 232/160Kb lim: 4869 exec/s: 19493 rss: 303Mb L: 3704/4853 MS: 2 ChangeBit-EraseBytes-
#156002	REDUCE cov: 188 ft: 886 corp: 232/160Kb lim: 4869 exec/s: 19500 rss: 303Mb L: 207/4853 MS: 1 EraseBytes-
#156075	REDUCE cov: 188 ft: 886 corp: 232/160Kb lim: 4869 exec/s: 19509 rss: 303Mb L: 227/4853 MS: 3 ChangeBit-ChangeBinInt-EraseBytes-
#156421	NEW    cov: 188 ft: 888 corp: 233/160Kb lim: 4869 exec/s: 19552 rss: 304Mb L: 241/4853 MS: 1 ChangeBit-
#156722	REDUCE cov: 188 ft: 888 corp: 233/160Kb lim: 4869 exec/s: 19590 rss: 304Mb L: 130/4853 MS: 1 EraseBytes-
#156953	REDUCE cov: 188 ft: 888 corp: 233/160Kb lim: 4869 exec/s: 19619 rss: 304Mb L: 88/4853 MS: 1 EraseBytes-
#157193	NEW    cov: 188 ft: 890 corp: 234/161Kb lim: 4869 exec/s: 19649 rss: 305Mb L: 476/4853 MS: 5 CopyPart-InsertRepeatedBytes-ChangeByte-ChangeASCIIInt-CopyPart-
#157436	REDUCE cov: 188 ft: 890 corp: 234/161Kb lim: 4869 exec/s: 19679 rss: 305Mb L: 313/4853 MS: 3 PersAutoDict-ChangeByte-EraseBytes- DE: "3c2c\","-
#157522	REDUCE cov: 188 ft: 890 corp: 234/160Kb lim: 4869 exec/s: 19690 rss: 305Mb L: 246/4853 MS: 1 EraseBytes-
#157694	REDUCE cov: 188 ft: 890 corp: 234/160Kb lim: 4869 exec/s: 19711 rss: 305Mb L: 73/4853 MS: 2 ChangeASCIIInt-EraseBytes-
#157747	REDUCE cov: 188 ft: 890 corp: 234/160Kb lim: 4869 exec/s: 19718 rss: 305Mb L: 265/4853 MS: 3 ChangeBinInt-ChangeASCIIInt-EraseBytes-
#157884	REDUCE cov: 188 ft: 890 corp: 234/160Kb lim: 4869 exec/s: 19735 rss: 306Mb L: 199/4853 MS: 2 ChangeASCIIInt-EraseBytes-
#157993	REDUCE cov: 188 ft: 890 corp: 234/160Kb lim: 4869 exec/s: 19749 rss: 306Mb L: 45/4853 MS: 4 ChangeBit-ChangeBinInt-CrossOver-EraseBytes-
#158035	REDUCE cov: 188 ft: 890 corp: 234/160Kb lim: 4869 exec/s: 19754 rss: 306Mb L: 62/4853 MS: 2 CrossOver-EraseBytes-
#158136	REDUCE cov: 188 ft: 890 corp: 234/160Kb lim: 4869 exec/s: 19767 rss: 306Mb L: 165/4853 MS: 1 EraseBytes-
#158182	REDUCE cov: 188 ft: 892 corp: 235/160Kb lim: 4869 exec/s: 19772 rss: 306Mb L: 70/4853 MS: 1 ShuffleBytes-
#158340	REDUCE cov: 188 ft: 892 corp: 235/160Kb lim: 4869 exec/s: 19792 rss: 306Mb L: 603/4853 MS: 3 ChangeBinInt-ChangeByte-EraseBytes-
#158642	REDUCE cov: 188 ft: 892 corp: 235/160Kb lim: 4869 exec/s: 19830 rss: 306Mb L: 116/4853 MS: 2 ChangeBit-EraseBytes-
#158945	REDUCE cov: 188 ft: 892 corp: 235/160Kb lim: 4869 exec/s: 19868 rss: 307Mb L: 140/4853 MS: 3 ChangeASCIIInt-CrossOver-EraseBytes-
#159261	REDUCE cov: 188 ft: 892 corp: 235/160Kb lim: 4869 exec/s: 19907 rss: 307Mb L: 117/4853 MS: 1 EraseBytes-
#159313	REDUCE cov: 188 ft: 892 corp: 235/160Kb lim: 4869 exec/s: 19914 rss: 307Mb L: 7/4853 MS: 2 PersAutoDict-EraseBytes- DE: "\","-
#159601	REDUCE cov: 188 ft: 892 corp: 235/160Kb lim: 4869 exec/s: 19950 rss: 308Mb L: 273/4853 MS: 3 ChangeASCIIInt-CopyPart-EraseBytes-
#159723	REDUCE cov: 188 ft: 892 corp: 235/160Kb lim: 4869 exec/s: 19965 rss: 308Mb L: 308/4853 MS: 2 InsertRepeatedBytes-EraseBytes-
#159819	REDUCE cov: 188 ft: 892 corp: 235/160Kb lim: 4869 exec/s: 19977 rss: 308Mb L: 50/4853 MS: 1 EraseBytes-
#159946	REDUCE cov: 188 ft: 894 corp: 236/160Kb lim: 4869 exec/s: 19993 rss: 308Mb L: 51/4853 MS: 2 InsertByte-ChangeByte-
#159981	REDUCE cov: 188 ft: 894 corp: 236/160Kb lim: 4869 exec/s: 19997 rss: 308Mb L: 233/4853 MS: 5 ShuffleBytes-EraseBytes-InsertByte-CMP-EraseBytes- DE: "\001\000\000\000"-
#160087	REDUCE cov: 188 ft: 894 corp: 236/160Kb lim: 4869 exec/s: 20010 rss: 308Mb L: 2153/4853 MS: 1 EraseBytes-
#160164	REDUCE cov: 188 ft: 894 corp: 236/160Kb lim: 4869 exec/s: 20020 rss: 308Mb L: 322/4853 MS: 2 ChangeBit-EraseBytes-
#160436	REDUCE cov: 188 ft: 894 corp: 236/160Kb lim: 4869 exec/s: 20054 rss: 308Mb L: 192/4853 MS: 2 ChangeASCIIInt-EraseBytes-
#160691	REDUCE cov: 188 ft: 894 corp: 236/160Kb lim: 4869 exec/s: 20086 rss: 309Mb L: 292/4853 MS: 5 PersAutoDict-PersAutoDict-CMP-ChangeASCIIInt-EraseBytes- DE: "\377\377m9\3230\314\343"-"\000\000\000\000\000\000\000\000"-"\253\3227\323\371m\000\000"-
#160881	REDUCE cov: 188 ft: 894 corp: 236/160Kb lim: 4869 exec/s: 20110 rss: 309Mb L: 345/4853 MS: 5 ShuffleBytes-PersAutoDict-ChangeASCIIInt-ShuffleBytes-EraseBytes- DE: "hash\":"-
#161118	REDUCE cov: 188 ft: 894 corp: 236/160Kb lim: 4869 exec/s: 20139 rss: 309Mb L: 200/4853 MS: 2 ChangeASCIIInt-EraseBytes-
#161205	REDUCE cov: 188 ft: 894 corp: 236/159Kb lim: 4869 exec/s: 20150 rss: 309Mb L: 350/4853 MS: 2 ChangeByte-EraseBytes-
#161276	REDUCE cov: 188 ft: 894 corp: 236/159Kb lim: 4869 exec/s: 20159 rss: 310Mb L: 510/4853 MS: 1 EraseBytes-
#161619	REDUCE cov: 188 ft: 894 corp: 236/159Kb lim: 4869 exec/s: 20202 rss: 310Mb L: 109/4853 MS: 3 ChangeASCIIInt-ChangeByte-EraseBytes-
#161732	REDUCE cov: 188 ft: 894 corp: 236/159Kb lim: 4869 exec/s: 20216 rss: 310Mb L: 99/4853 MS: 3 ChangeBit-ShuffleBytes-EraseBytes-
#161755	REDUCE cov: 188 ft: 894 corp: 236/159Kb lim: 4869 exec/s: 20219 rss: 310Mb L: 284/4853 MS: 3 ChangeByte-CrossOver-EraseBytes-
#161939	REDUCE cov: 188 ft: 894 corp: 236/159Kb lim: 4869 exec/s: 20242 rss: 310Mb L: 304/4853 MS: 4 ShuffleBytes-ChangeASCIIInt-InsertByte-EraseBytes-
#161950	REDUCE cov: 188 ft: 894 corp: 236/159Kb lim: 4869 exec/s: 20243 rss: 310Mb L: 159/4853 MS: 1 EraseBytes-
#161967	REDUCE cov: 188 ft: 894 corp: 236/159Kb lim: 4869 exec/s: 20245 rss: 311Mb L: 235/4853 MS: 2 ChangeASCIIInt-EraseBytes-
#162090	REDUCE cov: 188 ft: 894 corp: 236/159Kb lim: 4869 exec/s: 20261 rss: 311Mb L: 183/4853 MS: 3 CMP-ChangeASCIIInt-EraseBytes- DE: "\001\000\000\000\000\000\000\000"-
#162206	REDUCE cov: 188 ft: 894 corp: 236/159Kb lim: 4869 exec/s: 20275 rss: 311Mb L: 4702/4853 MS: 1 EraseBytes-
#162237	REDUCE cov: 188 ft: 894 corp: 236/159Kb lim: 4869 exec/s: 20279 rss: 311Mb L: 101/4853 MS: 1 EraseBytes-
#162360	REDUCE cov: 188 ft: 894 corp: 236/158Kb lim: 4869 exec/s: 20295 rss: 311Mb L: 1855/4853 MS: 3 ChangeByte-EraseBytes-ChangeBinInt-
#162371	REDUCE cov: 188 ft: 894 corp: 236/158Kb lim: 4869 exec/s: 20296 rss: 311Mb L: 49/4853 MS: 1 EraseBytes-
#162399	REDUCE cov: 188 ft: 894 corp: 236/158Kb lim: 4869 exec/s: 20299 rss: 311Mb L: 266/4853 MS: 3 InsertByte-CopyPart-EraseBytes-
#162465	REDUCE cov: 188 ft: 894 corp: 236/158Kb lim: 4869 exec/s: 20308 rss: 311Mb L: 229/4853 MS: 1 EraseBytes-
#162573	REDUCE cov: 188 ft: 894 corp: 236/158Kb lim: 4869 exec/s: 20321 rss: 311Mb L: 292/4853 MS: 3 ChangeBit-ChangeBinInt-EraseBytes-
#162816	REDUCE cov: 188 ft: 894 corp: 236/158Kb lim: 4869 exec/s: 20352 rss: 312Mb L: 911/4853 MS: 3 ShuffleBytes-PersAutoDict-EraseBytes- DE: "\377\377m\251\323\317\217w"-
#162857	REDUCE cov: 188 ft: 894 corp: 236/158Kb lim: 4869 exec/s: 20357 rss: 312Mb L: 91/4853 MS: 1 EraseBytes-
#163198	REDUCE cov: 188 ft: 894 corp: 236/158Kb lim: 4869 exec/s: 20399 rss: 312Mb L: 155/4853 MS: 1 EraseBytes-
#163199	REDUCE cov: 188 ft: 894 corp: 236/158Kb lim: 4869 exec/s: 20399 rss: 312Mb L: 7/4853 MS: 1 EraseBytes-
#163270	REDUCE cov: 188 ft: 894 corp: 236/158Kb lim: 4869 exec/s: 20408 rss: 312Mb L: 48/4853 MS: 1 EraseBytes-
#163771	REDUCE cov: 188 ft: 894 corp: 236/158Kb lim: 4869 exec/s: 20471 rss: 313Mb L: 6/4853 MS: 1 EraseBytes-
#163917	REDUCE cov: 188 ft: 894 corp: 236/158Kb lim: 4869 exec/s: 20489 rss: 313Mb L: 260/4853 MS: 1 EraseBytes-
#163970	REDUCE cov: 188 ft: 894 corp: 236/158Kb lim: 4869 exec/s: 20496 rss: 313Mb L: 37/4853 MS: 3 ShuffleBytes-CopyPart-EraseBytes-
#163975	REDUCE cov: 188 ft: 894 corp: 236/158Kb lim: 4869 exec/s: 20496 rss: 313Mb L: 419/4853 MS: 5 EraseBytes-EraseBytes-CopyPart-ChangeASCIIInt-CrossOver-
#164001	REDUCE cov: 188 ft: 894 corp: 236/158Kb lim: 4869 exec/s: 20500 rss: 313Mb L: 177/4853 MS: 1 EraseBytes-
#164077	REDUCE cov: 188 ft: 894 corp: 236/158Kb lim: 4869 exec/s: 20509 rss: 313Mb L: 290/4853 MS: 1 EraseBytes-
#164166	REDUCE cov: 188 ft: 894 corp: 236/158Kb lim: 4869 exec/s: 20520 rss: 314Mb L: 226/4853 MS: 4 ShuffleBytes-ChangeByte-ShuffleBytes-EraseBytes-
#164595	REDUCE cov: 188 ft: 894 corp: 236/158Kb lim: 4869 exec/s: 20574 rss: 314Mb L: 142/4853 MS: 4 PersAutoDict-ChangeByte-ChangeASCIIInt-EraseBytes- DE: "time"-
#164913	REDUCE cov: 188 ft: 894 corp: 236/158Kb lim: 4869 exec/s: 20614 rss: 314Mb L: 73/4853 MS: 3 CMP-PersAutoDict-EraseBytes- DE: "P\000\000\000\000\000\000\000"-"\344\177u\350"-
#164960	REDUCE cov: 188 ft: 894 corp: 236/158Kb lim: 4869 exec/s: 20620 rss: 315Mb L: 328/4853 MS: 2 ChangeByte-EraseBytes-
#165132	REDUCE cov: 188 ft: 894 corp: 236/158Kb lim: 4869 exec/s: 20641 rss: 315Mb L: 4771/4771 MS: 2 CrossOver-EraseBytes-
#165188	REDUCE cov: 188 ft: 894 corp: 236/158Kb lim: 4869 exec/s: 20648 rss: 315Mb L: 138/4771 MS: 1 EraseBytes-
#165290	REDUCE cov: 188 ft: 894 corp: 236/158Kb lim: 4869 exec/s: 20661 rss: 315Mb L: 72/4771 MS: 2 CrossOver-EraseBytes-
#165566	REDUCE cov: 188 ft: 894 corp: 236/157Kb lim: 4869 exec/s: 20695 rss: 315Mb L: 943/4771 MS: 1 EraseBytes-
#165942	REDUCE cov: 188 ft: 894 corp: 236/157Kb lim: 4869 exec/s: 20742 rss: 316Mb L: 68/4771 MS: 1 EraseBytes-
#166139	REDUCE cov: 188 ft: 894 corp: 236/157Kb lim: 4869 exec/s: 20767 rss: 316Mb L: 116/4771 MS: 2 ChangeBit-EraseBytes-
#166306	REDUCE cov: 188 ft: 894 corp: 236/157Kb lim: 4869 exec/s: 20788 rss: 316Mb L: 206/4771 MS: 2 ShuffleBytes-EraseBytes-
#166330	REDUCE cov: 188 ft: 894 corp: 236/157Kb lim: 4869 exec/s: 20791 rss: 316Mb L: 246/4771 MS: 4 CopyPart-ChangeBit-ChangeBinInt-EraseBytes-
#166657	REDUCE cov: 188 ft: 894 corp: 236/157Kb lim: 4869 exec/s: 20832 rss: 317Mb L: 104/4771 MS: 2 InsertByte-EraseBytes-
#166808	REDUCE cov: 188 ft: 894 corp: 236/157Kb lim: 4869 exec/s: 20851 rss: 317Mb L: 232/4771 MS: 1 EraseBytes-
#166820	REDUCE cov: 188 ft: 894 corp: 236/157Kb lim: 4869 exec/s: 20852 rss: 317Mb L: 5/4771 MS: 2 InsertByte-EraseBytes-
#167041	REDUCE cov: 188 ft: 894 corp: 236/157Kb lim: 4869 exec/s: 20880 rss: 317Mb L: 45/4771 MS: 1 EraseBytes-
#167317	REDUCE cov: 188 ft: 894 corp: 236/157Kb lim: 4869 exec/s: 20914 rss: 317Mb L: 132/4771 MS: 1 EraseBytes-
#168033	REDUCE cov: 188 ft: 894 corp: 236/157Kb lim: 4869 exec/s: 21004 rss: 318Mb L: 1329/4771 MS: 1 CrossOver-
#168331	REDUCE cov: 188 ft: 894 corp: 236/157Kb lim: 4869 exec/s: 21041 rss: 318Mb L: 72/4771 MS: 3 ChangeASCIIInt-ChangeByte-EraseBytes-
#169702	REDUCE cov: 188 ft: 894 corp: 236/157Kb lim: 4869 exec/s: 21212 rss: 320Mb L: 66/4771 MS: 1 EraseBytes-
#169978	REDUCE cov: 188 ft: 894 corp: 236/157Kb lim: 4869 exec/s: 21247 rss: 320Mb L: 273/4771 MS: 1 EraseBytes-
#170615	REDUCE cov: 188 ft: 894 corp: 236/157Kb lim: 4869 exec/s: 18957 rss: 321Mb L: 110/4771 MS: 2 ChangeASCIIInt-EraseBytes-
#170710	REDUCE cov: 188 ft: 894 corp: 236/157Kb lim: 4869 exec/s: 18967 rss: 321Mb L: 1720/4771 MS: 5 PersAutoDict-EraseBytes-InsertByte-InsertRepeatedBytes-CopyPart- DE: "s\"px"-
#170747	REDUCE cov: 188 ft: 894 corp: 236/157Kb lim: 4869 exec/s: 18971 rss: 321Mb L: 4091/4771 MS: 2 ChangeASCIIInt-EraseBytes-
#171234	REDUCE cov: 188 ft: 894 corp: 236/157Kb lim: 4869 exec/s: 19026 rss: 321Mb L: 3598/4771 MS: 2 ShuffleBytes-EraseBytes-
#171429	REDUCE cov: 188 ft: 894 corp: 236/157Kb lim: 4869 exec/s: 19047 rss: 322Mb L: 256/4771 MS: 5 CopyPart-CopyPart-CrossOver-EraseBytes-EraseBytes-
#171500	REDUCE cov: 188 ft: 894 corp: 236/157Kb lim: 4869 exec/s: 19055 rss: 322Mb L: 175/4771 MS: 1 EraseBytes-
#171732	REDUCE cov: 188 ft: 894 corp: 236/157Kb lim: 4869 exec/s: 19081 rss: 322Mb L: 257/4771 MS: 2 ChangeBinInt-EraseBytes-
#171989	REDUCE cov: 188 ft: 894 corp: 236/157Kb lim: 4869 exec/s: 19109 rss: 324Mb L: 63/4771 MS: 2 ShuffleBytes-EraseBytes-
#171990	REDUCE cov: 188 ft: 894 corp: 236/157Kb lim: 4869 exec/s: 19110 rss: 324Mb L: 134/4771 MS: 1 EraseBytes-
#172351	REDUCE cov: 188 ft: 894 corp: 236/157Kb lim: 4869 exec/s: 19150 rss: 324Mb L: 120/4771 MS: 1 EraseBytes-
#172352	REDUCE cov: 188 ft: 894 corp: 236/157Kb lim: 4869 exec/s: 19150 rss: 324Mb L: 155/4771 MS: 1 EraseBytes-
#172633	REDUCE cov: 188 ft: 894 corp: 236/157Kb lim: 4869 exec/s: 19181 rss: 325Mb L: 254/4771 MS: 1 EraseBytes-
#172714	REDUCE cov: 188 ft: 894 corp: 236/157Kb lim: 4869 exec/s: 19190 rss: 325Mb L: 5/4771 MS: 1 EraseBytes-
#172925	REDUCE cov: 188 ft: 894 corp: 236/157Kb lim: 4869 exec/s: 19213 rss: 325Mb L: 128/4771 MS: 1 EraseBytes-
#173031	REDUCE cov: 188 ft: 894 corp: 236/157Kb lim: 4869 exec/s: 19225 rss: 325Mb L: 334/4771 MS: 1 EraseBytes-
#173036	REDUCE cov: 188 ft: 894 corp: 236/157Kb lim: 4869 exec/s: 19226 rss: 325Mb L: 189/4771 MS: 5 ShuffleBytes-CopyPart-ChangeByte-CrossOver-EraseBytes-
#173058	REDUCE cov: 188 ft: 894 corp: 236/157Kb lim: 4869 exec/s: 19228 rss: 326Mb L: 54/4771 MS: 2 ChangeASCIIInt-EraseBytes-
#173106	REDUCE cov: 188 ft: 894 corp: 236/157Kb lim: 4869 exec/s: 19234 rss: 326Mb L: 63/4771 MS: 3 EraseBytes-ChangeByte-CrossOver-
#173228	REDUCE cov: 188 ft: 894 corp: 236/156Kb lim: 4869 exec/s: 19247 rss: 326Mb L: 345/4771 MS: 2 ChangeBinInt-EraseBytes-
#173493	REDUCE cov: 188 ft: 894 corp: 236/156Kb lim: 4869 exec/s: 19277 rss: 326Mb L: 189/4771 MS: 5 ShuffleBytes-CopyPart-CopyPart-ShuffleBytes-EraseBytes-
#173849	REDUCE cov: 188 ft: 894 corp: 236/156Kb lim: 4869 exec/s: 19316 rss: 326Mb L: 72/4771 MS: 1 EraseBytes-
#173930	REDUCE cov: 188 ft: 894 corp: 236/156Kb lim: 4869 exec/s: 19325 rss: 327Mb L: 29/4771 MS: 1 EraseBytes-
#174542	REDUCE cov: 188 ft: 894 corp: 236/156Kb lim: 4869 exec/s: 19393 rss: 327Mb L: 51/4771 MS: 2 ChangeASCIIInt-EraseBytes-
#174559	REDUCE cov: 188 ft: 894 corp: 236/156Kb lim: 4869 exec/s: 19395 rss: 327Mb L: 31/4771 MS: 2 PersAutoDict-EraseBytes- DE: "\377\377\377\373"-
#174875	REDUCE cov: 188 ft: 894 corp: 236/156Kb lim: 4869 exec/s: 19430 rss: 328Mb L: 118/4771 MS: 1 EraseBytes-
#175511	REDUCE cov: 188 ft: 894 corp: 236/156Kb lim: 4869 exec/s: 19501 rss: 328Mb L: 19/4771 MS: 1 EraseBytes-
#175643	REDUCE cov: 188 ft: 894 corp: 236/156Kb lim: 4869 exec/s: 19515 rss: 329Mb L: 164/4771 MS: 2 EraseBytes-PersAutoDict- DE: "\007\000\000\000\000\000\000\000"-
#175899	REDUCE cov: 188 ft: 894 corp: 236/156Kb lim: 4869 exec/s: 19544 rss: 329Mb L: 65/4771 MS: 1 EraseBytes-
#175913	NEW    cov: 188 ft: 895 corp: 237/156Kb lim: 4869 exec/s: 19545 rss: 329Mb L: 108/4771 MS: 4 ShuffleBytes-ChangeByte-InsertByte-InsertRepeatedBytes-
#176106	REDUCE cov: 188 ft: 895 corp: 237/156Kb lim: 4869 exec/s: 19567 rss: 329Mb L: 474/4771 MS: 3 ShuffleBytes-ChangeByte-EraseBytes-
#176374	REDUCE cov: 188 ft: 895 corp: 237/156Kb lim: 4869 exec/s: 19597 rss: 329Mb L: 80/4771 MS: 3 InsertByte-InsertByte-EraseBytes-
#176395	REDUCE cov: 188 ft: 895 corp: 237/156Kb lim: 4869 exec/s: 19599 rss: 330Mb L: 306/4771 MS: 1 EraseBytes-
#176482	REDUCE cov: 188 ft: 895 corp: 237/156Kb lim: 4869 exec/s: 19609 rss: 330Mb L: 123/4771 MS: 2 PersAutoDict-EraseBytes- DE: "\001\000\000\000\000\000\000\027"-
#176563	REDUCE cov: 188 ft: 895 corp: 237/156Kb lim: 4869 exec/s: 19618 rss: 330Mb L: 203/4771 MS: 1 EraseBytes-
#176564	REDUCE cov: 188 ft: 895 corp: 237/156Kb lim: 4869 exec/s: 19618 rss: 330Mb L: 6/4771 MS: 1 EraseBytes-
#176863	REDUCE cov: 188 ft: 895 corp: 237/156Kb lim: 4869 exec/s: 19651 rss: 330Mb L: 661/4771 MS: 4 CopyPart-ChangeByte-ShuffleBytes-EraseBytes-
#176971	REDUCE cov: 188 ft: 895 corp: 237/156Kb lim: 4869 exec/s: 19663 rss: 330Mb L: 220/4771 MS: 3 ChangeBit-ChangeASCIIInt-EraseBytes-
#177682	REDUCE cov: 188 ft: 895 corp: 237/156Kb lim: 4869 exec/s: 19742 rss: 331Mb L: 167/4771 MS: 1 EraseBytes-
#177748	REDUCE cov: 188 ft: 895 corp: 237/156Kb lim: 4869 exec/s: 19749 rss: 331Mb L: 25/4771 MS: 1 EraseBytes-
#177752	REDUCE cov: 188 ft: 895 corp: 237/156Kb lim: 4869 exec/s: 19750 rss: 331Mb L: 2083/4771 MS: 4 CrossOver-ChangeBit-ChangeBit-EraseBytes-
#178178	REDUCE cov: 188 ft: 895 corp: 237/156Kb lim: 4869 exec/s: 19797 rss: 332Mb L: 4561/4771 MS: 1 EraseBytes-
#178244	REDUCE cov: 188 ft: 895 corp: 237/156Kb lim: 4869 exec/s: 19804 rss: 332Mb L: 113/4771 MS: 1 EraseBytes-
#178605	REDUCE cov: 188 ft: 895 corp: 237/156Kb lim: 4869 exec/s: 19845 rss: 332Mb L: 231/4771 MS: 1 EraseBytes-
#178753	REDUCE cov: 188 ft: 895 corp: 237/156Kb lim: 4869 exec/s: 19861 rss: 332Mb L: 65/4771 MS: 3 PersAutoDict-PersAutoDict-EraseBytes- DE: ",5"-"\322\377\377\377"-
#178829	REDUCE cov: 188 ft: 895 corp: 237/156Kb lim: 4869 exec/s: 19869 rss: 332Mb L: 38/4771 MS: 1 EraseBytes-
#178980	REDUCE cov: 188 ft: 895 corp: 237/156Kb lim: 4869 exec/s: 19886 rss: 332Mb L: 202/4771 MS: 1 EraseBytes-
#179561	REDUCE cov: 188 ft: 895 corp: 237/156Kb lim: 4869 exec/s: 19951 rss: 333Mb L: 194/4771 MS: 1 EraseBytes-
#179642	REDUCE cov: 188 ft: 895 corp: 237/156Kb lim: 4869 exec/s: 19960 rss: 333Mb L: 161/4771 MS: 1 EraseBytes-
#179723	REDUCE cov: 188 ft: 895 corp: 237/156Kb lim: 4869 exec/s: 19969 rss: 333Mb L: 160/4771 MS: 1 EraseBytes-
#180505	REDUCE cov: 188 ft: 895 corp: 237/156Kb lim: 4869 exec/s: 20056 rss: 334Mb L: 81/4771 MS: 2 ChangeByte-EraseBytes-
#180758	REDUCE cov: 188 ft: 895 corp: 237/156Kb lim: 4869 exec/s: 20084 rss: 334Mb L: 507/4771 MS: 3 EraseBytes-ChangeASCIIInt-ChangeByte-
#181369	REDUCE cov: 188 ft: 895 corp: 237/156Kb lim: 4869 exec/s: 20152 rss: 335Mb L: 280/4771 MS: 1 EraseBytes-
#181516	REDUCE cov: 188 ft: 895 corp: 237/156Kb lim: 4869 exec/s: 20168 rss: 335Mb L: 18/4771 MS: 2 ShuffleBytes-EraseBytes-
#181783	REDUCE cov: 188 ft: 895 corp: 237/156Kb lim: 4869 exec/s: 20198 rss: 336Mb L: 103/4771 MS: 2 ChangeByte-EraseBytes-
#182079	REDUCE cov: 188 ft: 895 corp: 237/156Kb lim: 4869 exec/s: 20231 rss: 336Mb L: 48/4771 MS: 1 EraseBytes-
#182620	REDUCE cov: 188 ft: 895 corp: 237/155Kb lim: 4869 exec/s: 20291 rss: 337Mb L: 857/4771 MS: 1 EraseBytes-
#182913	REDUCE cov: 188 ft: 895 corp: 237/155Kb lim: 4869 exec/s: 20323 rss: 337Mb L: 252/4771 MS: 3 ChangeASCIIInt-ChangeBit-EraseBytes-
#183044	REDUCE cov: 188 ft: 895 corp: 237/155Kb lim: 4869 exec/s: 20338 rss: 337Mb L: 104/4771 MS: 1 EraseBytes-
#183058	REDUCE cov: 188 ft: 895 corp: 237/155Kb lim: 4869 exec/s: 20339 rss: 337Mb L: 340/4771 MS: 4 ChangeASCIIInt-PersAutoDict-ChangeASCIIInt-EraseBytes- DE: "hash\":"-
#183094	REDUCE cov: 188 ft: 895 corp: 237/155Kb lim: 4869 exec/s: 20343 rss: 337Mb L: 110/4771 MS: 1 EraseBytes-
#183217	REDUCE cov: 188 ft: 895 corp: 237/154Kb lim: 4869 exec/s: 20357 rss: 337Mb L: 1527/4771 MS: 3 ChangeByte-ChangeASCIIInt-EraseBytes-
#183488	REDUCE cov: 188 ft: 895 corp: 237/154Kb lim: 4869 exec/s: 20387 rss: 338Mb L: 49/4771 MS: 1 EraseBytes-
#183584	REDUCE cov: 188 ft: 895 corp: 237/154Kb lim: 4869 exec/s: 20398 rss: 338Mb L: 58/4771 MS: 1 EraseBytes-
#184282	REDUCE cov: 188 ft: 895 corp: 237/154Kb lim: 4869 exec/s: 20475 rss: 339Mb L: 376/4771 MS: 3 CopyPart-ShuffleBytes-EraseBytes-
#184683	REDUCE cov: 188 ft: 895 corp: 237/154Kb lim: 4869 exec/s: 20520 rss: 339Mb L: 170/4771 MS: 1 EraseBytes-
#184794	REDUCE cov: 188 ft: 895 corp: 237/154Kb lim: 4869 exec/s: 20532 rss: 339Mb L: 94/4771 MS: 1 EraseBytes-
#184795	REDUCE cov: 188 ft: 895 corp: 237/154Kb lim: 4869 exec/s: 20532 rss: 339Mb L: 99/4771 MS: 1 EraseBytes-
#184826	REDUCE cov: 188 ft: 895 corp: 237/154Kb lim: 4869 exec/s: 20536 rss: 339Mb L: 50/4771 MS: 1 EraseBytes-
#184978	REDUCE cov: 188 ft: 895 corp: 237/154Kb lim: 4869 exec/s: 20553 rss: 340Mb L: 248/4771 MS: 2 ChangeBinInt-EraseBytes-
#185143	REDUCE cov: 188 ft: 897 corp: 238/157Kb lim: 4869 exec/s: 20571 rss: 340Mb L: 3275/4771 MS: 5 CMP-EraseBytes-ChangeBit-CopyPart-EraseBytes- DE: "\317\260\006\323Im\000\000"-
#185685	REDUCE cov: 188 ft: 897 corp: 238/157Kb lim: 4869 exec/s: 20631 rss: 340Mb L: 30/4771 MS: 2 ChangeASCIIInt-EraseBytes-
#185866	REDUCE cov: 188 ft: 897 corp: 238/157Kb lim: 4869 exec/s: 20651 rss: 341Mb L: 1087/4771 MS: 1 EraseBytes-
#186682	REDUCE cov: 188 ft: 897 corp: 238/157Kb lim: 4869 exec/s: 20742 rss: 341Mb L: 236/4771 MS: 1 EraseBytes-
#186775	REDUCE cov: 188 ft: 897 corp: 238/157Kb lim: 4869 exec/s: 20752 rss: 342Mb L: 238/4771 MS: 3 ChangeByte-ChangeASCIIInt-EraseBytes-
#187161	REDUCE cov: 188 ft: 897 corp: 238/157Kb lim: 4869 exec/s: 20795 rss: 342Mb L: 47/4771 MS: 1 CrossOver-
#187387	REDUCE cov: 188 ft: 897 corp: 238/157Kb lim: 4869 exec/s: 20820 rss: 342Mb L: 56/4771 MS: 1 EraseBytes-
#187404	REDUCE cov: 188 ft: 897 corp: 238/157Kb lim: 4869 exec/s: 20822 rss: 342Mb L: 76/4771 MS: 2 ChangeASCIIInt-EraseBytes-
#187485	REDUCE cov: 188 ft: 897 corp: 238/157Kb lim: 4869 exec/s: 20831 rss: 342Mb L: 371/4771 MS: 1 EraseBytes-
#187551	REDUCE cov: 188 ft: 897 corp: 238/157Kb lim: 4869 exec/s: 20839 rss: 343Mb L: 218/4771 MS: 1 EraseBytes-
#187722	REDUCE cov: 188 ft: 897 corp: 238/157Kb lim: 4869 exec/s: 20858 rss: 343Mb L: 2214/4771 MS: 1 EraseBytes-
#187859	REDUCE cov: 188 ft: 897 corp: 238/157Kb lim: 4869 exec/s: 20873 rss: 343Mb L: 173/4771 MS: 2 ShuffleBytes-EraseBytes-
#187914	REDUCE cov: 188 ft: 897 corp: 238/157Kb lim: 4869 exec/s: 20879 rss: 343Mb L: 835/4771 MS: 5 EraseBytes-ChangeBinInt-ChangeASCIIInt-CopyPart-ChangeBit-
#188205	REDUCE cov: 188 ft: 897 corp: 238/157Kb lim: 4869 exec/s: 20911 rss: 343Mb L: 90/4771 MS: 1 EraseBytes-
#188207	REDUCE cov: 188 ft: 897 corp: 238/157Kb lim: 4869 exec/s: 20911 rss: 343Mb L: 39/4771 MS: 2 InsertByte-EraseBytes-
#188383	REDUCE cov: 188 ft: 897 corp: 238/157Kb lim: 4869 exec/s: 20931 rss: 344Mb L: 283/4771 MS: 1 EraseBytes-
#188795	REDUCE cov: 188 ft: 897 corp: 238/157Kb lim: 4869 exec/s: 20977 rss: 344Mb L: 202/4771 MS: 2 ShuffleBytes-EraseBytes-
#188876	REDUCE cov: 188 ft: 897 corp: 238/157Kb lim: 4869 exec/s: 20986 rss: 344Mb L: 236/4771 MS: 1 EraseBytes-
#188931	REDUCE cov: 188 ft: 897 corp: 238/157Kb lim: 4869 exec/s: 20992 rss: 344Mb L: 216/4771 MS: 5 ChangeBit-ChangeASCIIInt-ChangeByte-CMP-EraseBytes- DE: "\001\000\000\000"-
#189074	REDUCE cov: 188 ft: 897 corp: 238/157Kb lim: 4869 exec/s: 21008 rss: 345Mb L: 71/4771 MS: 3 InsertByte-ChangeASCIIInt-EraseBytes-
#189483	REDUCE cov: 188 ft: 897 corp: 238/156Kb lim: 4869 exec/s: 21053 rss: 345Mb L: 143/4771 MS: 4 ChangeBit-ChangeBinInt-PersAutoDict-EraseBytes- DE: "\262\027\011\323\251n\000\000"-
#189791	REDUCE cov: 188 ft: 897 corp: 238/156Kb lim: 4869 exec/s: 21087 rss: 345Mb L: 4/4771 MS: 3 ChangeBit-ChangeBinInt-EraseBytes-
#190237	REDUCE cov: 188 ft: 897 corp: 238/156Kb lim: 4869 exec/s: 21137 rss: 346Mb L: 161/4771 MS: 1 EraseBytes-
#190813	REDUCE cov: 188 ft: 897 corp: 238/156Kb lim: 4869 exec/s: 21201 rss: 347Mb L: 240/4771 MS: 1 EraseBytes-
#190879	REDUCE cov: 188 ft: 897 corp: 238/156Kb lim: 4869 exec/s: 21208 rss: 347Mb L: 168/4771 MS: 1 EraseBytes-
#191131	REDUCE cov: 188 ft: 897 corp: 238/156Kb lim: 4869 exec/s: 21236 rss: 347Mb L: 252/4771 MS: 2 PersAutoDict-EraseBytes- DE: "sz"-
#191247	REDUCE cov: 188 ft: 897 corp: 238/156Kb lim: 4869 exec/s: 21249 rss: 347Mb L: 66/4771 MS: 1 EraseBytes-
#191288	REDUCE cov: 188 ft: 897 corp: 238/156Kb lim: 4869 exec/s: 21254 rss: 347Mb L: 79/4771 MS: 1 EraseBytes-
#191420	REDUCE cov: 188 ft: 897 corp: 238/156Kb lim: 4869 exec/s: 21268 rss: 347Mb L: 63/4771 MS: 2 CopyPart-EraseBytes-
#191541	REDUCE cov: 188 ft: 897 corp: 238/156Kb lim: 4869 exec/s: 21282 rss: 347Mb L: 895/4771 MS: 1 EraseBytes-
#191597	REDUCE cov: 188 ft: 897 corp: 238/156Kb lim: 4869 exec/s: 21288 rss: 347Mb L: 99/4771 MS: 1 EraseBytes-
#192404	REDUCE cov: 188 ft: 897 corp: 238/156Kb lim: 4869 exec/s: 21378 rss: 348Mb L: 16/4771 MS: 2 PersAutoDict-EraseBytes- DE: "\000\000\000\000\000\000\000\000"-
#192555	REDUCE cov: 188 ft: 897 corp: 238/156Kb lim: 4869 exec/s: 21395 rss: 348Mb L: 148/4771 MS: 1 EraseBytes-
#193021	REDUCE cov: 188 ft: 897 corp: 238/156Kb lim: 4869 exec/s: 19302 rss: 349Mb L: 92/4771 MS: 1 EraseBytes-
#193518	REDUCE cov: 188 ft: 897 corp: 238/156Kb lim: 4869 exec/s: 19351 rss: 350Mb L: 175/4771 MS: 2 CopyPart-EraseBytes-
#193959	REDUCE cov: 188 ft: 897 corp: 238/156Kb lim: 4869 exec/s: 19395 rss: 350Mb L: 51/4771 MS: 1 EraseBytes-
#194028	REDUCE cov: 188 ft: 897 corp: 238/156Kb lim: 4869 exec/s: 19402 rss: 350Mb L: 58/4771 MS: 4 ShuffleBytes-InsertByte-ChangeASCIIInt-EraseBytes-
#194119	REDUCE cov: 188 ft: 897 corp: 238/156Kb lim: 4869 exec/s: 19411 rss: 350Mb L: 64/4771 MS: 1 EraseBytes-
#194296	REDUCE cov: 188 ft: 897 corp: 238/156Kb lim: 4869 exec/s: 19429 rss: 351Mb L: 9/4771 MS: 2 ChangeASCIIInt-EraseBytes-
#194362	REDUCE cov: 188 ft: 897 corp: 238/156Kb lim: 4869 exec/s: 19436 rss: 351Mb L: 97/4771 MS: 1 EraseBytes-
#194408	REDUCE cov: 188 ft: 897 corp: 238/156Kb lim: 4869 exec/s: 19440 rss: 351Mb L: 98/4771 MS: 1 EraseBytes-
#194716	REDUCE cov: 188 ft: 897 corp: 238/156Kb lim: 4869 exec/s: 19471 rss: 351Mb L: 207/4771 MS: 3 ChangeASCIIInt-CMP-EraseBytes- DE: "tid"-
#194833	REDUCE cov: 188 ft: 897 corp: 238/156Kb lim: 4869 exec/s: 19483 rss: 351Mb L: 173/4771 MS: 2 InsertRepeatedBytes-EraseBytes-
#194919	REDUCE cov: 188 ft: 897 corp: 238/156Kb lim: 4869 exec/s: 19491 rss: 351Mb L: 246/4771 MS: 1 CrossOver-
#195120	REDUCE cov: 188 ft: 897 corp: 238/156Kb lim: 4869 exec/s: 19512 rss: 351Mb L: 240/4771 MS: 1 EraseBytes-
#195472	REDUCE cov: 188 ft: 897 corp: 238/156Kb lim: 4869 exec/s: 19547 rss: 354Mb L: 127/4771 MS: 1 EraseBytes-
#195569	REDUCE cov: 188 ft: 897 corp: 238/156Kb lim: 4869 exec/s: 19556 rss: 354Mb L: 104/4771 MS: 2 ChangeBinInt-EraseBytes-
#196090	REDUCE cov: 188 ft: 897 corp: 238/156Kb lim: 4869 exec/s: 19609 rss: 354Mb L: 138/4771 MS: 1 EraseBytes-
#196136	REDUCE cov: 188 ft: 897 corp: 238/156Kb lim: 4869 exec/s: 19613 rss: 354Mb L: 362/4771 MS: 1 EraseBytes-
#196213	REDUCE cov: 188 ft: 897 corp: 238/156Kb lim: 4869 exec/s: 19621 rss: 354Mb L: 160/4771 MS: 2 InsertByte-EraseBytes-
#196354	REDUCE cov: 188 ft: 897 corp: 238/156Kb lim: 4869 exec/s: 19635 rss: 355Mb L: 102/4771 MS: 1 EraseBytes-
#196366	REDUCE cov: 188 ft: 897 corp: 238/156Kb lim: 4869 exec/s: 19636 rss: 355Mb L: 115/4771 MS: 2 ChangeASCIIInt-EraseBytes-
#196452	REDUCE cov: 188 ft: 897 corp: 238/156Kb lim: 4869 exec/s: 19645 rss: 355Mb L: 55/4771 MS: 1 EraseBytes-
#196613	REDUCE cov: 188 ft: 897 corp: 238/156Kb lim: 4869 exec/s: 19661 rss: 355Mb L: 156/4771 MS: 1 EraseBytes-
#197319	REDUCE cov: 188 ft: 897 corp: 238/156Kb lim: 4869 exec/s: 19731 rss: 356Mb L: 272/4771 MS: 1 EraseBytes-
#197356	REDUCE cov: 188 ft: 897 corp: 238/156Kb lim: 4869 exec/s: 19735 rss: 356Mb L: 162/4771 MS: 2 CMP-EraseBytes- DE: "\000\000\000\010"-
#197617	REDUCE cov: 188 ft: 897 corp: 238/156Kb lim: 4869 exec/s: 19761 rss: 356Mb L: 37/4771 MS: 1 EraseBytes-
#197949	REDUCE cov: 188 ft: 897 corp: 238/156Kb lim: 4869 exec/s: 19794 rss: 357Mb L: 267/4771 MS: 2 CopyPart-EraseBytes-
#198035	REDUCE cov: 188 ft: 897 corp: 238/156Kb lim: 4869 exec/s: 19803 rss: 357Mb L: 145/4771 MS: 1 EraseBytes-
#198441	REDUCE cov: 188 ft: 897 corp: 238/156Kb lim: 4869 exec/s: 19844 rss: 357Mb L: 153/4771 MS: 1 EraseBytes-
#198738	REDUCE cov: 188 ft: 897 corp: 238/156Kb lim: 4869 exec/s: 19873 rss: 358Mb L: 630/4771 MS: 2 InsertByte-EraseBytes-
#198999	REDUCE cov: 188 ft: 897 corp: 238/156Kb lim: 4869 exec/s: 19899 rss: 358Mb L: 882/4771 MS: 1 EraseBytes-
#199405	REDUCE cov: 188 ft: 897 corp: 238/156Kb lim: 4869 exec/s: 19940 rss: 358Mb L: 3938/4771 MS: 1 EraseBytes-
#199987	REDUCE cov: 188 ft: 897 corp: 238/156Kb lim: 4869 exec/s: 19998 rss: 359Mb L: 119/4771 MS: 2 CopyPart-EraseBytes-
#200118	REDUCE cov: 188 ft: 897 corp: 238/156Kb lim: 4869 exec/s: 20011 rss: 359Mb L: 147/4771 MS: 1 EraseBytes-
#200135	REDUCE cov: 188 ft: 897 corp: 238/155Kb lim: 4869 exec/s: 20013 rss: 359Mb L: 398/4771 MS: 2 ChangeASCIIInt-EraseBytes-
#200761	REDUCE cov: 188 ft: 897 corp: 238/155Kb lim: 4869 exec/s: 20076 rss: 360Mb L: 104/4771 MS: 1 EraseBytes-
#201358	REDUCE cov: 188 ft: 897 corp: 238/155Kb lim: 4869 exec/s: 20135 rss: 361Mb L: 25/4771 MS: 2 InsertByte-EraseBytes-
#202064	REDUCE cov: 188 ft: 897 corp: 238/155Kb lim: 4869 exec/s: 20206 rss: 361Mb L: 125/4771 MS: 1 EraseBytes-
#202098	REDUCE cov: 188 ft: 897 corp: 238/155Kb lim: 4869 exec/s: 20209 rss: 362Mb L: 745/4771 MS: 4 ShuffleBytes-ChangeASCIIInt-ShuffleBytes-EraseBytes-
#202170	REDUCE cov: 188 ft: 897 corp: 238/155Kb lim: 4869 exec/s: 20217 rss: 362Mb L: 69/4771 MS: 2 ChangeBit-EraseBytes-
#202407	REDUCE cov: 188 ft: 897 corp: 238/155Kb lim: 4869 exec/s: 20240 rss: 362Mb L: 82/4771 MS: 2 ChangeBinInt-EraseBytes-
#202980	REDUCE cov: 188 ft: 897 corp: 238/155Kb lim: 4869 exec/s: 20298 rss: 363Mb L: 593/4771 MS: 3 ChangeBinInt-ChangeASCIIInt-EraseBytes-
#203237	REDUCE cov: 188 ft: 897 corp: 238/155Kb lim: 4869 exec/s: 20323 rss: 363Mb L: 61/4771 MS: 2 ShuffleBytes-EraseBytes-
#203338	REDUCE cov: 188 ft: 897 corp: 238/155Kb lim: 4869 exec/s: 20333 rss: 363Mb L: 147/4771 MS: 1 EraseBytes-
#203494	REDUCE cov: 188 ft: 897 corp: 238/155Kb lim: 4869 exec/s: 20349 rss: 363Mb L: 37/4771 MS: 1 EraseBytes-
#203545	REDUCE cov: 188 ft: 897 corp: 238/155Kb lim: 4869 exec/s: 20354 rss: 363Mb L: 55/4771 MS: 1 EraseBytes-
#203782	REDUCE cov: 188 ft: 897 corp: 238/155Kb lim: 4869 exec/s: 20378 rss: 363Mb L: 1856/4771 MS: 2 ChangeASCIIInt-EraseBytes-
#203829	REDUCE cov: 188 ft: 897 corp: 238/155Kb lim: 4869 exec/s: 20382 rss: 363Mb L: 83/4771 MS: 2 CMP-EraseBytes- DE: "\001\000\000\003"-
#204218	REDUCE cov: 188 ft: 897 corp: 238/155Kb lim: 4869 exec/s: 20421 rss: 364Mb L: 56/4771 MS: 4 EraseBytes-ChangeASCIIInt-InsertByte-PersAutoDict- DE: "side\":"-
#204479	REDUCE cov: 188 ft: 897 corp: 238/155Kb lim: 4869 exec/s: 20447 rss: 364Mb L: 118/4771 MS: 1 EraseBytes-
#204702	REDUCE cov: 188 ft: 897 corp: 238/155Kb lim: 4869 exec/s: 20470 rss: 364Mb L: 309/4771 MS: 3 ChangeBinInt-ChangeByte-EraseBytes-
#205355	REDUCE cov: 188 ft: 897 corp: 238/155Kb lim: 4869 exec/s: 20535 rss: 365Mb L: 64/4771 MS: 3 CMP-CrossOver-EraseBytes- DE: "\337u\355\3239n\000\000"-
#205596	REDUCE cov: 188 ft: 897 corp: 238/155Kb lim: 4869 exec/s: 20559 rss: 365Mb L: 60/4771 MS: 1 EraseBytes-
#205647	REDUCE cov: 188 ft: 897 corp: 238/155Kb lim: 4869 exec/s: 20564 rss: 365Mb L: 34/4771 MS: 1 EraseBytes-
#205963	REDUCE cov: 188 ft: 897 corp: 238/155Kb lim: 4869 exec/s: 20596 rss: 366Mb L: 156/4771 MS: 1 EraseBytes-
#205987	REDUCE cov: 188 ft: 897 corp: 238/155Kb lim: 4869 exec/s: 20598 rss: 366Mb L: 175/4771 MS: 4 ShuffleBytes-ChangeBit-ChangeASCIIInt-EraseBytes-
#206184	REDUCE cov: 188 ft: 897 corp: 238/155Kb lim: 4869 exec/s: 20618 rss: 366Mb L: 124/4771 MS: 2 PersAutoDict-EraseBytes- DE: "\377\377mi\323@\363/"-
#206345	REDUCE cov: 188 ft: 897 corp: 238/155Kb lim: 4869 exec/s: 20634 rss: 366Mb L: 190/4771 MS: 1 EraseBytes-
#206762	REDUCE cov: 188 ft: 897 corp: 238/155Kb lim: 4869 exec/s: 20676 rss: 367Mb L: 180/4771 MS: 2 ChangeASCIIInt-EraseBytes-
#207238	REDUCE cov: 188 ft: 897 corp: 238/155Kb lim: 4869 exec/s: 20723 rss: 367Mb L: 584/4771 MS: 1 EraseBytes-
#207434	REDUCE cov: 188 ft: 897 corp: 238/155Kb lim: 4869 exec/s: 20743 rss: 368Mb L: 163/4771 MS: 1 EraseBytes-
#207970	REDUCE cov: 188 ft: 897 corp: 238/155Kb lim: 4869 exec/s: 20797 rss: 368Mb L: 179/4771 MS: 1 EraseBytes-
#207976	REDUCE cov: 188 ft: 897 corp: 238/155Kb lim: 4869 exec/s: 20797 rss: 368Mb L: 187/4771 MS: 1 EraseBytes-
#208249	REDUCE cov: 188 ft: 897 corp: 238/155Kb lim: 4869 exec/s: 20824 rss: 369Mb L: 93/4771 MS: 3 ShuffleBytes-ChangeASCIIInt-EraseBytes-
#208438	REDUCE cov: 188 ft: 897 corp: 238/155Kb lim: 4869 exec/s: 20843 rss: 369Mb L: 483/4771 MS: 4 PersAutoDict-CMP-ChangeByte-EraseBytes- DE: "\377\377m9\3230\314\343"-"\000\000n9\323\356\332\245"-
#208520	REDUCE cov: 188 ft: 897 corp: 238/155Kb lim: 4869 exec/s: 20852 rss: 369Mb L: 39/4771 MS: 2 InsertByte-EraseBytes-
#208735	REDUCE cov: 188 ft: 897 corp: 238/155Kb lim: 4869 exec/s: 20873 rss: 369Mb L: 260/4771 MS: 5 InsertByte-ChangeBinInt-CopyPart-CopyPart-EraseBytes-
#208876	REDUCE cov: 188 ft: 897 corp: 238/155Kb lim: 4869 exec/s: 20887 rss: 369Mb L: 1279/4771 MS: 1 EraseBytes-
#208892	REDUCE cov: 188 ft: 897 corp: 238/155Kb lim: 4869 exec/s: 20889 rss: 369Mb L: 46/4771 MS: 1 EraseBytes-
#209200	REDUCE cov: 188 ft: 897 corp: 238/154Kb lim: 4869 exec/s: 20920 rss: 370Mb L: 611/4771 MS: 3 ChangeByte-PersAutoDict-EraseBytes- DE: "\377\377m\031\323&D@"-
#209996	REDUCE cov: 188 ft: 897 corp: 238/154Kb lim: 4869 exec/s: 20999 rss: 371Mb L: 215/4771 MS: 1 EraseBytes-
#210412	REDUCE cov: 188 ft: 897 corp: 238/154Kb lim: 4869 exec/s: 21041 rss: 371Mb L: 49/4771 MS: 1 EraseBytes-
#210496	REDUCE cov: 188 ft: 897 corp: 238/154Kb lim: 4869 exec/s: 21049 rss: 371Mb L: 145/4771 MS: 4 ChangeByte-ChangeBinInt-ChangeASCIIInt-EraseBytes-
#210538	REDUCE cov: 188 ft: 897 corp: 238/154Kb lim: 4869 exec/s: 21053 rss: 371Mb L: 144/4771 MS: 2 InsertByte-EraseBytes-
#210873	REDUCE cov: 188 ft: 897 corp: 238/154Kb lim: 4869 exec/s: 21087 rss: 372Mb L: 177/4771 MS: 5 ShuffleBytes-PersAutoDict-CopyPart-InsertRepeatedBytes-EraseBytes- DE: "\000\003"-
#211089	REDUCE cov: 188 ft: 897 corp: 238/154Kb lim: 4869 exec/s: 21108 rss: 372Mb L: 114/4771 MS: 1 EraseBytes-
#212391	REDUCE cov: 188 ft: 897 corp: 238/154Kb lim: 4869 exec/s: 21239 rss: 373Mb L: 101/4771 MS: 2 ChangeByte-EraseBytes-
#213227	REDUCE cov: 188 ft: 897 corp: 238/154Kb lim: 4869 exec/s: 21322 rss: 374Mb L: 141/4771 MS: 1 EraseBytes-
#213323	REDUCE cov: 188 ft: 897 corp: 238/154Kb lim: 4869 exec/s: 21332 rss: 374Mb L: 216/4771 MS: 1 EraseBytes-
#213565	REDUCE cov: 188 ft: 897 corp: 238/154Kb lim: 4869 exec/s: 21356 rss: 374Mb L: 137/4771 MS: 2 PersAutoDict-EraseBytes- DE: "\013\000\000\000\000\000\000\000"-
#213834	REDUCE cov: 188 ft: 897 corp: 238/154Kb lim: 4869 exec/s: 21383 rss: 375Mb L: 249/4771 MS: 4 ChangeBit-InsertRepeatedBytes-PersAutoDict-EraseBytes- DE: "\234\206\003\323\271n\000\000"-
#214578	REDUCE cov: 188 ft: 897 corp: 238/154Kb lim: 4869 exec/s: 21457 rss: 375Mb L: 81/4771 MS: 4 ChangeByte-ChangeByte-ShuffleBytes-EraseBytes-
#214795	REDUCE cov: 188 ft: 900 corp: 239/154Kb lim: 4869 exec/s: 21479 rss: 376Mb L: 136/4771 MS: 2 ChangeByte-EraseBytes-
#215407	REDUCE cov: 188 ft: 900 corp: 239/154Kb lim: 4869 exec/s: 21540 rss: 376Mb L: 3091/4771 MS: 2 InsertByte-EraseBytes-
#215869	REDUCE cov: 188 ft: 900 corp: 239/154Kb lim: 4869 exec/s: 21586 rss: 377Mb L: 197/4771 MS: 2 CopyPart-EraseBytes-
#215905	REDUCE cov: 188 ft: 900 corp: 239/154Kb lim: 4869 exec/s: 21590 rss: 377Mb L: 250/4771 MS: 1 EraseBytes-
#216561	REDUCE cov: 188 ft: 900 corp: 239/154Kb lim: 4869 exec/s: 19687 rss: 377Mb L: 291/4771 MS: 1 EraseBytes-
#216567	REDUCE cov: 188 ft: 900 corp: 239/154Kb lim: 4869 exec/s: 19687 rss: 377Mb L: 198/4771 MS: 1 EraseBytes-
#216797	REDUCE cov: 188 ft: 900 corp: 239/154Kb lim: 4869 exec/s: 19708 rss: 378Mb L: 300/4771 MS: 5 InsertByte-EraseBytes-CrossOver-InsertRepeatedBytes-ChangeBit-
#216824	REDUCE cov: 188 ft: 900 corp: 239/154Kb lim: 4869 exec/s: 19711 rss: 378Mb L: 223/4771 MS: 2 ChangeBinInt-EraseBytes-
#217231	REDUCE cov: 188 ft: 900 corp: 239/154Kb lim: 4869 exec/s: 19748 rss: 378Mb L: 95/4771 MS: 2 ShuffleBytes-EraseBytes-
#217793	REDUCE cov: 188 ft: 900 corp: 239/154Kb lim: 4869 exec/s: 19799 rss: 379Mb L: 169/4771 MS: 2 ChangeBit-EraseBytes-
#218069	REDUCE cov: 188 ft: 900 corp: 239/154Kb lim: 4869 exec/s: 19824 rss: 379Mb L: 241/4771 MS: 1 EraseBytes-
#218241	REDUCE cov: 188 ft: 900 corp: 239/154Kb lim: 4869 exec/s: 19840 rss: 379Mb L: 39/4771 MS: 2 ChangeASCIIInt-EraseBytes-
#218387	REDUCE cov: 188 ft: 900 corp: 239/154Kb lim: 4869 exec/s: 19853 rss: 379Mb L: 626/4771 MS: 1 EraseBytes-
#218593	REDUCE cov: 188 ft: 900 corp: 239/154Kb lim: 4869 exec/s: 19872 rss: 379Mb L: 80/4771 MS: 1 EraseBytes-
#218710	REDUCE cov: 188 ft: 900 corp: 239/154Kb lim: 4869 exec/s: 19882 rss: 380Mb L: 96/4771 MS: 2 ChangeBit-EraseBytes-
#218887	REDUCE cov: 188 ft: 900 corp: 239/154Kb lim: 4869 exec/s: 19898 rss: 380Mb L: 92/4771 MS: 2 ChangeASCIIInt-EraseBytes-
#219529	REDUCE cov: 188 ft: 900 corp: 239/154Kb lim: 4869 exec/s: 19957 rss: 382Mb L: 588/4771 MS: 2 ChangeBit-EraseBytes-
#219737	REDUCE cov: 188 ft: 900 corp: 239/154Kb lim: 4869 exec/s: 19976 rss: 382Mb L: 81/4771 MS: 3 CrossOver-ChangeByte-EraseBytes-
#219809	REDUCE cov: 188 ft: 900 corp: 239/154Kb lim: 4869 exec/s: 19982 rss: 382Mb L: 243/4771 MS: 2 ChangeASCIIInt-EraseBytes-
#219967	REDUCE cov: 188 ft: 900 corp: 239/154Kb lim: 4869 exec/s: 19997 rss: 382Mb L: 50/4771 MS: 3 ChangeASCIIInt-ChangeASCIIInt-EraseBytes-
#220396	REDUCE cov: 188 ft: 900 corp: 239/154Kb lim: 4869 exec/s: 20036 rss: 383Mb L: 159/4771 MS: 4 ChangeBit-EraseBytes-EraseBytes-ChangeBit-
#220412	REDUCE cov: 188 ft: 900 corp: 239/154Kb lim: 4869 exec/s: 20037 rss: 383Mb L: 224/4771 MS: 1 EraseBytes-
#220469	REDUCE cov: 188 ft: 900 corp: 239/154Kb lim: 4869 exec/s: 20042 rss: 383Mb L: 224/4771 MS: 2 InsertByte-EraseBytes-
#221030	REDUCE cov: 188 ft: 900 corp: 239/154Kb lim: 4869 exec/s: 20093 rss: 383Mb L: 7/4771 MS: 1 EraseBytes-
#221211	REDUCE cov: 188 ft: 900 corp: 239/154Kb lim: 4869 exec/s: 20110 rss: 384Mb L: 115/4771 MS: 1 EraseBytes-
#221402	REDUCE cov: 188 ft: 900 corp: 239/154Kb lim: 4869 exec/s: 20127 rss: 384Mb L: 179/4771 MS: 1 EraseBytes-
#222093	REDUCE cov: 188 ft: 900 corp: 239/154Kb lim: 4869 exec/s: 20190 rss: 384Mb L: 93/4771 MS: 1 EraseBytes-
#222174	REDUCE cov: 188 ft: 900 corp: 239/154Kb lim: 4869 exec/s: 20197 rss: 385Mb L: 43/4771 MS: 1 EraseBytes-
#222570	REDUCE cov: 188 ft: 900 corp: 239/154Kb lim: 4869 exec/s: 20233 rss: 385Mb L: 6/4771 MS: 1 EraseBytes-
#222641	REDUCE cov: 188 ft: 900 corp: 239/154Kb lim: 4869 exec/s: 20240 rss: 385Mb L: 184/4771 MS: 1 EraseBytes-
#223422	REDUCE cov: 188 ft: 900 corp: 239/154Kb lim: 4869 exec/s: 20311 rss: 386Mb L: 194/4771 MS: 1 EraseBytes-
#223713	REDUCE cov: 188 ft: 900 corp: 239/154Kb lim: 4869 exec/s: 20337 rss: 386Mb L: 245/4771 MS: 1 EraseBytes-
#223884	REDUCE cov: 188 ft: 900 corp: 239/154Kb lim: 4869 exec/s: 20353 rss: 386Mb L: 64/4771 MS: 1 EraseBytes-
#224615	REDUCE cov: 188 ft: 900 corp: 239/154Kb lim: 4869 exec/s: 20419 rss: 386Mb L: 173/4771 MS: 1 EraseBytes-
#224789	REDUCE cov: 188 ft: 900 corp: 239/154Kb lim: 4869 exec/s: 20435 rss: 386Mb L: 211/4771 MS: 4 ChangeBinInt-CMP-ShuffleBytes-EraseBytes- DE: "\374\377\377\377"-
#224980	REDUCE cov: 188 ft: 900 corp: 239/154Kb lim: 4869 exec/s: 20452 rss: 386Mb L: 77/4771 MS: 1 EraseBytes-
#224983	REDUCE cov: 188 ft: 900 corp: 239/153Kb lim: 4869 exec/s: 20453 rss: 386Mb L: 1795/4771 MS: 3 CMP-InsertRepeatedBytes-EraseBytes- DE: "side"-
#225220	REDUCE cov: 188 ft: 900 corp: 239/153Kb lim: 4869 exec/s: 20474 rss: 386Mb L: 778/4771 MS: 2 InsertByte-EraseBytes-
#225526	REDUCE cov: 188 ft: 900 corp: 239/153Kb lim: 4869 exec/s: 20502 rss: 386Mb L: 234/4771 MS: 1 EraseBytes-
#225882	REDUCE cov: 188 ft: 900 corp: 239/153Kb lim: 4869 exec/s: 20534 rss: 386Mb L: 60/4771 MS: 1 EraseBytes-
#225938	REDUCE cov: 188 ft: 900 corp: 239/153Kb lim: 4869 exec/s: 20539 rss: 386Mb L: 75/4771 MS: 1 EraseBytes-
#226089	REDUCE cov: 188 ft: 900 corp: 239/153Kb lim: 4869 exec/s: 20553 rss: 386Mb L: 313/4771 MS: 1 EraseBytes-
#226431	REDUCE cov: 188 ft: 900 corp: 239/153Kb lim: 4869 exec/s: 20584 rss: 386Mb L: 1193/4771 MS: 2 InsertByte-EraseBytes-
#226487	REDUCE cov: 188 ft: 900 corp: 239/153Kb lim: 4869 exec/s: 20589 rss: 386Mb L: 86/4771 MS: 1 EraseBytes-
#226588	REDUCE cov: 188 ft: 900 corp: 239/153Kb lim: 4869 exec/s: 20598 rss: 386Mb L: 105/4771 MS: 1 EraseBytes-
#226749	REDUCE cov: 188 ft: 900 corp: 239/153Kb lim: 4869 exec/s: 20613 rss: 386Mb L: 1139/4771 MS: 1 EraseBytes-
#226841	REDUCE cov: 188 ft: 900 corp: 239/153Kb lim: 4869 exec/s: 20621 rss: 386Mb L: 75/4771 MS: 2 ChangeByte-EraseBytes-
#226842	REDUCE cov: 188 ft: 900 corp: 239/153Kb lim: 4869 exec/s: 20622 rss: 386Mb L: 270/4771 MS: 1 EraseBytes-
#226950	REDUCE cov: 188 ft: 900 corp: 239/153Kb lim: 4869 exec/s: 20631 rss: 386Mb L: 132/4771 MS: 3 CMP-PersAutoDict-EraseBytes- DE: "\000\000n\251\323@>\220"-"634"-
#226996	REDUCE cov: 188 ft: 900 corp: 239/153Kb lim: 4869 exec/s: 20636 rss: 386Mb L: 171/4771 MS: 1 EraseBytes-
#228662	REDUCE cov: 188 ft: 900 corp: 239/153Kb lim: 4869 exec/s: 20787 rss: 386Mb L: 164/4771 MS: 1 EraseBytes-
#229198	REDUCE cov: 188 ft: 900 corp: 239/153Kb lim: 4869 exec/s: 20836 rss: 386Mb L: 63/4771 MS: 1 EraseBytes-
#229469	REDUCE cov: 188 ft: 900 corp: 239/153Kb lim: 4869 exec/s: 20860 rss: 386Mb L: 183/4771 MS: 1 EraseBytes-
#230031	REDUCE cov: 188 ft: 900 corp: 239/153Kb lim: 4869 exec/s: 20911 rss: 386Mb L: 212/4771 MS: 2 ChangeASCIIInt-EraseBytes-
#230153	REDUCE cov: 188 ft: 900 corp: 239/153Kb lim: 4869 exec/s: 20923 rss: 386Mb L: 66/4771 MS: 2 ChangeASCIIInt-EraseBytes-
#230505	REDUCE cov: 188 ft: 900 corp: 239/153Kb lim: 4869 exec/s: 20955 rss: 386Mb L: 151/4771 MS: 2 CopyPart-EraseBytes-
#230806	REDUCE cov: 188 ft: 900 corp: 239/153Kb lim: 4869 exec/s: 20982 rss: 386Mb L: 182/4771 MS: 1 EraseBytes-
#231353	REDUCE cov: 188 ft: 900 corp: 239/153Kb lim: 4869 exec/s: 21032 rss: 386Mb L: 241/4771 MS: 2 CopyPart-EraseBytes-
#231374	REDUCE cov: 188 ft: 900 corp: 239/153Kb lim: 4869 exec/s: 21034 rss: 386Mb L: 131/4771 MS: 1 EraseBytes-
#231685	REDUCE cov: 188 ft: 900 corp: 239/153Kb lim: 4869 exec/s: 21062 rss: 386Mb L: 165/4771 MS: 1 EraseBytes-
#231772	REDUCE cov: 188 ft: 900 corp: 239/153Kb lim: 4869 exec/s: 21070 rss: 386Mb L: 184/4771 MS: 2 InsertByte-EraseBytes-
#232333	REDUCE cov: 188 ft: 900 corp: 239/153Kb lim: 4869 exec/s: 21121 rss: 386Mb L: 4557/4771 MS: 1 EraseBytes-
#233124	REDUCE cov: 188 ft: 900 corp: 239/153Kb lim: 4869 exec/s: 21193 rss: 386Mb L: 26/4771 MS: 1 EraseBytes-
#233140	REDUCE cov: 188 ft: 900 corp: 239/153Kb lim: 4869 exec/s: 21194 rss: 386Mb L: 216/4771 MS: 1 EraseBytes-
#233402	REDUCE cov: 188 ft: 900 corp: 239/153Kb lim: 4869 exec/s: 21218 rss: 386Mb L: 126/4771 MS: 2 ShuffleBytes-EraseBytes-
#233668	REDUCE cov: 188 ft: 900 corp: 239/153Kb lim: 4869 exec/s: 21242 rss: 386Mb L: 59/4771 MS: 1 EraseBytes-
#234270	REDUCE cov: 188 ft: 900 corp: 239/153Kb lim: 4869 exec/s: 21297 rss: 387Mb L: 261/4771 MS: 2 ChangeASCIIInt-EraseBytes-
#234271	REDUCE cov: 188 ft: 900 corp: 239/153Kb lim: 4869 exec/s: 21297 rss: 387Mb L: 35/4771 MS: 1 EraseBytes-
#234333	REDUCE cov: 188 ft: 900 corp: 239/153Kb lim: 4869 exec/s: 21303 rss: 387Mb L: 236/4771 MS: 2 PersAutoDict-EraseBytes- DE: "\253\3227\323\371m\000\000"-
#234819	REDUCE cov: 188 ft: 900 corp: 239/153Kb lim: 4869 exec/s: 21347 rss: 387Mb L: 94/4771 MS: 1 EraseBytes-
#235040	REDUCE cov: 188 ft: 900 corp: 239/153Kb lim: 4869 exec/s: 21367 rss: 387Mb L: 227/4771 MS: 1 EraseBytes-
#235072	REDUCE cov: 188 ft: 900 corp: 239/153Kb lim: 4869 exec/s: 21370 rss: 387Mb L: 7/4771 MS: 2 ChangeASCIIInt-EraseBytes-
#235329	REDUCE cov: 188 ft: 900 corp: 239/153Kb lim: 4869 exec/s: 21393 rss: 387Mb L: 166/4771 MS: 2 ChangeByte-EraseBytes-
#236180	REDUCE cov: 188 ft: 900 corp: 239/152Kb lim: 4869 exec/s: 21470 rss: 387Mb L: 3879/4771 MS: 1 EraseBytes-
#236726	REDUCE cov: 188 ft: 900 corp: 239/152Kb lim: 4869 exec/s: 21520 rss: 387Mb L: 162/4771 MS: 1 EraseBytes-
#237262	REDUCE cov: 188 ft: 900 corp: 239/152Kb lim: 4869 exec/s: 21569 rss: 387Mb L: 256/4771 MS: 1 EraseBytes-
#237723	REDUCE cov: 188 ft: 900 corp: 239/152Kb lim: 4869 exec/s: 21611 rss: 387Mb L: 323/4771 MS: 1 EraseBytes-
#238137	REDUCE cov: 188 ft: 900 corp: 239/152Kb lim: 4869 exec/s: 21648 rss: 387Mb L: 188/4771 MS: 4 ChangeByte-ChangeByte-ChangeASCIIInt-EraseBytes-
#238253	REDUCE cov: 188 ft: 900 corp: 239/152Kb lim: 4869 exec/s: 21659 rss: 387Mb L: 14/4771 MS: 1 EraseBytes-
#238291	REDUCE cov: 188 ft: 900 corp: 239/152Kb lim: 4869 exec/s: 21662 rss: 387Mb L: 2119/4771 MS: 3 ShuffleBytes-ChangeBit-EraseBytes-
#238365	REDUCE cov: 188 ft: 900 corp: 239/152Kb lim: 4869 exec/s: 21669 rss: 387Mb L: 217/4771 MS: 4 CopyPart-ChangeASCIIInt-PersAutoDict-EraseBytes- DE: "\000\000m\371\323\"@D"-
#238437	REDUCE cov: 188 ft: 900 corp: 239/152Kb lim: 4869 exec/s: 21676 rss: 387Mb L: 89/4771 MS: 2 ChangeASCIIInt-EraseBytes-
#238526	REDUCE cov: 188 ft: 900 corp: 239/152Kb lim: 4869 exec/s: 21684 rss: 387Mb L: 123/4771 MS: 4 InsertByte-ChangeASCIIInt-ShuffleBytes-EraseBytes-
#239048	REDUCE cov: 188 ft: 900 corp: 239/152Kb lim: 4869 exec/s: 21731 rss: 387Mb L: 308/4771 MS: 2 PersAutoDict-EraseBytes- DE: "\317\260\006\323Im\000\000"-
#239144	REDUCE cov: 188 ft: 900 corp: 239/152Kb lim: 4869 exec/s: 21740 rss: 387Mb L: 182/4771 MS: 1 EraseBytes-
#239283	REDUCE cov: 188 ft: 900 corp: 239/151Kb lim: 4869 exec/s: 21753 rss: 387Mb L: 1309/4771 MS: 4 ChangeBit-CrossOver-EraseBytes-ChangeByte-
#239650	REDUCE cov: 188 ft: 900 corp: 239/151Kb lim: 4869 exec/s: 21786 rss: 387Mb L: 221/4771 MS: 2 ChangeByte-EraseBytes-
#239794	REDUCE cov: 188 ft: 900 corp: 239/151Kb lim: 4869 exec/s: 21799 rss: 387Mb L: 133/4771 MS: 4 ChangeByte-ChangeBit-InsertRepeatedBytes-EraseBytes-
#239907	REDUCE cov: 188 ft: 900 corp: 239/151Kb lim: 4869 exec/s: 21809 rss: 387Mb L: 254/4771 MS: 3 ChangeByte-ChangeByte-EraseBytes-
#240078	REDUCE cov: 188 ft: 900 corp: 239/151Kb lim: 4869 exec/s: 21825 rss: 387Mb L: 200/4771 MS: 1 EraseBytes-
#240296	REDUCE cov: 188 ft: 900 corp: 239/151Kb lim: 4869 exec/s: 21845 rss: 387Mb L: 233/4771 MS: 3 ShuffleBytes-InsertByte-CrossOver-
#241559	REDUCE cov: 188 ft: 900 corp: 239/151Kb lim: 4869 exec/s: 21959 rss: 388Mb L: 115/4771 MS: 3 PersAutoDict-ChangeASCIIInt-EraseBytes- DE: "\376\377\377\367"-
#241811	REDUCE cov: 188 ft: 900 corp: 239/151Kb lim: 4869 exec/s: 21982 rss: 388Mb L: 12/4771 MS: 2 CopyPart-EraseBytes-
#241991	REDUCE cov: 188 ft: 900 corp: 239/151Kb lim: 4869 exec/s: 20165 rss: 388Mb L: 194/4771 MS: 5 ChangeBit-ShuffleBytes-ShuffleBytes-ChangeASCIIInt-EraseBytes-
#242843	REDUCE cov: 188 ft: 900 corp: 239/151Kb lim: 4869 exec/s: 20236 rss: 388Mb L: 172/4771 MS: 2 CMP-EraseBytes- DE: "\313\377\377\377"-
#243177	REDUCE cov: 188 ft: 900 corp: 239/151Kb lim: 4869 exec/s: 20264 rss: 388Mb L: 4373/4702 MS: 4 EraseBytes-ChangeASCIIInt-CopyPart-ChangeBinInt-
#243285	REDUCE cov: 188 ft: 900 corp: 239/151Kb lim: 4869 exec/s: 20273 rss: 388Mb L: 161/4702 MS: 3 ChangeBit-ShuffleBytes-EraseBytes-
#243417	REDUCE cov: 188 ft: 900 corp: 239/150Kb lim: 4869 exec/s: 20284 rss: 388Mb L: 378/4702 MS: 2 PersAutoDict-EraseBytes- DE: "\","-
#243589	REDUCE cov: 188 ft: 900 corp: 239/150Kb lim: 4869 exec/s: 20299 rss: 388Mb L: 744/4702 MS: 2 ChangeASCIIInt-EraseBytes-
#243699	REDUCE cov: 188 ft: 900 corp: 239/150Kb lim: 4869 exec/s: 20308 rss: 388Mb L: 3323/4702 MS: 5 InsertByte-ChangeByte-ChangeBit-ChangeBinInt-EraseBytes-
#243756	REDUCE cov: 188 ft: 900 corp: 239/150Kb lim: 4869 exec/s: 20313 rss: 388Mb L: 4626/4626 MS: 2 ChangeBit-EraseBytes-
#244196	REDUCE cov: 188 ft: 900 corp: 239/150Kb lim: 4869 exec/s: 20349 rss: 388Mb L: 47/4626 MS: 5 ShuffleBytes-ChangeByte-ChangeBit-ChangeASCIIInt-EraseBytes-
#244355	REDUCE cov: 188 ft: 900 corp: 239/150Kb lim: 4869 exec/s: 20362 rss: 388Mb L: 1667/4626 MS: 4 ChangeBit-ChangeByte-CrossOver-CrossOver-
#244668	REDUCE cov: 188 ft: 900 corp: 239/150Kb lim: 4869 exec/s: 20389 rss: 388Mb L: 3062/4626 MS: 3 ChangeBit-EraseBytes-CopyPart-
#244699	REDUCE cov: 188 ft: 900 corp: 239/150Kb lim: 4869 exec/s: 20391 rss: 388Mb L: 164/4626 MS: 1 EraseBytes-
#244790	REDUCE cov: 188 ft: 900 corp: 239/150Kb lim: 4869 exec/s: 20399 rss: 389Mb L: 35/4626 MS: 1 EraseBytes-
#245076	REDUCE cov: 188 ft: 900 corp: 239/150Kb lim: 4869 exec/s: 20423 rss: 389Mb L: 587/4626 MS: 1 EraseBytes-
#245163	REDUCE cov: 188 ft: 900 corp: 239/149Kb lim: 4869 exec/s: 20430 rss: 389Mb L: 2935/4626 MS: 2 CMP-EraseBytes- DE: "\001\000\000\000\000\000\000\004"-
#245281	REDUCE cov: 188 ft: 900 corp: 239/149Kb lim: 4869 exec/s: 20440 rss: 389Mb L: 68/4626 MS: 3 ChangeASCIIInt-ShuffleBytes-EraseBytes-
#245342	REDUCE cov: 188 ft: 900 corp: 239/149Kb lim: 4869 exec/s: 20445 rss: 389Mb L: 45/4626 MS: 1 EraseBytes-
#245668	REDUCE cov: 188 ft: 900 corp: 239/149Kb lim: 4869 exec/s: 20472 rss: 389Mb L: 178/4626 MS: 1 EraseBytes-
#246219	REDUCE cov: 188 ft: 900 corp: 239/149Kb lim: 4869 exec/s: 20518 rss: 389Mb L: 53/4626 MS: 1 EraseBytes-
#246421	REDUCE cov: 188 ft: 900 corp: 239/149Kb lim: 4869 exec/s: 20535 rss: 389Mb L: 196/4626 MS: 2 InsertByte-EraseBytes-
#246885	REDUCE cov: 188 ft: 900 corp: 239/149Kb lim: 4869 exec/s: 20573 rss: 389Mb L: 8/4626 MS: 4 EraseBytes-ChangeASCIIInt-ShuffleBytes-InsertByte-
#247138	REDUCE cov: 188 ft: 900 corp: 239/149Kb lim: 4869 exec/s: 20594 rss: 389Mb L: 143/4626 MS: 3 InsertByte-ChangeASCIIInt-EraseBytes-
#247204	REDUCE cov: 188 ft: 900 corp: 239/149Kb lim: 4869 exec/s: 20600 rss: 389Mb L: 112/4626 MS: 1 EraseBytes-
#247280	REDUCE cov: 188 ft: 900 corp: 239/149Kb lim: 4869 exec/s: 20606 rss: 389Mb L: 220/4626 MS: 1 EraseBytes-
#247326	REDUCE cov: 188 ft: 900 corp: 239/149Kb lim: 4869 exec/s: 20610 rss: 389Mb L: 56/4626 MS: 1 EraseBytes-
#247697	REDUCE cov: 188 ft: 900 corp: 239/149Kb lim: 4869 exec/s: 20641 rss: 389Mb L: 212/4626 MS: 1 EraseBytes-
#247846	REDUCE cov: 188 ft: 900 corp: 239/149Kb lim: 4869 exec/s: 20653 rss: 389Mb L: 130/4626 MS: 4 ChangeByte-CrossOver-ChangeByte-EraseBytes-
#248372	REDUCE cov: 188 ft: 900 corp: 239/149Kb lim: 4869 exec/s: 20697 rss: 390Mb L: 11/4626 MS: 1 EraseBytes-
#248383	REDUCE cov: 188 ft: 900 corp: 239/149Kb lim: 4869 exec/s: 20698 rss: 390Mb L: 36/4626 MS: 1 EraseBytes-
#248456	REDUCE cov: 188 ft: 900 corp: 239/149Kb lim: 4869 exec/s: 20704 rss: 390Mb L: 53/4626 MS: 3 ChangeByte-PersAutoDict-EraseBytes- DE: "sx"-
#249451	REDUCE cov: 188 ft: 900 corp: 239/149Kb lim: 4869 exec/s: 20787 rss: 390Mb L: 149/4626 MS: 5 PersAutoDict-ShuffleBytes-ChangeByte-ChangeASCIIInt-EraseBytes- DE: ".9"-
#249747	REDUCE cov: 188 ft: 900 corp: 239/149Kb lim: 4869 exec/s: 20812 rss: 390Mb L: 113/4626 MS: 1 EraseBytes-
#249838	REDUCE cov: 188 ft: 900 corp: 239/149Kb lim: 4869 exec/s: 20819 rss: 390Mb L: 144/4626 MS: 1 EraseBytes-
#251190	REDUCE cov: 188 ft: 900 corp: 239/149Kb lim: 4869 exec/s: 20932 rss: 391Mb L: 291/4626 MS: 2 CopyPart-EraseBytes-
#251958	REDUCE cov: 188 ft: 900 corp: 239/149Kb lim: 4869 exec/s: 20996 rss: 391Mb L: 216/4626 MS: 3 ChangeBit-ChangeASCIIInt-EraseBytes-
#252225	REDUCE cov: 188 ft: 900 corp: 239/149Kb lim: 4869 exec/s: 21018 rss: 391Mb L: 168/4626 MS: 2 ChangeASCIIInt-EraseBytes-
#252438	REDUCE cov: 188 ft: 900 corp: 239/149Kb lim: 4869 exec/s: 21036 rss: 391Mb L: 380/4626 MS: 3 ChangeASCIIInt-ChangeASCIIInt-EraseBytes-
#252539	REDUCE cov: 188 ft: 900 corp: 239/149Kb lim: 4869 exec/s: 21044 rss: 391Mb L: 27/4626 MS: 1 EraseBytes-
#252822	REDUCE cov: 188 ft: 900 corp: 239/149Kb lim: 4869 exec/s: 21068 rss: 391Mb L: 1931/4626 MS: 3 InsertByte-ShuffleBytes-EraseBytes-
#253888	REDUCE cov: 188 ft: 900 corp: 239/148Kb lim: 4869 exec/s: 21157 rss: 392Mb L: 4286/4626 MS: 1 EraseBytes-
#254224	REDUCE cov: 188 ft: 900 corp: 239/148Kb lim: 4869 exec/s: 21185 rss: 392Mb L: 129/4626 MS: 1 EraseBytes-
#254295	REDUCE cov: 188 ft: 900 corp: 239/148Kb lim: 4869 exec/s: 21191 rss: 392Mb L: 113/4626 MS: 1 EraseBytes-
#254307	REDUCE cov: 188 ft: 900 corp: 239/148Kb lim: 4869 exec/s: 21192 rss: 392Mb L: 176/4626 MS: 2 PersAutoDict-EraseBytes- DE: "\377\377\377\374"-
#254368	REDUCE cov: 188 ft: 900 corp: 239/148Kb lim: 4869 exec/s: 21197 rss: 392Mb L: 182/4626 MS: 1 EraseBytes-
#254540	REDUCE cov: 188 ft: 900 corp: 239/148Kb lim: 4869 exec/s: 21211 rss: 392Mb L: 51/4626 MS: 2 ChangeBit-EraseBytes-
#254636	REDUCE cov: 188 ft: 900 corp: 239/148Kb lim: 4869 exec/s: 21219 rss: 392Mb L: 114/4626 MS: 1 EraseBytes-
#255077	REDUCE cov: 188 ft: 900 corp: 239/148Kb lim: 4869 exec/s: 21256 rss: 393Mb L: 43/4626 MS: 1 EraseBytes-
#255354	REDUCE cov: 188 ft: 900 corp: 239/148Kb lim: 4869 exec/s: 21279 rss: 393Mb L: 117/4626 MS: 2 ChangeByte-EraseBytes-
#255487	REDUCE cov: 188 ft: 900 corp: 239/148Kb lim: 4869 exec/s: 21290 rss: 393Mb L: 195/4626 MS: 3 CopyPart-InsertRepeatedBytes-EraseBytes-
#255569	REDUCE cov: 188 ft: 900 corp: 239/148Kb lim: 4869 exec/s: 21297 rss: 393Mb L: 273/4626 MS: 2 ShuffleBytes-EraseBytes-
#256104	REDUCE cov: 188 ft: 900 corp: 239/148Kb lim: 4869 exec/s: 21342 rss: 393Mb L: 145/4626 MS: 5 ShuffleBytes-ChangeBinInt-ChangeBit-ChangeASCIIInt-EraseBytes-
#256110	REDUCE cov: 188 ft: 900 corp: 239/148Kb lim: 4869 exec/s: 21342 rss: 393Mb L: 595/4626 MS: 1 EraseBytes-
#256385	REDUCE cov: 188 ft: 900 corp: 239/148Kb lim: 4869 exec/s: 21365 rss: 393Mb L: 70/4626 MS: 5 ChangeASCIIInt-CMP-ChangeASCIIInt-ShuffleBytes-EraseBytes- DE: "\001\000\000\000\000\000\000\000"-
#257117	REDUCE cov: 188 ft: 900 corp: 239/148Kb lim: 4869 exec/s: 21426 rss: 393Mb L: 106/4626 MS: 2 ChangeASCIIInt-EraseBytes-
#258108	REDUCE cov: 188 ft: 900 corp: 239/148Kb lim: 4869 exec/s: 21509 rss: 393Mb L: 174/4626 MS: 1 EraseBytes-
#258425	REDUCE cov: 188 ft: 900 corp: 239/148Kb lim: 4869 exec/s: 21535 rss: 393Mb L: 180/4626 MS: 2 CopyPart-EraseBytes-
#258892	REDUCE cov: 188 ft: 900 corp: 239/148Kb lim: 4869 exec/s: 21574 rss: 393Mb L: 167/4626 MS: 2 EraseBytes-CrossOver-
#259498	REDUCE cov: 188 ft: 900 corp: 239/148Kb lim: 4869 exec/s: 21624 rss: 393Mb L: 443/4626 MS: 1 EraseBytes-
#259619	REDUCE cov: 188 ft: 900 corp: 239/148Kb lim: 4869 exec/s: 21634 rss: 393Mb L: 4/4626 MS: 1 EraseBytes-
#260363	REDUCE cov: 188 ft: 900 corp: 239/148Kb lim: 4869 exec/s: 21696 rss: 393Mb L: 234/4626 MS: 4 CopyPart-CrossOver-ShuffleBytes-EraseBytes-
#260685	REDUCE cov: 188 ft: 900 corp: 239/148Kb lim: 4869 exec/s: 21723 rss: 393Mb L: 68/4626 MS: 2 ChangeASCIIInt-EraseBytes-
#260881	REDUCE cov: 188 ft: 900 corp: 239/148Kb lim: 4869 exec/s: 21740 rss: 393Mb L: 248/4626 MS: 1 EraseBytes-
#261082	REDUCE cov: 188 ft: 900 corp: 239/148Kb lim: 4869 exec/s: 21756 rss: 393Mb L: 95/4626 MS: 1 EraseBytes-
#261145	REDUCE cov: 188 ft: 900 corp: 239/148Kb lim: 4869 exec/s: 21762 rss: 393Mb L: 113/4626 MS: 3 InsertByte-ShuffleBytes-EraseBytes-
#261253	REDUCE cov: 188 ft: 900 corp: 239/148Kb lim: 4869 exec/s: 21771 rss: 393Mb L: 36/4626 MS: 3 EraseBytes-PersAutoDict-EraseBytes- DE: "\377\377\377\377\377\377\377\016"-
#261409	REDUCE cov: 188 ft: 900 corp: 239/148Kb lim: 4869 exec/s: 21784 rss: 393Mb L: 120/4626 MS: 1 EraseBytes-
#261576	REDUCE cov: 188 ft: 900 corp: 239/148Kb lim: 4869 exec/s: 21798 rss: 393Mb L: 3707/4626 MS: 2 EraseBytes-CopyPart-
#261960	REDUCE cov: 188 ft: 900 corp: 239/147Kb lim: 4869 exec/s: 21830 rss: 393Mb L: 3440/4626 MS: 4 PersAutoDict-ChangeByte-ChangeByte-CrossOver- DE: "side\":"-
#262142	REDUCE cov: 188 ft: 900 corp: 239/147Kb lim: 4869 exec/s: 21845 rss: 393Mb L: 94/4626 MS: 2 ChangeBinInt-EraseBytes-
#262144	pulse  cov: 188 ft: 900 corp: 239/147Kb lim: 4869 exec/s: 21845 rss: 393Mb
#262521	REDUCE cov: 188 ft: 900 corp: 239/147Kb lim: 4869 exec/s: 21876 rss: 393Mb L: 164/4626 MS: 4 InsertRepeatedBytes-ChangeBit-ShuffleBytes-EraseBytes-
#262637	REDUCE cov: 188 ft: 900 corp: 239/147Kb lim: 4869 exec/s: 21886 rss: 394Mb L: 1432/4626 MS: 1 EraseBytes-
#262781	REDUCE cov: 188 ft: 900 corp: 239/147Kb lim: 4869 exec/s: 21898 rss: 394Mb L: 187/4626 MS: 4 ShuffleBytes-PersAutoDict-InsertByte-EraseBytes- DE: "\000\000\000\307"-
#263387	REDUCE cov: 188 ft: 900 corp: 239/147Kb lim: 4869 exec/s: 21948 rss: 394Mb L: 29/4626 MS: 1 EraseBytes-
#263433	REDUCE cov: 188 ft: 900 corp: 239/147Kb lim: 4869 exec/s: 21952 rss: 394Mb L: 137/4626 MS: 1 EraseBytes-
#263529	REDUCE cov: 188 ft: 900 corp: 239/147Kb lim: 4869 exec/s: 21960 rss: 394Mb L: 126/4626 MS: 1 EraseBytes-
#263641	REDUCE cov: 188 ft: 900 corp: 239/147Kb lim: 4869 exec/s: 21970 rss: 394Mb L: 58/4626 MS: 2 ShuffleBytes-EraseBytes-
#263662	NEW    cov: 188 ft: 901 corp: 240/147Kb lim: 4869 exec/s: 21971 rss: 394Mb L: 134/4626 MS: 1 InsertRepeatedBytes-
#263720	REDUCE cov: 188 ft: 901 corp: 240/147Kb lim: 4869 exec/s: 21976 rss: 394Mb L: 129/4626 MS: 3 ShuffleBytes-ChangeBinInt-EraseBytes-
#263771	REDUCE cov: 188 ft: 901 corp: 240/147Kb lim: 4869 exec/s: 21980 rss: 394Mb L: 148/4626 MS: 1 EraseBytes-
#264023	REDUCE cov: 188 ft: 901 corp: 240/147Kb lim: 4869 exec/s: 22001 rss: 394Mb L: 311/4626 MS: 2 ChangeBinInt-EraseBytes-
#264374	REDUCE cov: 188 ft: 901 corp: 240/147Kb lim: 4869 exec/s: 22031 rss: 394Mb L: 106/4626 MS: 1 EraseBytes-
#264641	REDUCE cov: 188 ft: 901 corp: 240/147Kb lim: 4869 exec/s: 22053 rss: 394Mb L: 131/4626 MS: 2 CopyPart-EraseBytes-
#264759	REDUCE cov: 188 ft: 901 corp: 240/147Kb lim: 4869 exec/s: 22063 rss: 394Mb L: 164/4626 MS: 3 ShuffleBytes-CMP-EraseBytes- DE: "\311\305\027\323\311m\000\000"-
#265291	REDUCE cov: 188 ft: 901 corp: 240/147Kb lim: 4869 exec/s: 20407 rss: 394Mb L: 195/4626 MS: 2 PersAutoDict-EraseBytes- DE: "side\":"-
#265402	REDUCE cov: 188 ft: 901 corp: 240/147Kb lim: 4869 exec/s: 20415 rss: 394Mb L: 232/4626 MS: 1 EraseBytes-
#265783	REDUCE cov: 188 ft: 901 corp: 240/147Kb lim: 4869 exec/s: 20444 rss: 394Mb L: 25/4626 MS: 1 EraseBytes-
#266306	REDUCE cov: 188 ft: 901 corp: 240/147Kb lim: 4869 exec/s: 20485 rss: 394Mb L: 259/4626 MS: 3 ChangeBit-ChangeBit-EraseBytes-
#266388	REDUCE cov: 188 ft: 901 corp: 240/147Kb lim: 4869 exec/s: 20491 rss: 394Mb L: 210/4626 MS: 2 CMP-EraseBytes- DE: "\001\000\000\000"-
#266895	REDUCE cov: 188 ft: 901 corp: 240/147Kb lim: 4869 exec/s: 20530 rss: 394Mb L: 191/4626 MS: 2 ChangeBit-EraseBytes-
#266901	REDUCE cov: 188 ft: 901 corp: 240/147Kb lim: 4869 exec/s: 20530 rss: 394Mb L: 88/4626 MS: 1 EraseBytes-
#267066	REDUCE cov: 188 ft: 901 corp: 240/147Kb lim: 4869 exec/s: 20543 rss: 394Mb L: 113/4626 MS: 5 ChangeBinInt-ChangeASCIIInt-CMP-InsertByte-EraseBytes- DE: "\000\000\000\000"-
#267156	REDUCE cov: 188 ft: 902 corp: 241/151Kb lim: 4869 exec/s: 20550 rss: 394Mb L: 4351/4626 MS: 5 ChangeBit-ChangeBit-CopyPart-ChangeBinInt-InsertRepeatedBytes-
#267333	REDUCE cov: 188 ft: 902 corp: 241/151Kb lim: 4869 exec/s: 20564 rss: 394Mb L: 126/4626 MS: 2 ShuffleBytes-EraseBytes-
#267376	REDUCE cov: 188 ft: 902 corp: 241/151Kb lim: 4869 exec/s: 20567 rss: 394Mb L: 229/4626 MS: 3 ChangeBinInt-ChangeBit-EraseBytes-
#267758	REDUCE cov: 188 ft: 902 corp: 241/151Kb lim: 4869 exec/s: 20596 rss: 394Mb L: 3504/4626 MS: 2 ChangeBit-EraseBytes-
#268424	REDUCE cov: 188 ft: 902 corp: 241/151Kb lim: 4869 exec/s: 20648 rss: 394Mb L: 126/4626 MS: 1 EraseBytes-
#268466	REDUCE cov: 188 ft: 902 corp: 241/151Kb lim: 4869 exec/s: 20651 rss: 394Mb L: 2191/4626 MS: 2 InsertByte-EraseBytes-
#268470	REDUCE cov: 188 ft: 902 corp: 241/149Kb lim: 4869 exec/s: 20651 rss: 394Mb L: 2085/4626 MS: 4 InsertByte-ChangeBinInt-PersAutoDict-EraseBytes- DE: "\001\000\000\003"-
#268485	REDUCE cov: 188 ft: 902 corp: 241/149Kb lim: 4869 exec/s: 20652 rss: 394Mb L: 62/4626 MS: 5 ChangeByte-ChangeByte-ChangeASCIIInt-CopyPart-EraseBytes-
#268747	REDUCE cov: 188 ft: 902 corp: 241/149Kb lim: 4869 exec/s: 20672 rss: 394Mb L: 743/4626 MS: 2 ChangeBinInt-EraseBytes-
#268839	REDUCE cov: 188 ft: 902 corp: 241/149Kb lim: 4869 exec/s: 20679 rss: 394Mb L: 85/4626 MS: 2 ShuffleBytes-EraseBytes-
#269590	REDUCE cov: 188 ft: 902 corp: 241/149Kb lim: 4869 exec/s: 20737 rss: 394Mb L: 90/4626 MS: 1 EraseBytes-
#269641	REDUCE cov: 188 ft: 902 corp: 241/149Kb lim: 4869 exec/s: 20741 rss: 394Mb L: 40/4626 MS: 1 EraseBytes-
#269662	REDUCE cov: 188 ft: 902 corp: 241/149Kb lim: 4869 exec/s: 20743 rss: 394Mb L: 1638/4626 MS: 1 EraseBytes-
#269792	REDUCE cov: 188 ft: 902 corp: 241/149Kb lim: 4869 exec/s: 20753 rss: 394Mb L: 173/4626 MS: 5 ChangeBit-CMP-ChangeBinInt-ChangeBinInt-EraseBytes- DE: "\002\000"-
#269808	REDUCE cov: 188 ft: 902 corp: 241/149Kb lim: 4869 exec/s: 20754 rss: 394Mb L: 91/4626 MS: 1 EraseBytes-
#269889	REDUCE cov: 188 ft: 902 corp: 241/148Kb lim: 4869 exec/s: 20760 rss: 394Mb L: 1199/4626 MS: 1 EraseBytes-
#270286	REDUCE cov: 188 ft: 902 corp: 241/148Kb lim: 4869 exec/s: 20791 rss: 394Mb L: 70/4626 MS: 2 PersAutoDict-EraseBytes- DE: "\377\377\377\377"-
#270808	REDUCE cov: 188 ft: 902 corp: 241/148Kb lim: 4869 exec/s: 20831 rss: 394Mb L: 85/4626 MS: 2 ChangeBinInt-EraseBytes-
#271644	REDUCE cov: 188 ft: 902 corp: 241/148Kb lim: 4869 exec/s: 20895 rss: 394Mb L: 725/4626 MS: 1 EraseBytes-
#271660	REDUCE cov: 188 ft: 902 corp: 241/148Kb lim: 4869 exec/s: 20896 rss: 394Mb L: 22/4626 MS: 1 EraseBytes-
#271801	REDUCE cov: 188 ft: 902 corp: 241/148Kb lim: 4869 exec/s: 20907 rss: 394Mb L: 13/4626 MS: 1 EraseBytes-
#272217	REDUCE cov: 188 ft: 904 corp: 242/150Kb lim: 4869 exec/s: 20939 rss: 394Mb L: 2301/4626 MS: 1 CopyPart-
#272243	REDUCE cov: 188 ft: 904 corp: 242/150Kb lim: 4869 exec/s: 20941 rss: 394Mb L: 151/4626 MS: 1 EraseBytes-
#272531	REDUCE cov: 188 ft: 904 corp: 242/150Kb lim: 4869 exec/s: 20963 rss: 394Mb L: 2288/4626 MS: 3 ChangeBinInt-PersAutoDict-EraseBytes- DE: "side\":"-
#272932	REDUCE cov: 188 ft: 904 corp: 242/150Kb lim: 4869 exec/s: 20994 rss: 394Mb L: 126/4626 MS: 1 EraseBytes-
#273204	REDUCE cov: 188 ft: 904 corp: 242/149Kb lim: 4869 exec/s: 21015 rss: 394Mb L: 1165/4626 MS: 2 InsertRepeatedBytes-EraseBytes-
#273355	REDUCE cov: 188 ft: 904 corp: 242/149Kb lim: 4869 exec/s: 21027 rss: 394Mb L: 88/4626 MS: 1 EraseBytes-
#273531	REDUCE cov: 188 ft: 904 corp: 242/149Kb lim: 4869 exec/s: 21040 rss: 394Mb L: 122/4626 MS: 1 EraseBytes-
#273537	REDUCE cov: 188 ft: 904 corp: 242/149Kb lim: 4869 exec/s: 21041 rss: 394Mb L: 32/4626 MS: 1 EraseBytes-
#274109	REDUCE cov: 188 ft: 904 corp: 242/149Kb lim: 4869 exec/s: 21085 rss: 394Mb L: 126/4626 MS: 2 ChangeASCIIInt-EraseBytes-
#274340	REDUCE cov: 188 ft: 904 corp: 242/149Kb lim: 4869 exec/s: 21103 rss: 395Mb L: 224/4626 MS: 1 EraseBytes-
#274886	REDUCE cov: 188 ft: 904 corp: 242/149Kb lim: 4869 exec/s: 21145 rss: 395Mb L: 218/4626 MS: 1 EraseBytes-
#274937	REDUCE cov: 188 ft: 904 corp: 242/149Kb lim: 4869 exec/s: 21149 rss: 395Mb L: 207/4626 MS: 1 EraseBytes-
#275148	REDUCE cov: 188 ft: 904 corp: 242/149Kb lim: 4869 exec/s: 21165 rss: 395Mb L: 106/4626 MS: 1 EraseBytes-
#275199	REDUCE cov: 188 ft: 904 corp: 242/149Kb lim: 4869 exec/s: 21169 rss: 395Mb L: 3251/4626 MS: 1 EraseBytes-
#276283	REDUCE cov: 188 ft: 904 corp: 242/149Kb lim: 4869 exec/s: 21252 rss: 395Mb L: 113/4626 MS: 4 ChangeBit-ChangeBit-InsertByte-EraseBytes-
#276586	REDUCE cov: 188 ft: 904 corp: 242/149Kb lim: 4869 exec/s: 21275 rss: 395Mb L: 3197/4626 MS: 3 CopyPart-ShuffleBytes-EraseBytes-
#276657	REDUCE cov: 188 ft: 904 corp: 242/149Kb lim: 4869 exec/s: 21281 rss: 395Mb L: 122/4626 MS: 1 EraseBytes-
#276658	REDUCE cov: 188 ft: 904 corp: 242/149Kb lim: 4869 exec/s: 21281 rss: 395Mb L: 158/4626 MS: 1 EraseBytes-
#276839	REDUCE cov: 188 ft: 904 corp: 242/149Kb lim: 4869 exec/s: 21295 rss: 395Mb L: 118/4626 MS: 1 EraseBytes-
#277044	REDUCE cov: 188 ft: 904 corp: 242/149Kb lim: 4869 exec/s: 21311 rss: 395Mb L: 307/4626 MS: 5 ChangeBinInt-ChangeASCIIInt-CopyPart-ShuffleBytes-EraseBytes-
#277094	REDUCE cov: 188 ft: 904 corp: 242/149Kb lim: 4869 exec/s: 21314 rss: 395Mb L: 147/4626 MS: 5 ChangeASCIIInt-ShuffleBytes-ShuffleBytes-ChangeBit-EraseBytes-
#277120	REDUCE cov: 188 ft: 904 corp: 242/149Kb lim: 4869 exec/s: 21316 rss: 395Mb L: 127/4626 MS: 1 EraseBytes-
#277211	REDUCE cov: 188 ft: 904 corp: 242/149Kb lim: 4869 exec/s: 21323 rss: 395Mb L: 88/4626 MS: 1 EraseBytes-
#277482	REDUCE cov: 188 ft: 904 corp: 242/149Kb lim: 4869 exec/s: 21344 rss: 395Mb L: 1808/4626 MS: 1 EraseBytes-
#277778	REDUCE cov: 188 ft: 904 corp: 242/149Kb lim: 4869 exec/s: 21367 rss: 395Mb L: 119/4626 MS: 1 EraseBytes-
#277799	REDUCE cov: 188 ft: 904 corp: 242/149Kb lim: 4869 exec/s: 21369 rss: 395Mb L: 201/4626 MS: 1 EraseBytes-
#278326	REDUCE cov: 188 ft: 904 corp: 242/148Kb lim: 4869 exec/s: 21409 rss: 396Mb L: 913/4626 MS: 2 ChangeASCIIInt-EraseBytes-
#279137	REDUCE cov: 188 ft: 904 corp: 242/148Kb lim: 4869 exec/s: 21472 rss: 396Mb L: 388/4626 MS: 1 EraseBytes-
#279443	REDUCE cov: 188 ft: 904 corp: 242/148Kb lim: 4869 exec/s: 21495 rss: 396Mb L: 61/4626 MS: 1 EraseBytes-
#279469	REDUCE cov: 188 ft: 904 corp: 242/148Kb lim: 4869 exec/s: 21497 rss: 396Mb L: 152/4626 MS: 1 EraseBytes-
#279520	REDUCE cov: 188 ft: 904 corp: 242/148Kb lim: 4869 exec/s: 21501 rss: 396Mb L: 106/4626 MS: 1 EraseBytes-
#279586	REDUCE cov: 188 ft: 904 corp: 242/148Kb lim: 4869 exec/s: 21506 rss: 396Mb L: 116/4626 MS: 1 EraseBytes-
#279829	REDUCE cov: 188 ft: 904 corp: 242/148Kb lim: 4869 exec/s: 21525 rss: 396Mb L: 186/4626 MS: 3 ShuffleBytes-CopyPart-EraseBytes-
#280310	REDUCE cov: 188 ft: 904 corp: 242/148Kb lim: 4869 exec/s: 21562 rss: 397Mb L: 219/4626 MS: 1 EraseBytes-
#280881	REDUCE cov: 188 ft: 904 corp: 242/148Kb lim: 4869 exec/s: 21606 rss: 397Mb L: 139/4626 MS: 1 EraseBytes-
#280912	REDUCE cov: 188 ft: 904 corp: 242/148Kb lim: 4869 exec/s: 21608 rss: 397Mb L: 187/4626 MS: 1 EraseBytes-
#281063	REDUCE cov: 188 ft: 904 corp: 242/148Kb lim: 4869 exec/s: 21620 rss: 397Mb L: 231/4626 MS: 1 EraseBytes-
#281166	REDUCE cov: 188 ft: 904 corp: 242/148Kb lim: 4869 exec/s: 21628 rss: 397Mb L: 472/4626 MS: 3 ChangeASCIIInt-ChangeBinInt-EraseBytes-
#282207	REDUCE cov: 188 ft: 904 corp: 242/148Kb lim: 4869 exec/s: 21708 rss: 398Mb L: 2146/4626 MS: 1 EraseBytes-
#282234	REDUCE cov: 188 ft: 904 corp: 242/148Kb lim: 4869 exec/s: 21710 rss: 398Mb L: 880/4626 MS: 2 ChangeBit-EraseBytes-
#282591	REDUCE cov: 188 ft: 904 corp: 242/148Kb lim: 4869 exec/s: 21737 rss: 398Mb L: 122/4626 MS: 2 ChangeASCIIInt-EraseBytes-
#282830	REDUCE cov: 188 ft: 904 corp: 242/148Kb lim: 4869 exec/s: 21756 rss: 398Mb L: 177/4626 MS: 4 ShuffleBytes-ChangeByte-ChangeASCIIInt-EraseBytes-
#283346	REDUCE cov: 188 ft: 904 corp: 242/148Kb lim: 4869 exec/s: 21795 rss: 398Mb L: 27/4626 MS: 1 EraseBytes-
#284040	REDUCE cov: 188 ft: 904 corp: 242/148Kb lim: 4869 exec/s: 21849 rss: 399Mb L: 87/4626 MS: 4 ChangeASCIIInt-ChangeBinInt-ShuffleBytes-EraseBytes-
#284096	REDUCE cov: 188 ft: 904 corp: 242/148Kb lim: 4869 exec/s: 21853 rss: 399Mb L: 117/4626 MS: 1 EraseBytes-
#284482	REDUCE cov: 188 ft: 904 corp: 242/148Kb lim: 4869 exec/s: 21883 rss: 399Mb L: 5/4626 MS: 1 EraseBytes-
#284653	REDUCE cov: 188 ft: 904 corp: 242/148Kb lim: 4869 exec/s: 21896 rss: 399Mb L: 80/4626 MS: 1 EraseBytes-
#285336	REDUCE cov: 188 ft: 904 corp: 242/148Kb lim: 4869 exec/s: 21948 rss: 400Mb L: 245/4626 MS: 3 ChangeBinInt-InsertByte-EraseBytes-
#285564	REDUCE cov: 188 ft: 904 corp: 242/148Kb lim: 4869 exec/s: 21966 rss: 400Mb L: 125/4626 MS: 3 ShuffleBytes-CopyPart-EraseBytes-
#285708	REDUCE cov: 188 ft: 904 corp: 242/148Kb lim: 4869 exec/s: 21977 rss: 400Mb L: 25/4626 MS: 4 InsertByte-InsertByte-InsertByte-EraseBytes-
#286306	REDUCE cov: 188 ft: 904 corp: 242/148Kb lim: 4869 exec/s: 22023 rss: 400Mb L: 2819/4626 MS: 3 ChangeASCIIInt-CopyPart-EraseBytes-
#286332	REDUCE cov: 188 ft: 904 corp: 242/148Kb lim: 4869 exec/s: 22025 rss: 400Mb L: 56/4626 MS: 1 EraseBytes-
#286348	REDUCE cov: 188 ft: 904 corp: 242/148Kb lim: 4869 exec/s: 22026 rss: 400Mb L: 44/4626 MS: 1 EraseBytes-
#286359	REDUCE cov: 188 ft: 904 corp: 242/148Kb lim: 4869 exec/s: 22027 rss: 400Mb L: 87/4626 MS: 1 EraseBytes-
#286501	REDUCE cov: 188 ft: 904 corp: 242/147Kb lim: 4869 exec/s: 22038 rss: 400Mb L: 119/4626 MS: 2 CrossOver-EraseBytes-
#286502	REDUCE cov: 188 ft: 904 corp: 242/147Kb lim: 4869 exec/s: 22038 rss: 400Mb L: 180/4626 MS: 1 EraseBytes-
#286539	REDUCE cov: 188 ft: 904 corp: 242/147Kb lim: 4869 exec/s: 22041 rss: 400Mb L: 719/4626 MS: 2 CrossOver-EraseBytes-
#286881	REDUCE cov: 188 ft: 904 corp: 242/147Kb lim: 4869 exec/s: 22067 rss: 400Mb L: 644/4626 MS: 2 ChangeByte-EraseBytes-
#286990	REDUCE cov: 188 ft: 904 corp: 242/147Kb lim: 4869 exec/s: 22076 rss: 400Mb L: 3242/4626 MS: 4 CopyPart-InsertByte-CMP-EraseBytes- DE: "\000\000\000\000\000\000\000\000"-
#287559	REDUCE cov: 188 ft: 904 corp: 242/147Kb lim: 4869 exec/s: 22119 rss: 400Mb L: 232/4626 MS: 4 CMP-ChangeASCIIInt-CrossOver-EraseBytes- DE: "\001\000m\231\323\004\302\216"-
#288170	REDUCE cov: 188 ft: 904 corp: 242/147Kb lim: 4869 exec/s: 22166 rss: 400Mb L: 67/4626 MS: 1 EraseBytes-
#288351	REDUCE cov: 188 ft: 904 corp: 242/147Kb lim: 4869 exec/s: 22180 rss: 400Mb L: 188/4626 MS: 1 EraseBytes-
#289102	REDUCE cov: 188 ft: 904 corp: 242/147Kb lim: 4869 exec/s: 22238 rss: 400Mb L: 2080/4626 MS: 1 CrossOver-
#289693	REDUCE cov: 188 ft: 904 corp: 242/147Kb lim: 4869 exec/s: 22284 rss: 400Mb L: 161/4626 MS: 1 EraseBytes-
#289799	REDUCE cov: 188 ft: 904 corp: 242/147Kb lim: 4869 exec/s: 22292 rss: 400Mb L: 112/4626 MS: 1 EraseBytes-
#289898	REDUCE cov: 188 ft: 904 corp: 242/147Kb lim: 4869 exec/s: 22299 rss: 400Mb L: 3102/4626 MS: 4 ChangeASCIIInt-ChangeASCIIInt-ChangeBinInt-EraseBytes-
#290012	REDUCE cov: 188 ft: 904 corp: 242/147Kb lim: 4869 exec/s: 22308 rss: 400Mb L: 57/4626 MS: 4 InsertByte-ChangeByte-InsertByte-EraseBytes-
#290243	REDUCE cov: 188 ft: 904 corp: 242/147Kb lim: 4869 exec/s: 22326 rss: 400Mb L: 631/4626 MS: 1 EraseBytes-
#290832	REDUCE cov: 188 ft: 904 corp: 242/147Kb lim: 4869 exec/s: 22371 rss: 400Mb L: 77/4626 MS: 4 PersAutoDict-InsertRepeatedBytes-CMP-EraseBytes- DE: "3c2c\","-"0.03"-
#291103	REDUCE cov: 188 ft: 904 corp: 242/147Kb lim: 4869 exec/s: 20793 rss: 400Mb L: 119/4626 MS: 1 EraseBytes-
#291286	REDUCE cov: 188 ft: 904 corp: 242/147Kb lim: 4869 exec/s: 20806 rss: 400Mb L: 150/4626 MS: 3 ChangeBit-InsertByte-EraseBytes-
#291586	REDUCE cov: 188 ft: 904 corp: 242/147Kb lim: 4869 exec/s: 20827 rss: 400Mb L: 94/4626 MS: 5 ChangeBit-PersAutoDict-ChangeBinInt-PersAutoDict-EraseBytes- DE: "\203_\022\324\271n\000\000"-"\000\000\000\000"-
#292583	REDUCE cov: 188 ft: 904 corp: 242/147Kb lim: 4869 exec/s: 20898 rss: 401Mb L: 605/4626 MS: 2 ChangeASCIIInt-EraseBytes-
#292600	REDUCE cov: 188 ft: 904 corp: 242/147Kb lim: 4869 exec/s: 20900 rss: 401Mb L: 79/4626 MS: 2 ChangeByte-EraseBytes-
#292708	REDUCE cov: 188 ft: 904 corp: 242/147Kb lim: 4869 exec/s: 20907 rss: 401Mb L: 139/4626 MS: 3 PersAutoDict-ShuffleBytes-EraseBytes- DE: "hash\":"-
#292764	REDUCE cov: 188 ft: 904 corp: 242/147Kb lim: 4869 exec/s: 20911 rss: 401Mb L: 117/4626 MS: 1 EraseBytes-
#293523	REDUCE cov: 188 ft: 904 corp: 242/146Kb lim: 4869 exec/s: 20965 rss: 401Mb L: 118/4626 MS: 4 ShuffleBytes-InsertByte-ShuffleBytes-EraseBytes-
#293645	REDUCE cov: 188 ft: 904 corp: 242/146Kb lim: 4869 exec/s: 20974 rss: 401Mb L: 54/4626 MS: 2 ShuffleBytes-EraseBytes-
#294582	REDUCE cov: 188 ft: 904 corp: 242/146Kb lim: 4869 exec/s: 21041 rss: 401Mb L: 156/4626 MS: 2 InsertByte-EraseBytes-
#294596	REDUCE cov: 188 ft: 904 corp: 242/146Kb lim: 4869 exec/s: 21042 rss: 401Mb L: 183/4626 MS: 4 ChangeByte-EraseBytes-CrossOver-CrossOver-
#294705	REDUCE cov: 188 ft: 904 corp: 242/146Kb lim: 4869 exec/s: 21050 rss: 401Mb L: 112/4626 MS: 4 CMP-PersAutoDict-InsertRepeatedBytes-EraseBytes- DE: "\000\000\000\000"-"\377\377\377\377\377\377\000C"-
#294998	REDUCE cov: 188 ft: 904 corp: 242/146Kb lim: 4869 exec/s: 21071 rss: 401Mb L: 148/4626 MS: 3 InsertByte-ShuffleBytes-EraseBytes-
#295620	REDUCE cov: 188 ft: 904 corp: 242/146Kb lim: 4869 exec/s: 21115 rss: 401Mb L: 152/4626 MS: 2 ChangeBit-EraseBytes-
#296173	REDUCE cov: 188 ft: 904 corp: 242/146Kb lim: 4869 exec/s: 21155 rss: 401Mb L: 29/4626 MS: 3 ChangeByte-ChangeBinInt-EraseBytes-
#296829	REDUCE cov: 188 ft: 904 corp: 242/146Kb lim: 4869 exec/s: 21202 rss: 401Mb L: 154/4626 MS: 1 EraseBytes-
#297125	REDUCE cov: 188 ft: 904 corp: 242/146Kb lim: 4869 exec/s: 21223 rss: 401Mb L: 53/4626 MS: 1 EraseBytes-
#297187	REDUCE cov: 188 ft: 904 corp: 242/146Kb lim: 4869 exec/s: 21227 rss: 401Mb L: 50/4626 MS: 2 InsertByte-EraseBytes-
#297389	REDUCE cov: 188 ft: 904 corp: 242/146Kb lim: 4869 exec/s: 21242 rss: 401Mb L: 81/4626 MS: 2 ChangeASCIIInt-EraseBytes-
#297651	REDUCE cov: 188 ft: 904 corp: 242/146Kb lim: 4869 exec/s: 21260 rss: 401Mb L: 187/4626 MS: 2 PersAutoDict-EraseBytes- DE: "\306\377\377\377"-
#298408	REDUCE cov: 188 ft: 904 corp: 242/146Kb lim: 4869 exec/s: 21314 rss: 401Mb L: 140/4626 MS: 2 PersAutoDict-EraseBytes- DE: "\001\000\000\000\000\000\0006"-
#298564	REDUCE cov: 188 ft: 904 corp: 242/146Kb lim: 4869 exec/s: 21326 rss: 401Mb L: 52/4626 MS: 1 EraseBytes-
#298700	REDUCE cov: 188 ft: 904 corp: 242/146Kb lim: 4869 exec/s: 21335 rss: 401Mb L: 254/4626 MS: 1 EraseBytes-
#299021	REDUCE cov: 188 ft: 904 corp: 242/146Kb lim: 4869 exec/s: 21358 rss: 401Mb L: 123/4626 MS: 1 EraseBytes-
#299049	REDUCE cov: 188 ft: 904 corp: 242/146Kb lim: 4869 exec/s: 21360 rss: 401Mb L: 2841/4626 MS: 3 ChangeByte-ChangeByte-EraseBytes-
#299321	REDUCE cov: 188 ft: 904 corp: 242/146Kb lim: 4869 exec/s: 21380 rss: 401Mb L: 230/4626 MS: 2 ChangeASCIIInt-EraseBytes-
#299329	REDUCE cov: 188 ft: 904 corp: 242/146Kb lim: 4869 exec/s: 21380 rss: 401Mb L: 97/4626 MS: 3 ChangeByte-ChangeBinInt-EraseBytes-
#299375	REDUCE cov: 188 ft: 904 corp: 242/146Kb lim: 4869 exec/s: 21383 rss: 401Mb L: 112/4626 MS: 1 EraseBytes-
#299430	REDUCE cov: 188 ft: 904 corp: 242/146Kb lim: 4869 exec/s: 21387 rss: 401Mb L: 129/4626 MS: 5 ChangeASCIIInt-PersAutoDict-ChangeByte-ChangeBinInt-EraseBytes- DE: "\000\000m\371\323\"@D"-
#299498	REDUCE cov: 188 ft: 904 corp: 242/146Kb lim: 4869 exec/s: 21392 rss: 401Mb L: 100/4626 MS: 3 InsertByte-ChangeBinInt-EraseBytes-
#300520	REDUCE cov: 188 ft: 904 corp: 242/146Kb lim: 4869 exec/s: 21465 rss: 401Mb L: 375/4626 MS: 2 CopyPart-EraseBytes-
#300581	REDUCE cov: 188 ft: 904 corp: 242/146Kb lim: 4869 exec/s: 21470 rss: 401Mb L: 211/4626 MS: 1 EraseBytes-
#300695	REDUCE cov: 188 ft: 904 corp: 242/146Kb lim: 4869 exec/s: 21478 rss: 401Mb L: 456/4626 MS: 4 ChangeByte-CrossOver-ShuffleBytes-EraseBytes-
#300799	REDUCE cov: 188 ft: 904 corp: 242/146Kb lim: 4869 exec/s: 21485 rss: 401Mb L: 84/4626 MS: 4 ShuffleBytes-CopyPart-InsertByte-EraseBytes-
#300900	REDUCE cov: 188 ft: 904 corp: 242/146Kb lim: 4869 exec/s: 21492 rss: 401Mb L: 25/4626 MS: 1 EraseBytes-
#301041	REDUCE cov: 188 ft: 904 corp: 242/146Kb lim: 4869 exec/s: 21502 rss: 401Mb L: 80/4626 MS: 1 EraseBytes-
#301119	REDUCE cov: 188 ft: 904 corp: 242/146Kb lim: 4869 exec/s: 21508 rss: 401Mb L: 1853/4626 MS: 3 ChangeBinInt-ChangeByte-EraseBytes-
#301356	REDUCE cov: 188 ft: 904 corp: 242/146Kb lim: 4869 exec/s: 21525 rss: 401Mb L: 24/4626 MS: 2 CopyPart-EraseBytes-
#301932	REDUCE cov: 188 ft: 904 corp: 242/146Kb lim: 4869 exec/s: 21566 rss: 401Mb L: 3907/4626 MS: 1 EraseBytes-
#302638	REDUCE cov: 188 ft: 904 corp: 242/146Kb lim: 4869 exec/s: 21617 rss: 401Mb L: 163/4626 MS: 1 EraseBytes-
#302664	REDUCE cov: 188 ft: 904 corp: 242/146Kb lim: 4869 exec/s: 21618 rss: 401Mb L: 98/4626 MS: 1 EraseBytes-
#302724	REDUCE cov: 188 ft: 904 corp: 242/146Kb lim: 4869 exec/s: 21623 rss: 401Mb L: 61/4626 MS: 5 ChangeASCIIInt-PersAutoDict-PersAutoDict-CMP-EraseBytes- DE: "\001\000\000\001"-"\377\377mi\323@\363/"-"\000\000\000\000"-
#302810	REDUCE cov: 188 ft: 904 corp: 242/145Kb lim: 4869 exec/s: 21629 rss: 401Mb L: 246/4626 MS: 1 EraseBytes-
#302967	REDUCE cov: 188 ft: 904 corp: 242/145Kb lim: 4869 exec/s: 21640 rss: 401Mb L: 76/4626 MS: 2 InsertByte-EraseBytes-
#303218	REDUCE cov: 188 ft: 904 corp: 242/145Kb lim: 4869 exec/s: 21658 rss: 401Mb L: 128/4626 MS: 1 EraseBytes-
#303617	REDUCE cov: 188 ft: 904 corp: 242/145Kb lim: 4869 exec/s: 21686 rss: 401Mb L: 408/4626 MS: 4 CrossOver-ShuffleBytes-ChangeBit-EraseBytes-
#303703	REDUCE cov: 188 ft: 904 corp: 242/145Kb lim: 4869 exec/s: 21693 rss: 401Mb L: 111/4626 MS: 1 EraseBytes-
#303844	REDUCE cov: 188 ft: 904 corp: 242/145Kb lim: 4869 exec/s: 21703 rss: 401Mb L: 52/4626 MS: 1 EraseBytes-
#303950	REDUCE cov: 188 ft: 904 corp: 242/145Kb lim: 4869 exec/s: 21710 rss: 401Mb L: 72/4626 MS: 1 EraseBytes-
#304186	REDUCE cov: 188 ft: 904 corp: 242/145Kb lim: 4869 exec/s: 21727 rss: 401Mb L: 141/4626 MS: 1 EraseBytes-
#304413	REDUCE cov: 188 ft: 904 corp: 242/145Kb lim: 4869 exec/s: 21743 rss: 401Mb L: 122/4626 MS: 2 ChangeBit-EraseBytes-
#304456	REDUCE cov: 188 ft: 904 corp: 242/145Kb lim: 4869 exec/s: 21746 rss: 401Mb L: 553/4626 MS: 3 CMP-ChangeBinInt-EraseBytes- DE: "+\":,"-
#304598	REDUCE cov: 188 ft: 904 corp: 242/145Kb lim: 4869 exec/s: 21757 rss: 401Mb L: 579/4626 MS: 2 ShuffleBytes-EraseBytes-
#304864	REDUCE cov: 188 ft: 904 corp: 242/145Kb lim: 4869 exec/s: 21776 rss: 401Mb L: 7/4626 MS: 1 EraseBytes-
#304960	REDUCE cov: 188 ft: 904 corp: 242/145Kb lim: 4869 exec/s: 21782 rss: 401Mb L: 127/4626 MS: 1 EraseBytes-
#305425	REDUCE cov: 188 ft: 904 corp: 242/145Kb lim: 4869 exec/s: 21816 rss: 401Mb L: 201/4626 MS: 5 ChangeByte-ChangeByte-InsertByte-InsertByte-EraseBytes-
#306341	REDUCE cov: 188 ft: 904 corp: 242/145Kb lim: 4869 exec/s: 21881 rss: 401Mb L: 8/4626 MS: 1 EraseBytes-
#306872	REDUCE cov: 188 ft: 904 corp: 242/145Kb lim: 4869 exec/s: 21919 rss: 402Mb L: 129/4626 MS: 1 EraseBytes-
#307360	REDUCE cov: 188 ft: 904 corp: 242/145Kb lim: 4869 exec/s: 21954 rss: 402Mb L: 161/4626 MS: 3 ChangeASCIIInt-ShuffleBytes-EraseBytes-
#307376	REDUCE cov: 188 ft: 904 corp: 242/145Kb lim: 4869 exec/s: 21955 rss: 402Mb L: 115/4626 MS: 1 EraseBytes-
#307502	REDUCE cov: 188 ft: 904 corp: 242/145Kb lim: 4869 exec/s: 21964 rss: 402Mb L: 106/4626 MS: 1 EraseBytes-
#307553	REDUCE cov: 188 ft: 904 corp: 242/145Kb lim: 4869 exec/s: 21968 rss: 402Mb L: 77/4626 MS: 1 EraseBytes-
#307764	REDUCE cov: 188 ft: 904 corp: 242/145Kb lim: 4869 exec/s: 21983 rss: 402Mb L: 157/4626 MS: 1 EraseBytes-
#308656	REDUCE cov: 188 ft: 904 corp: 242/145Kb lim: 4869 exec/s: 22046 rss: 402Mb L: 99/4626 MS: 2 ShuffleBytes-EraseBytes-
#308698	REDUCE cov: 188 ft: 904 corp: 242/145Kb lim: 4869 exec/s: 22049 rss: 402Mb L: 211/4626 MS: 2 InsertByte-EraseBytes-
#308722	REDUCE cov: 188 ft: 904 corp: 242/145Kb lim: 4869 exec/s: 22051 rss: 402Mb L: 36/4626 MS: 4 InsertByte-CrossOver-InsertByte-EraseBytes-
#309280	REDUCE cov: 188 ft: 904 corp: 242/145Kb lim: 4869 exec/s: 22091 rss: 402Mb L: 197/4626 MS: 3 ChangeByte-ChangeBit-EraseBytes-
#309616	REDUCE cov: 188 ft: 904 corp: 242/145Kb lim: 4869 exec/s: 22115 rss: 403Mb L: 190/4626 MS: 1 EraseBytes-
#310074	REDUCE cov: 188 ft: 904 corp: 242/145Kb lim: 4869 exec/s: 22148 rss: 403Mb L: 399/4626 MS: 3 ChangeASCIIInt-ChangeBit-EraseBytes-
#310260	REDUCE cov: 188 ft: 904 corp: 242/145Kb lim: 4869 exec/s: 22161 rss: 403Mb L: 68/4626 MS: 1 EraseBytes-
#310378	REDUCE cov: 188 ft: 904 corp: 242/145Kb lim: 4869 exec/s: 22169 rss: 403Mb L: 169/4626 MS: 3 ChangeASCIIInt-InsertByte-EraseBytes-
#310511	REDUCE cov: 188 ft: 904 corp: 242/145Kb lim: 4869 exec/s: 22179 rss: 403Mb L: 204/4626 MS: 3 ChangeBit-CMP-EraseBytes- DE: "\000\000m\351\323\244\337\232"-
#311334	REDUCE cov: 188 ft: 904 corp: 242/145Kb lim: 4869 exec/s: 22238 rss: 403Mb L: 145/4626 MS: 3 ChangeASCIIInt-CMP-EraseBytes- DE: "n8\","-
#311376	REDUCE cov: 188 ft: 904 corp: 242/145Kb lim: 4869 exec/s: 22241 rss: 403Mb L: 130/4626 MS: 2 ChangeBinInt-EraseBytes-
#311397	REDUCE cov: 188 ft: 904 corp: 242/145Kb lim: 4869 exec/s: 22242 rss: 403Mb L: 59/4626 MS: 1 EraseBytes-
#311624	REDUCE cov: 188 ft: 904 corp: 242/145Kb lim: 4869 exec/s: 22258 rss: 403Mb L: 167/4626 MS: 2 ChangeBinInt-EraseBytes-
#311981	REDUCE cov: 188 ft: 904 corp: 242/145Kb lim: 4869 exec/s: 22284 rss: 404Mb L: 387/4626 MS: 2 CrossOver-EraseBytes-
#312178	REDUCE cov: 188 ft: 904 corp: 242/145Kb lim: 4869 exec/s: 22298 rss: 404Mb L: 146/4626 MS: 2 ChangeASCIIInt-EraseBytes-
#312491	REDUCE cov: 188 ft: 904 corp: 242/145Kb lim: 4869 exec/s: 22320 rss: 404Mb L: 23/4626 MS: 3 ChangeBit-ChangeASCIIInt-EraseBytes-
#312952	REDUCE cov: 188 ft: 904 corp: 242/145Kb lim: 4869 exec/s: 22353 rss: 404Mb L: 108/4626 MS: 1 EraseBytes-
#312988	REDUCE cov: 188 ft: 904 corp: 242/145Kb lim: 4869 exec/s: 22356 rss: 404Mb L: 4597/4597 MS: 1 CrossOver-
#313404	REDUCE cov: 188 ft: 904 corp: 242/145Kb lim: 4869 exec/s: 22386 rss: 404Mb L: 168/4597 MS: 1 EraseBytes-
#314070	REDUCE cov: 188 ft: 904 corp: 242/145Kb lim: 4869 exec/s: 22433 rss: 405Mb L: 240/4597 MS: 1 EraseBytes-
#314196	REDUCE cov: 188 ft: 904 corp: 242/145Kb lim: 4869 exec/s: 22442 rss: 405Mb L: 46/4597 MS: 1 EraseBytes-
#315077	REDUCE cov: 188 ft: 904 corp: 242/145Kb lim: 4869 exec/s: 22505 rss: 405Mb L: 60/4597 MS: 1 EraseBytes-
#315118	REDUCE cov: 188 ft: 904 corp: 242/145Kb lim: 4869 exec/s: 22508 rss: 405Mb L: 6/4597 MS: 1 EraseBytes-
#315489	REDUCE cov: 188 ft: 904 corp: 242/145Kb lim: 4869 exec/s: 22534 rss: 405Mb L: 685/4597 MS: 1 EraseBytes-
#316191	REDUCE cov: 188 ft: 904 corp: 242/144Kb lim: 4869 exec/s: 22585 rss: 406Mb L: 1312/4597 MS: 2 CMP-EraseBytes- DE: "\000\000\000\000\000\000\000\000"-
#316242	REDUCE cov: 188 ft: 904 corp: 242/144Kb lim: 4869 exec/s: 22588 rss: 406Mb L: 61/4597 MS: 1 EraseBytes-
#316933	REDUCE cov: 188 ft: 904 corp: 242/144Kb lim: 4869 exec/s: 22638 rss: 406Mb L: 207/4597 MS: 1 EraseBytes-
#317420	REDUCE cov: 188 ft: 904 corp: 242/144Kb lim: 4869 exec/s: 22672 rss: 406Mb L: 296/4597 MS: 2 ChangeBinInt-EraseBytes-
#317481	REDUCE cov: 188 ft: 904 corp: 242/144Kb lim: 4869 exec/s: 21165 rss: 406Mb L: 6/4597 MS: 1 EraseBytes-
#317706	REDUCE cov: 188 ft: 904 corp: 242/144Kb lim: 4869 exec/s: 21180 rss: 407Mb L: 597/4597 MS: 5 ChangeASCIIInt-ChangeByte-CopyPart-ChangeASCIIInt-EraseBytes-
#317753	REDUCE cov: 188 ft: 904 corp: 242/144Kb lim: 4869 exec/s: 21183 rss: 407Mb L: 75/4597 MS: 2 ChangeByte-EraseBytes-
#317835	REDUCE cov: 188 ft: 904 corp: 242/144Kb lim: 4869 exec/s: 21189 rss: 407Mb L: 2812/4597 MS: 2 EraseBytes-InsertByte-
#318026	REDUCE cov: 188 ft: 904 corp: 242/144Kb lim: 4869 exec/s: 21201 rss: 407Mb L: 19/4597 MS: 1 EraseBytes-
#318039	REDUCE cov: 188 ft: 904 corp: 242/144Kb lim: 4869 exec/s: 21202 rss: 407Mb L: 34/4597 MS: 3 ChangeByte-InsertByte-EraseBytes-
#318325	REDUCE cov: 188 ft: 904 corp: 242/144Kb lim: 4869 exec/s: 21221 rss: 407Mb L: 225/4597 MS: 1 EraseBytes-
#318445	REDUCE cov: 188 ft: 904 corp: 242/144Kb lim: 4869 exec/s: 21229 rss: 407Mb L: 108/4597 MS: 5 PersAutoDict-InsertByte-CMP-ChangeBit-EraseBytes- DE: "\000\000\000\000\000\000\000\006"-"\000\003"-
#318824	REDUCE cov: 188 ft: 904 corp: 242/144Kb lim: 4869 exec/s: 21254 rss: 407Mb L: 1916/4597 MS: 4 PersAutoDict-CMP-CMP-EraseBytes- DE: "\","-"\001\000\000\000\000\000\000\000"-"\342\334\177\316"-
#319020	REDUCE cov: 188 ft: 904 corp: 242/144Kb lim: 4869 exec/s: 21268 rss: 407Mb L: 53/4597 MS: 1 EraseBytes-
#319031	REDUCE cov: 188 ft: 904 corp: 242/144Kb lim: 4869 exec/s: 21268 rss: 407Mb L: 31/4597 MS: 1 EraseBytes-
#319323	REDUCE cov: 188 ft: 904 corp: 242/144Kb lim: 4869 exec/s: 21288 rss: 407Mb L: 36/4597 MS: 2 ChangeASCIIInt-EraseBytes-
#319932	REDUCE cov: 188 ft: 904 corp: 242/144Kb lim: 4869 exec/s: 21328 rss: 407Mb L: 3919/4597 MS: 4 ShuffleBytes-CopyPart-ChangeBinInt-EraseBytes-
#320034	REDUCE cov: 188 ft: 904 corp: 242/144Kb lim: 4869 exec/s: 21335 rss: 407Mb L: 69/4597 MS: 2 ChangeASCIIInt-EraseBytes-
#320165	REDUCE cov: 188 ft: 904 corp: 242/144Kb lim: 4869 exec/s: 21344 rss: 407Mb L: 155/4597 MS: 1 EraseBytes-
#320291	REDUCE cov: 188 ft: 904 corp: 242/144Kb lim: 4869 exec/s: 21352 rss: 407Mb L: 158/4597 MS: 1 EraseBytes-
#320309	REDUCE cov: 188 ft: 904 corp: 242/144Kb lim: 4869 exec/s: 21353 rss: 407Mb L: 421/4597 MS: 3 EraseBytes-CrossOver-CopyPart-
#321140	REDUCE cov: 188 ft: 904 corp: 242/144Kb lim: 4869 exec/s: 21409 rss: 407Mb L: 24/4597 MS: 1 EraseBytes-
#321258	REDUCE cov: 188 ft: 904 corp: 242/144Kb lim: 4869 exec/s: 21417 rss: 407Mb L: 186/4597 MS: 3 ChangeBinInt-PersAutoDict-EraseBytes- DE: "0.03"-
#322124	REDUCE cov: 188 ft: 904 corp: 242/144Kb lim: 4869 exec/s: 21474 rss: 407Mb L: 49/4597 MS: 1 EraseBytes-
#322780	REDUCE cov: 188 ft: 904 corp: 242/144Kb lim: 4869 exec/s: 21518 rss: 407Mb L: 114/4597 MS: 1 EraseBytes-
#323061	REDUCE cov: 188 ft: 906 corp: 243/144Kb lim: 4869 exec/s: 21537 rss: 407Mb L: 298/4597 MS: 1 EraseBytes-
#323840	REDUCE cov: 188 ft: 906 corp: 243/144Kb lim: 4869 exec/s: 21589 rss: 407Mb L: 340/4597 MS: 4 ChangeBinInt-ShuffleBytes-InsertByte-EraseBytes-
#324048	REDUCE cov: 188 ft: 906 corp: 243/144Kb lim: 4869 exec/s: 21603 rss: 407Mb L: 4/4597 MS: 3 ChangeASCIIInt-ShuffleBytes-EraseBytes-
#324311	REDUCE cov: 188 ft: 906 corp: 243/144Kb lim: 4869 exec/s: 21620 rss: 407Mb L: 284/4597 MS: 3 ShuffleBytes-ChangeByte-EraseBytes-
#324672	REDUCE cov: 188 ft: 906 corp: 243/144Kb lim: 4869 exec/s: 21644 rss: 407Mb L: 371/4597 MS: 1 CrossOver-
#324898	REDUCE cov: 188 ft: 906 corp: 243/144Kb lim: 4869 exec/s: 21659 rss: 407Mb L: 76/4597 MS: 1 EraseBytes-
#325039	REDUCE cov: 188 ft: 906 corp: 243/144Kb lim: 4869 exec/s: 21669 rss: 407Mb L: 150/4597 MS: 1 EraseBytes-
#325200	REDUCE cov: 188 ft: 906 corp: 243/144Kb lim: 4869 exec/s: 21680 rss: 407Mb L: 1760/4597 MS: 1 EraseBytes-
#325326	REDUCE cov: 188 ft: 906 corp: 243/144Kb lim: 4869 exec/s: 21688 rss: 407Mb L: 181/4597 MS: 1 EraseBytes-
#325342	REDUCE cov: 188 ft: 906 corp: 243/144Kb lim: 4869 exec/s: 21689 rss: 407Mb L: 42/4597 MS: 1 EraseBytes-
#326253	REDUCE cov: 188 ft: 906 corp: 243/144Kb lim: 4869 exec/s: 21750 rss: 407Mb L: 287/4597 MS: 1 EraseBytes-
#326322	REDUCE cov: 188 ft: 906 corp: 243/144Kb lim: 4869 exec/s: 21754 rss: 407Mb L: 165/4597 MS: 4 PersAutoDict-CMP-ShuffleBytes-EraseBytes- DE: "\317\260\006\323Im\000\000"-"\271\377\377\377"-
#326338	REDUCE cov: 188 ft: 906 corp: 243/144Kb lim: 4869 exec/s: 21755 rss: 407Mb L: 185/4597 MS: 1 EraseBytes-
#326779	REDUCE cov: 188 ft: 906 corp: 243/144Kb lim: 4869 exec/s: 21785 rss: 407Mb L: 181/4597 MS: 1 EraseBytes-
#326808	REDUCE cov: 188 ft: 906 corp: 243/144Kb lim: 4869 exec/s: 21787 rss: 407Mb L: 135/4597 MS: 4 ChangeASCIIInt-ChangeBinInt-InsertByte-EraseBytes-
#327129	REDUCE cov: 188 ft: 906 corp: 243/144Kb lim: 4869 exec/s: 21808 rss: 407Mb L: 34/4597 MS: 1 EraseBytes-
#327187	REDUCE cov: 188 ft: 906 corp: 243/144Kb lim: 4869 exec/s: 21812 rss: 407Mb L: 154/4597 MS: 3 ChangeASCIIInt-CopyPart-EraseBytes-
#327514	REDUCE cov: 188 ft: 906 corp: 243/144Kb lim: 4869 exec/s: 21834 rss: 407Mb L: 43/4597 MS: 2 CopyPart-EraseBytes-
#327875	REDUCE cov: 188 ft: 906 corp: 243/144Kb lim: 4869 exec/s: 21858 rss: 407Mb L: 87/4597 MS: 1 EraseBytes-
#328566	REDUCE cov: 188 ft: 906 corp: 243/144Kb lim: 4869 exec/s: 21904 rss: 408Mb L: 114/4597 MS: 1 EraseBytes-
#328943	REDUCE cov: 188 ft: 906 corp: 243/144Kb lim: 4869 exec/s: 21929 rss: 408Mb L: 51/4597 MS: 2 ChangeBit-EraseBytes-
#329084	REDUCE cov: 188 ft: 906 corp: 243/144Kb lim: 4869 exec/s: 21938 rss: 408Mb L: 137/4597 MS: 1 EraseBytes-
#329131	REDUCE cov: 188 ft: 906 corp: 243/144Kb lim: 4869 exec/s: 21942 rss: 408Mb L: 69/4597 MS: 2 ShuffleBytes-EraseBytes-
#329523	REDUCE cov: 188 ft: 906 corp: 243/144Kb lim: 4869 exec/s: 21968 rss: 408Mb L: 56/4597 MS: 2 ChangeASCIIInt-EraseBytes-
#329820	REDUCE cov: 188 ft: 906 corp: 243/144Kb lim: 4869 exec/s: 21988 rss: 408Mb L: 349/4597 MS: 2 ChangeASCIIInt-EraseBytes-
#329861	REDUCE cov: 188 ft: 906 corp: 243/144Kb lim: 4869 exec/s: 21990 rss: 408Mb L: 35/4597 MS: 1 EraseBytes-
#329915	REDUCE cov: 188 ft: 906 corp: 243/144Kb lim: 4869 exec/s: 21994 rss: 408Mb L: 1681/4597 MS: 4 CopyPart-InsertRepeatedBytes-ChangeASCIIInt-EraseBytes-
#329996	REDUCE cov: 188 ft: 906 corp: 243/144Kb lim: 4869 exec/s: 21999 rss: 408Mb L: 79/4597 MS: 1 EraseBytes-
#330233	REDUCE cov: 188 ft: 906 corp: 243/143Kb lim: 4869 exec/s: 22015 rss: 408Mb L: 4336/4597 MS: 2 ChangeASCIIInt-EraseBytes-
#330264	REDUCE cov: 188 ft: 906 corp: 243/143Kb lim: 4869 exec/s: 22017 rss: 408Mb L: 121/4597 MS: 1 EraseBytes-
#330586	REDUCE cov: 188 ft: 906 corp: 243/143Kb lim: 4869 exec/s: 22039 rss: 408Mb L: 144/4597 MS: 2 PersAutoDict-EraseBytes- DE: "\377\377\377\377\377\377\000C"-
#330982	REDUCE cov: 188 ft: 906 corp: 243/143Kb lim: 4869 exec/s: 22065 rss: 408Mb L: 241/4597 MS: 1 EraseBytes-
#331169	REDUCE cov: 188 ft: 906 corp: 243/143Kb lim: 4869 exec/s: 22077 rss: 408Mb L: 142/4597 MS: 2 PersAutoDict-EraseBytes- DE: "\377\377\377\272"-
#331500	REDUCE cov: 188 ft: 906 corp: 243/143Kb lim: 4869 exec/s: 22100 rss: 408Mb L: 82/4597 MS: 1 EraseBytes-
#331741	REDUCE cov: 188 ft: 906 corp: 243/143Kb lim: 4869 exec/s: 22116 rss: 408Mb L: 213/4597 MS: 1 EraseBytes-
#331792	REDUCE cov: 188 ft: 906 corp: 243/143Kb lim: 4869 exec/s: 22119 rss: 408Mb L: 8/4597 MS: 1 EraseBytes-
#332138	REDUCE cov: 188 ft: 906 corp: 243/143Kb lim: 4869 exec/s: 22142 rss: 408Mb L: 3068/4597 MS: 1 EraseBytes-
#332444	REDUCE cov: 188 ft: 906 corp: 243/143Kb lim: 4869 exec/s: 22162 rss: 408Mb L: 64/4597 MS: 1 EraseBytes-
#332660	REDUCE cov: 188 ft: 906 corp: 243/143Kb lim: 4869 exec/s: 22177 rss: 408Mb L: 83/4597 MS: 1 EraseBytes-
#333021	REDUCE cov: 188 ft: 906 corp: 243/143Kb lim: 4869 exec/s: 22201 rss: 408Mb L: 28/4597 MS: 1 EraseBytes-
#333262	REDUCE cov: 188 ft: 906 corp: 243/143Kb lim: 4869 exec/s: 22217 rss: 408Mb L: 99/4597 MS: 1 EraseBytes-
#333859	REDUCE cov: 188 ft: 906 corp: 243/143Kb lim: 4869 exec/s: 22257 rss: 408Mb L: 74/4597 MS: 2 ShuffleBytes-EraseBytes-
#334125	REDUCE cov: 188 ft: 906 corp: 243/143Kb lim: 4869 exec/s: 22275 rss: 408Mb L: 6/4597 MS: 1 EraseBytes-
#334352	REDUCE cov: 188 ft: 906 corp: 243/143Kb lim: 4869 exec/s: 22290 rss: 408Mb L: 185/4597 MS: 2 CopyPart-EraseBytes-
#334431	REDUCE cov: 188 ft: 906 corp: 243/143Kb lim: 4869 exec/s: 22295 rss: 408Mb L: 1923/4597 MS: 4 InsertRepeatedBytes-InsertRepeatedBytes-PersAutoDict-EraseBytes- DE: "\376\377\377\270"-
#334827	REDUCE cov: 188 ft: 906 corp: 243/143Kb lim: 4869 exec/s: 22321 rss: 408Mb L: 22/4597 MS: 1 EraseBytes-
#335603	REDUCE cov: 188 ft: 906 corp: 243/143Kb lim: 4869 exec/s: 22373 rss: 408Mb L: 157/4597 MS: 1 EraseBytes-
#335693	REDUCE cov: 188 ft: 906 corp: 243/143Kb lim: 4869 exec/s: 22379 rss: 408Mb L: 3064/4597 MS: 5 ChangeASCIIInt-PersAutoDict-CopyPart-ChangeBinInt-EraseBytes- DE: "\001\000m\231\323\004\302\216"-
#336335	REDUCE cov: 188 ft: 906 corp: 243/143Kb lim: 4869 exec/s: 22422 rss: 408Mb L: 218/4597 MS: 2 ChangeBit-EraseBytes-
#336346	REDUCE cov: 188 ft: 906 corp: 243/143Kb lim: 4869 exec/s: 22423 rss: 408Mb L: 112/4597 MS: 1 EraseBytes-
#336617	REDUCE cov: 188 ft: 906 corp: 243/143Kb lim: 4869 exec/s: 22441 rss: 408Mb L: 179/4597 MS: 1 EraseBytes-
#336748	REDUCE cov: 188 ft: 906 corp: 243/143Kb lim: 4869 exec/s: 22449 rss: 408Mb L: 898/4597 MS: 1 EraseBytes-
#336934	REDUCE cov: 188 ft: 906 corp: 243/143Kb lim: 4869 exec/s: 22462 rss: 408Mb L: 305/4597 MS: 1 EraseBytes-
#336990	REDUCE cov: 188 ft: 906 corp: 243/143Kb lim: 4869 exec/s: 22466 rss: 408Mb L: 6/4597 MS: 1 EraseBytes-
#337201	REDUCE cov: 188 ft: 906 corp: 243/143Kb lim: 4869 exec/s: 22480 rss: 408Mb L: 274/4597 MS: 1 EraseBytes-
#337442	REDUCE cov: 188 ft: 906 corp: 243/143Kb lim: 4869 exec/s: 22496 rss: 408Mb L: 942/4597 MS: 1 EraseBytes-
#338257	REDUCE cov: 188 ft: 906 corp: 243/143Kb lim: 4869 exec/s: 22550 rss: 408Mb L: 485/4597 MS: 5 CopyPart-ChangeBit-CopyPart-PersAutoDict-EraseBytes- DE: "\342\334\177\316"-
#338744	REDUCE cov: 188 ft: 906 corp: 243/143Kb lim: 4869 exec/s: 22582 rss: 408Mb L: 189/4597 MS: 2 ShuffleBytes-EraseBytes-
#339455	REDUCE cov: 188 ft: 906 corp: 243/143Kb lim: 4869 exec/s: 22630 rss: 408Mb L: 29/4597 MS: 1 EraseBytes-
#340241	REDUCE cov: 188 ft: 906 corp: 243/143Kb lim: 4869 exec/s: 22682 rss: 408Mb L: 2828/4597 MS: 1 EraseBytes-
#340282	REDUCE cov: 188 ft: 906 corp: 243/143Kb lim: 4869 exec/s: 22685 rss: 408Mb L: 156/4597 MS: 1 EraseBytes-
#340958	REDUCE cov: 188 ft: 906 corp: 243/143Kb lim: 4869 exec/s: 22730 rss: 408Mb L: 87/4597 MS: 1 EraseBytes-
#341504	REDUCE cov: 188 ft: 906 corp: 243/143Kb lim: 4869 exec/s: 22766 rss: 409Mb L: 2268/4597 MS: 1 EraseBytes-
#342139	REDUCE cov: 188 ft: 906 corp: 243/143Kb lim: 4869 exec/s: 22809 rss: 409Mb L: 109/4597 MS: 5 CMP-ChangeBinInt-ChangeASCIIInt-ChangeBinInt-EraseBytes- DE: "\377\377\377\377"-
#342430	REDUCE cov: 188 ft: 906 corp: 243/143Kb lim: 4869 exec/s: 22828 rss: 409Mb L: 120/4597 MS: 1 EraseBytes-
#342667	REDUCE cov: 188 ft: 906 corp: 243/143Kb lim: 4869 exec/s: 22844 rss: 409Mb L: 169/4597 MS: 2 InsertRepeatedBytes-EraseBytes-
#343201	REDUCE cov: 188 ft: 906 corp: 243/143Kb lim: 4869 exec/s: 22880 rss: 409Mb L: 1847/4597 MS: 4 ChangeBinInt-ChangeByte-ChangeBit-EraseBytes-
#343247	REDUCE cov: 188 ft: 906 corp: 243/143Kb lim: 4869 exec/s: 22883 rss: 409Mb L: 116/4597 MS: 1 EraseBytes-
#343298	REDUCE cov: 188 ft: 906 corp: 243/143Kb lim: 4869 exec/s: 22886 rss: 409Mb L: 101/4597 MS: 1 EraseBytes-
#343405	REDUCE cov: 188 ft: 906 corp: 243/143Kb lim: 4869 exec/s: 22893 rss: 409Mb L: 96/4597 MS: 2 ChangeASCIIInt-EraseBytes-
#344022	REDUCE cov: 188 ft: 906 corp: 243/143Kb lim: 4869 exec/s: 22934 rss: 409Mb L: 65/4597 MS: 2 PersAutoDict-EraseBytes- DE: "\377\377\377\374"-
#344098	REDUCE cov: 188 ft: 906 corp: 243/143Kb lim: 4869 exec/s: 22939 rss: 409Mb L: 52/4597 MS: 1 EraseBytes-
#344348	REDUCE cov: 188 ft: 906 corp: 243/142Kb lim: 4869 exec/s: 21521 rss: 409Mb L: 194/4597 MS: 5 CrossOver-ChangeBit-ChangeASCIIInt-CMP-EraseBytes- DE: "book"-
#344570	REDUCE cov: 188 ft: 906 corp: 243/142Kb lim: 4869 exec/s: 21535 rss: 409Mb L: 61/4597 MS: 2 ChangeBit-EraseBytes-
#344796	REDUCE cov: 188 ft: 906 corp: 243/142Kb lim: 4869 exec/s: 21549 rss: 409Mb L: 1509/4597 MS: 1 EraseBytes-
#345058	REDUCE cov: 188 ft: 906 corp: 243/142Kb lim: 4869 exec/s: 21566 rss: 409Mb L: 80/4597 MS: 2 ChangeASCIIInt-EraseBytes-
#345299	REDUCE cov: 188 ft: 906 corp: 243/142Kb lim: 4869 exec/s: 21581 rss: 409Mb L: 169/4597 MS: 1 EraseBytes-
#345700	REDUCE cov: 188 ft: 906 corp: 243/142Kb lim: 4869 exec/s: 21606 rss: 410Mb L: 188/4597 MS: 1 EraseBytes-
#345925	REDUCE cov: 188 ft: 906 corp: 243/142Kb lim: 4869 exec/s: 21620 rss: 410Mb L: 236/4597 MS: 5 InsertByte-ChangeBinInt-ChangeBinInt-InsertRepeatedBytes-EraseBytes-
#346286	REDUCE cov: 188 ft: 906 corp: 243/142Kb lim: 4869 exec/s: 21642 rss: 410Mb L: 198/4597 MS: 1 EraseBytes-
#346692	REDUCE cov: 188 ft: 906 corp: 243/142Kb lim: 4869 exec/s: 21668 rss: 410Mb L: 173/4597 MS: 1 EraseBytes-
#347358	REDUCE cov: 188 ft: 906 corp: 243/142Kb lim: 4869 exec/s: 21709 rss: 411Mb L: 165/4597 MS: 1 EraseBytes-
#347950	REDUCE cov: 188 ft: 906 corp: 243/142Kb lim: 4869 exec/s: 21746 rss: 411Mb L: 1665/4597 MS: 2 ChangeBit-EraseBytes-
#347993	REDUCE cov: 188 ft: 906 corp: 243/142Kb lim: 4869 exec/s: 21749 rss: 411Mb L: 187/4597 MS: 3 PersAutoDict-ChangeByte-EraseBytes- DE: "\324\013\006\323\371n\000\000"-
#348209	REDUCE cov: 188 ft: 906 corp: 243/142Kb lim: 4869 exec/s: 21763 rss: 412Mb L: 51/4597 MS: 1 EraseBytes-
#348400	REDUCE cov: 188 ft: 906 corp: 243/142Kb lim: 4869 exec/s: 21775 rss: 412Mb L: 24/4597 MS: 1 EraseBytes-
#348673	REDUCE cov: 188 ft: 906 corp: 243/142Kb lim: 4869 exec/s: 21792 rss: 412Mb L: 168/4597 MS: 3 ChangeASCIIInt-ShuffleBytes-EraseBytes-
#348674	REDUCE cov: 188 ft: 906 corp: 243/142Kb lim: 4869 exec/s: 21792 rss: 412Mb L: 238/4597 MS: 1 EraseBytes-
#348735	REDUCE cov: 188 ft: 906 corp: 243/142Kb lim: 4869 exec/s: 21795 rss: 412Mb L: 37/4597 MS: 1 EraseBytes-
#349236	REDUCE cov: 188 ft: 906 corp: 243/142Kb lim: 4869 exec/s: 21827 rss: 412Mb L: 125/4597 MS: 1 EraseBytes-
#350490	REDUCE cov: 188 ft: 907 corp: 244/142Kb lim: 4869 exec/s: 21905 rss: 413Mb L: 168/4597 MS: 4 PersAutoDict-InsertByte-CrossOver-CMP- DE: "\001\015"-"\001\000\000\000\000\000\000\000"-
#350716	REDUCE cov: 188 ft: 907 corp: 244/142Kb lim: 4869 exec/s: 21919 rss: 413Mb L: 88/4597 MS: 1 EraseBytes-
#351458	REDUCE cov: 188 ft: 907 corp: 244/142Kb lim: 4869 exec/s: 21966 rss: 413Mb L: 57/4597 MS: 2 ChangeBit-EraseBytes-
#351790	REDUCE cov: 188 ft: 907 corp: 244/142Kb lim: 4869 exec/s: 21986 rss: 413Mb L: 250/4597 MS: 2 ChangeBinInt-EraseBytes-
#351878	REDUCE cov: 188 ft: 907 corp: 244/142Kb lim: 4869 exec/s: 21992 rss: 413Mb L: 284/4597 MS: 3 ChangeBinInt-ChangeBit-EraseBytes-
#353739	REDUCE cov: 188 ft: 907 corp: 244/142Kb lim: 4869 exec/s: 22108 rss: 413Mb L: 84/4597 MS: 1 EraseBytes-
#354319	REDUCE cov: 188 ft: 907 corp: 244/142Kb lim: 4869 exec/s: 22144 rss: 413Mb L: 254/4597 MS: 5 ShuffleBytes-ShuffleBytes-ChangeASCIIInt-ChangeBinInt-EraseBytes-
#354575	REDUCE cov: 188 ft: 907 corp: 244/142Kb lim: 4869 exec/s: 22160 rss: 413Mb L: 118/4597 MS: 1 EraseBytes-
#354591	REDUCE cov: 188 ft: 907 corp: 244/142Kb lim: 4869 exec/s: 22161 rss: 413Mb L: 117/4597 MS: 1 EraseBytes-
#354599	REDUCE cov: 188 ft: 907 corp: 244/142Kb lim: 4869 exec/s: 22162 rss: 413Mb L: 309/4597 MS: 3 InsertByte-ChangeASCIIInt-EraseBytes-
#355447	REDUCE cov: 188 ft: 907 corp: 244/142Kb lim: 4869 exec/s: 22215 rss: 413Mb L: 178/4597 MS: 3 InsertByte-ChangeByte-EraseBytes-
#356593	REDUCE cov: 188 ft: 907 corp: 244/142Kb lim: 4869 exec/s: 22287 rss: 413Mb L: 171/4597 MS: 1 EraseBytes-
#356879	REDUCE cov: 188 ft: 907 corp: 244/142Kb lim: 4869 exec/s: 22304 rss: 413Mb L: 1591/4597 MS: 1 EraseBytes-
#357431	REDUCE cov: 188 ft: 907 corp: 244/142Kb lim: 4869 exec/s: 22339 rss: 413Mb L: 115/4597 MS: 2 ChangeBit-EraseBytes-
#358607	REDUCE cov: 188 ft: 907 corp: 244/142Kb lim: 4869 exec/s: 22412 rss: 413Mb L: 114/4597 MS: 1 EraseBytes-
#358640	REDUCE cov: 188 ft: 907 corp: 244/142Kb lim: 4869 exec/s: 22415 rss: 413Mb L: 145/4597 MS: 3 ChangeBit-InsertRepeatedBytes-EraseBytes-
#358692	REDUCE cov: 188 ft: 907 corp: 244/142Kb lim: 4869 exec/s: 22418 rss: 413Mb L: 108/4597 MS: 2 PersAutoDict-EraseBytes- DE: "\374\377\377\377"-
#358824	REDUCE cov: 188 ft: 907 corp: 244/142Kb lim: 4869 exec/s: 22426 rss: 413Mb L: 78/4597 MS: 2 ChangeBinInt-EraseBytes-
#358910	REDUCE cov: 188 ft: 907 corp: 244/142Kb lim: 4869 exec/s: 22431 rss: 413Mb L: 41/4597 MS: 1 EraseBytes-
#359137	REDUCE cov: 188 ft: 907 corp: 244/142Kb lim: 4869 exec/s: 22446 rss: 413Mb L: 600/4597 MS: 2 InsertRepeatedBytes-EraseBytes-
#359373	REDUCE cov: 188 ft: 907 corp: 244/142Kb lim: 4869 exec/s: 22460 rss: 413Mb L: 39/4597 MS: 1 EraseBytes-
#359669	REDUCE cov: 188 ft: 907 corp: 244/142Kb lim: 4869 exec/s: 22479 rss: 413Mb L: 1175/4597 MS: 1 CrossOver-
#359735	REDUCE cov: 188 ft: 907 corp: 244/142Kb lim: 4869 exec/s: 22483 rss: 413Mb L: 177/4597 MS: 1 EraseBytes-
#360637	REDUCE cov: 188 ft: 907 corp: 244/142Kb lim: 4869 exec/s: 22539 rss: 413Mb L: 55/4597 MS: 2 CrossOver-EraseBytes-
#360639	REDUCE cov: 188 ft: 907 corp: 244/142Kb lim: 4869 exec/s: 22539 rss: 413Mb L: 128/4597 MS: 2 PersAutoDict-EraseBytes- DE: "\000\000\000\005"-
#360760	REDUCE cov: 188 ft: 907 corp: 244/142Kb lim: 4869 exec/s: 22547 rss: 413Mb L: 68/4597 MS: 1 EraseBytes-
#360831	REDUCE cov: 188 ft: 907 corp: 244/142Kb lim: 4869 exec/s: 22551 rss: 413Mb L: 72/4597 MS: 1 EraseBytes-
#361189	REDUCE cov: 188 ft: 907 corp: 244/142Kb lim: 4869 exec/s: 22574 rss: 413Mb L: 363/4597 MS: 3 InsertByte-InsertByte-EraseBytes-
#361380	REDUCE cov: 188 ft: 907 corp: 244/142Kb lim: 4869 exec/s: 22586 rss: 413Mb L: 152/4597 MS: 1 EraseBytes-
#361421	REDUCE cov: 188 ft: 907 corp: 244/142Kb lim: 4869 exec/s: 22588 rss: 413Mb L: 128/4597 MS: 1 EraseBytes-
#361467	REDUCE cov: 188 ft: 907 corp: 244/142Kb lim: 4869 exec/s: 22591 rss: 413Mb L: 48/4597 MS: 1 EraseBytes-
#361734	REDUCE cov: 188 ft: 907 corp: 244/142Kb lim: 4869 exec/s: 22608 rss: 413Mb L: 130/4597 MS: 2 InsertRepeatedBytes-EraseBytes-
#362353	REDUCE cov: 188 ft: 907 corp: 244/142Kb lim: 4869 exec/s: 22647 rss: 413Mb L: 166/4597 MS: 4 ShuffleBytes-ChangeASCIIInt-CMP-EraseBytes- DE: "\377\377\377\377\377\377\377\377"-
#362569	REDUCE cov: 188 ft: 907 corp: 244/142Kb lim: 4869 exec/s: 22660 rss: 413Mb L: 128/4597 MS: 1 EraseBytes-
#362950	REDUCE cov: 188 ft: 907 corp: 244/142Kb lim: 4869 exec/s: 22684 rss: 413Mb L: 87/4597 MS: 1 EraseBytes-
#363150	REDUCE cov: 188 ft: 907 corp: 244/141Kb lim: 4869 exec/s: 22696 rss: 413Mb L: 1682/4597 MS: 5 InsertRepeatedBytes-InsertByte-ChangeBinInt-ChangeBinInt-EraseBytes-
#363191	REDUCE cov: 188 ft: 907 corp: 244/141Kb lim: 4869 exec/s: 22699 rss: 413Mb L: 282/4597 MS: 1 EraseBytes-
#363767	REDUCE cov: 188 ft: 907 corp: 244/141Kb lim: 4869 exec/s: 22735 rss: 413Mb L: 528/4597 MS: 1 EraseBytes-
#364414	REDUCE cov: 188 ft: 907 corp: 244/141Kb lim: 4869 exec/s: 22775 rss: 413Mb L: 98/4597 MS: 2 ChangeByte-EraseBytes-
#365206	REDUCE cov: 188 ft: 907 corp: 244/141Kb lim: 4869 exec/s: 22825 rss: 413Mb L: 119/4597 MS: 2 ChangeASCIIInt-EraseBytes-
#365747	REDUCE cov: 188 ft: 907 corp: 244/141Kb lim: 4869 exec/s: 22859 rss: 413Mb L: 133/4597 MS: 1 EraseBytes-
#365861	REDUCE cov: 188 ft: 907 corp: 244/141Kb lim: 4869 exec/s: 22866 rss: 413Mb L: 120/4597 MS: 4 ChangeBinInt-ShuffleBytes-PersAutoDict-EraseBytes- DE: "\013\000\000\000\000\000\000\000"-
#365929	REDUCE cov: 188 ft: 907 corp: 244/141Kb lim: 4869 exec/s: 22870 rss: 413Mb L: 178/4597 MS: 3 ChangeASCIIInt-ChangeBit-EraseBytes-
#366026	REDUCE cov: 188 ft: 907 corp: 244/141Kb lim: 4869 exec/s: 22876 rss: 413Mb L: 4130/4597 MS: 2 ChangeASCIIInt-EraseBytes-
#366487	REDUCE cov: 188 ft: 907 corp: 244/141Kb lim: 4869 exec/s: 22905 rss: 413Mb L: 36/4597 MS: 1 EraseBytes-
#367924	REDUCE cov: 188 ft: 907 corp: 244/141Kb lim: 4869 exec/s: 22995 rss: 414Mb L: 153/4597 MS: 2 ChangeByte-EraseBytes-
#369076	REDUCE cov: 188 ft: 907 corp: 244/141Kb lim: 4869 exec/s: 21710 rss: 414Mb L: 277/4597 MS: 2 ChangeByte-EraseBytes-
#370153	REDUCE cov: 188 ft: 907 corp: 244/141Kb lim: 4869 exec/s: 21773 rss: 414Mb L: 3025/4597 MS: 2 ShuffleBytes-EraseBytes-
#370917	REDUCE cov: 188 ft: 907 corp: 244/141Kb lim: 4869 exec/s: 21818 rss: 414Mb L: 199/4597 MS: 4 InsertRepeatedBytes-ChangeASCIIInt-ChangeBinInt-EraseBytes-
#370962	REDUCE cov: 188 ft: 907 corp: 244/141Kb lim: 4869 exec/s: 21821 rss: 414Mb L: 569/4597 MS: 5 EraseBytes-CopyPart-PersAutoDict-ChangeASCIIInt-EraseBytes- DE: "\376\377\377\367"-
#371178	REDUCE cov: 188 ft: 907 corp: 244/141Kb lim: 4869 exec/s: 21834 rss: 414Mb L: 54/4597 MS: 1 EraseBytes-
#371385	REDUCE cov: 188 ft: 907 corp: 244/141Kb lim: 4869 exec/s: 21846 rss: 414Mb L: 105/4597 MS: 2 CMP-EraseBytes- DE: "\377\377"-
#372541	REDUCE cov: 188 ft: 907 corp: 244/141Kb lim: 4869 exec/s: 21914 rss: 414Mb L: 194/4597 MS: 1 EraseBytes-
#373887	REDUCE cov: 188 ft: 907 corp: 244/141Kb lim: 4869 exec/s: 21993 rss: 414Mb L: 244/4597 MS: 1 EraseBytes-
#375203	REDUCE cov: 188 ft: 907 corp: 244/141Kb lim: 4869 exec/s: 22070 rss: 415Mb L: 39/4597 MS: 1 EraseBytes-
#375610	REDUCE cov: 188 ft: 907 corp: 244/141Kb lim: 4869 exec/s: 22094 rss: 415Mb L: 110/4597 MS: 2 ChangeByte-EraseBytes-
#375781	REDUCE cov: 188 ft: 907 corp: 244/141Kb lim: 4869 exec/s: 22104 rss: 415Mb L: 33/4597 MS: 1 EraseBytes-
#375817	REDUCE cov: 188 ft: 907 corp: 244/141Kb lim: 4869 exec/s: 22106 rss: 415Mb L: 156/4597 MS: 1 EraseBytes-
#375853	REDUCE cov: 188 ft: 907 corp: 244/141Kb lim: 4869 exec/s: 22109 rss: 415Mb L: 52/4597 MS: 1 EraseBytes-
#375989	REDUCE cov: 188 ft: 907 corp: 244/141Kb lim: 4869 exec/s: 22117 rss: 415Mb L: 6/4597 MS: 1 EraseBytes-
#376430	REDUCE cov: 188 ft: 907 corp: 244/141Kb lim: 4869 exec/s: 22142 rss: 415Mb L: 207/4597 MS: 1 EraseBytes-
#377134	REDUCE cov: 188 ft: 907 corp: 244/141Kb lim: 4869 exec/s: 22184 rss: 416Mb L: 82/4597 MS: 4 InsertRepeatedBytes-PersAutoDict-PersAutoDict-EraseBytes- DE: "\001\000n\251\323\011\233M"-"+\":,"-
#377706	REDUCE cov: 188 ft: 907 corp: 244/141Kb lim: 4869 exec/s: 22218 rss: 416Mb L: 140/4597 MS: 2 ChangeByte-EraseBytes-
#377836	REDUCE cov: 188 ft: 907 corp: 244/141Kb lim: 4869 exec/s: 22225 rss: 416Mb L: 159/4597 MS: 5 ChangeASCIIInt-CMP-PersAutoDict-ShuffleBytes-EraseBytes- DE: "\001\000\000\010"-"\377\377m9\3230\314\343"-
#378157	REDUCE cov: 188 ft: 907 corp: 244/141Kb lim: 4869 exec/s: 22244 rss: 416Mb L: 58/4597 MS: 1 EraseBytes-
#378169	REDUCE cov: 188 ft: 907 corp: 244/141Kb lim: 4869 exec/s: 22245 rss: 416Mb L: 76/4597 MS: 2 ChangeBit-EraseBytes-
#378220	REDUCE cov: 188 ft: 907 corp: 244/141Kb lim: 4869 exec/s: 22248 rss: 416Mb L: 177/4597 MS: 1 EraseBytes-
#379116	REDUCE cov: 188 ft: 907 corp: 244/141Kb lim: 4869 exec/s: 22300 rss: 417Mb L: 5/4597 MS: 1 EraseBytes-
#379398	REDUCE cov: 188 ft: 907 corp: 244/141Kb lim: 4869 exec/s: 22317 rss: 417Mb L: 282/4597 MS: 2 InsertByte-EraseBytes-
#379802	REDUCE cov: 188 ft: 907 corp: 244/141Kb lim: 4869 exec/s: 22341 rss: 417Mb L: 204/4597 MS: 4 ChangeByte-ChangeBinInt-ChangeASCIIInt-EraseBytes-
#380615	REDUCE cov: 188 ft: 907 corp: 244/141Kb lim: 4869 exec/s: 22389 rss: 417Mb L: 121/4597 MS: 3 ChangeByte-ChangeBit-EraseBytes-
#380666	REDUCE cov: 188 ft: 907 corp: 244/141Kb lim: 4869 exec/s: 22392 rss: 417Mb L: 82/4597 MS: 1 EraseBytes-
#380667	REDUCE cov: 188 ft: 907 corp: 244/141Kb lim: 4869 exec/s: 22392 rss: 417Mb L: 362/4597 MS: 1 EraseBytes-
#380853	REDUCE cov: 188 ft: 907 corp: 244/141Kb lim: 4869 exec/s: 22403 rss: 417Mb L: 69/4597 MS: 1 EraseBytes-
#381949	REDUCE cov: 188 ft: 907 corp: 244/141Kb lim: 4869 exec/s: 22467 rss: 418Mb L: 169/4597 MS: 1 EraseBytes-
#382431	REDUCE cov: 188 ft: 907 corp: 244/141Kb lim: 4869 exec/s: 22495 rss: 418Mb L: 55/4597 MS: 2 ChangeByte-EraseBytes-
#382737	REDUCE cov: 188 ft: 907 corp: 244/141Kb lim: 4869 exec/s: 22513 rss: 418Mb L: 103/4597 MS: 1 EraseBytes-
#383242	REDUCE cov: 188 ft: 907 corp: 244/141Kb lim: 4869 exec/s: 22543 rss: 419Mb L: 545/4597 MS: 5 CMP-PersAutoDict-EraseBytes-InsertByte-CopyPart- DE: "\000\000\000\000\000\000\000\000"-"\001\015"-
#383783	REDUCE cov: 188 ft: 907 corp: 244/141Kb lim: 4869 exec/s: 22575 rss: 419Mb L: 146/4597 MS: 1 EraseBytes-
#383885	REDUCE cov: 188 ft: 907 corp: 244/141Kb lim: 4869 exec/s: 22581 rss: 419Mb L: 161/4597 MS: 2 ChangeASCIIInt-EraseBytes-
#384321	REDUCE cov: 188 ft: 907 corp: 244/141Kb lim: 4869 exec/s: 22607 rss: 419Mb L: 175/4597 MS: 1 EraseBytes-
#384842	REDUCE cov: 188 ft: 907 corp: 244/141Kb lim: 4869 exec/s: 22637 rss: 419Mb L: 22/4597 MS: 1 EraseBytes-
#386593	REDUCE cov: 188 ft: 907 corp: 244/141Kb lim: 4869 exec/s: 22740 rss: 419Mb L: 128/4597 MS: 1 EraseBytes-
#386889	REDUCE cov: 188 ft: 907 corp: 244/141Kb lim: 4869 exec/s: 22758 rss: 419Mb L: 72/4597 MS: 1 EraseBytes-
#387206	REDUCE cov: 188 ft: 907 corp: 244/141Kb lim: 4869 exec/s: 22776 rss: 419Mb L: 50/4597 MS: 2 CopyPart-EraseBytes-
#387592	REDUCE cov: 188 ft: 907 corp: 244/141Kb lim: 4869 exec/s: 22799 rss: 419Mb L: 113/4597 MS: 1 EraseBytes-
#389283	REDUCE cov: 188 ft: 907 corp: 244/141Kb lim: 4869 exec/s: 22899 rss: 419Mb L: 190/4597 MS: 1 EraseBytes-
#390750	REDUCE cov: 188 ft: 907 corp: 244/141Kb lim: 4869 exec/s: 22985 rss: 419Mb L: 99/4597 MS: 2 InsertByte-EraseBytes-
#391041	REDUCE cov: 188 ft: 907 corp: 244/141Kb lim: 4869 exec/s: 23002 rss: 419Mb L: 4207/4597 MS: 1 EraseBytes-
#391083	REDUCE cov: 188 ft: 907 corp: 244/141Kb lim: 4869 exec/s: 23004 rss: 419Mb L: 131/4597 MS: 2 CMP-EraseBytes- DE: ":{"-
#391404	REDUCE cov: 188 ft: 907 corp: 244/141Kb lim: 4869 exec/s: 23023 rss: 419Mb L: 203/4597 MS: 1 EraseBytes-
#391506	REDUCE cov: 188 ft: 907 corp: 244/141Kb lim: 4869 exec/s: 23029 rss: 419Mb L: 385/4597 MS: 2 CopyPart-CrossOver-
#392179	REDUCE cov: 188 ft: 907 corp: 244/141Kb lim: 4869 exec/s: 23069 rss: 419Mb L: 102/4597 MS: 3 ShuffleBytes-ChangeBit-EraseBytes-
#392210	REDUCE cov: 188 ft: 907 corp: 244/141Kb lim: 4869 exec/s: 23071 rss: 419Mb L: 135/4597 MS: 1 EraseBytes-
#392217	REDUCE cov: 188 ft: 907 corp: 244/141Kb lim: 4869 exec/s: 23071 rss: 419Mb L: 168/4597 MS: 2 ChangeBinInt-EraseBytes-
#392558	REDUCE cov: 188 ft: 907 corp: 244/141Kb lim: 4869 exec/s: 23091 rss: 419Mb L: 47/4597 MS: 1 EraseBytes-
#392759	REDUCE cov: 188 ft: 907 corp: 244/141Kb lim: 4869 exec/s: 23103 rss: 419Mb L: 203/4597 MS: 1 EraseBytes-
#393866	REDUCE cov: 188 ft: 907 corp: 244/141Kb lim: 4869 exec/s: 21881 rss: 419Mb L: 135/4597 MS: 2 InsertByte-EraseBytes-
#394392	REDUCE cov: 188 ft: 907 corp: 244/141Kb lim: 4869 exec/s: 21910 rss: 419Mb L: 283/4597 MS: 1 EraseBytes-
#394668	REDUCE cov: 188 ft: 907 corp: 244/141Kb lim: 4869 exec/s: 21926 rss: 419Mb L: 77/4597 MS: 1 EraseBytes-
#395339	REDUCE cov: 188 ft: 907 corp: 244/141Kb lim: 4869 exec/s: 21963 rss: 419Mb L: 96/4597 MS: 1 EraseBytes-
#395800	REDUCE cov: 188 ft: 907 corp: 244/141Kb lim: 4869 exec/s: 21988 rss: 419Mb L: 186/4597 MS: 1 EraseBytes-
#396252	REDUCE cov: 188 ft: 907 corp: 244/141Kb lim: 4869 exec/s: 22014 rss: 419Mb L: 247/4597 MS: 2 CopyPart-EraseBytes-
#396373	REDUCE cov: 188 ft: 907 corp: 244/141Kb lim: 4869 exec/s: 22020 rss: 419Mb L: 370/4597 MS: 1 EraseBytes-
#396827	REDUCE cov: 188 ft: 907 corp: 244/140Kb lim: 4869 exec/s: 22045 rss: 419Mb L: 75/4597 MS: 4 CrossOver-CMP-ChangeBit-CopyPart- DE: "\010\000\000\000"-
#397163	REDUCE cov: 188 ft: 907 corp: 244/140Kb lim: 4869 exec/s: 22064 rss: 419Mb L: 78/4597 MS: 1 EraseBytes-
#398682	REDUCE cov: 188 ft: 907 corp: 244/140Kb lim: 4869 exec/s: 22149 rss: 419Mb L: 167/4597 MS: 4 InsertByte-CMP-ChangeBinInt-EraseBytes- DE: "\000\000"-
#398749	REDUCE cov: 188 ft: 907 corp: 244/140Kb lim: 4869 exec/s: 22152 rss: 419Mb L: 105/4597 MS: 2 PersAutoDict-EraseBytes- DE: "\001\000\000\010"-
#398987	REDUCE cov: 188 ft: 907 corp: 244/140Kb lim: 4869 exec/s: 22165 rss: 419Mb L: 55/4597 MS: 3 ChangeBinInt-PersAutoDict-EraseBytes- DE: "\000\000\000\005"-
#400791	REDUCE cov: 188 ft: 907 corp: 244/140Kb lim: 4869 exec/s: 22266 rss: 419Mb L: 219/4597 MS: 4 ChangeASCIIInt-ChangeBit-ChangeBit-EraseBytes-
#401998	REDUCE cov: 188 ft: 907 corp: 244/140Kb lim: 4869 exec/s: 22333 rss: 419Mb L: 196/4597 MS: 2 InsertByte-EraseBytes-
#402784	REDUCE cov: 188 ft: 907 corp: 244/140Kb lim: 4869 exec/s: 22376 rss: 419Mb L: 362/4597 MS: 1 EraseBytes-
#402950	REDUCE cov: 188 ft: 907 corp: 244/140Kb lim: 4869 exec/s: 22386 rss: 419Mb L: 348/4597 MS: 1 EraseBytes-
#403656	REDUCE cov: 188 ft: 907 corp: 244/140Kb lim: 4869 exec/s: 22425 rss: 419Mb L: 1844/4597 MS: 1 EraseBytes-
#403688	REDUCE cov: 188 ft: 907 corp: 244/140Kb lim: 4869 exec/s: 22427 rss: 419Mb L: 58/4597 MS: 2 PersAutoDict-EraseBytes- DE: "\004\000\000\000"-
#405699	REDUCE cov: 188 ft: 907 corp: 244/140Kb lim: 4869 exec/s: 22538 rss: 419Mb L: 173/4597 MS: 1 EraseBytes-
#406150	REDUCE cov: 188 ft: 907 corp: 244/140Kb lim: 4869 exec/s: 22563 rss: 419Mb L: 122/4597 MS: 1 EraseBytes-
#406171	REDUCE cov: 188 ft: 907 corp: 244/140Kb lim: 4869 exec/s: 22565 rss: 419Mb L: 4163/4597 MS: 1 CrossOver-
#406252	REDUCE cov: 188 ft: 907 corp: 244/140Kb lim: 4869 exec/s: 22569 rss: 419Mb L: 32/4597 MS: 1 EraseBytes-
#406523	REDUCE cov: 188 ft: 907 corp: 244/140Kb lim: 4869 exec/s: 22584 rss: 419Mb L: 2214/4597 MS: 1 EraseBytes-
#406604	REDUCE cov: 188 ft: 907 corp: 244/140Kb lim: 4869 exec/s: 22589 rss: 419Mb L: 53/4597 MS: 1 EraseBytes-
#407047	REDUCE cov: 188 ft: 907 corp: 244/140Kb lim: 4869 exec/s: 22613 rss: 419Mb L: 43/4597 MS: 3 ShuffleBytes-PersAutoDict-EraseBytes- DE: ".9"-
#407158	REDUCE cov: 188 ft: 907 corp: 244/140Kb lim: 4869 exec/s: 22619 rss: 419Mb L: 29/4597 MS: 1 EraseBytes-
#407181	REDUCE cov: 188 ft: 907 corp: 244/140Kb lim: 4869 exec/s: 22621 rss: 419Mb L: 56/4597 MS: 3 ChangeBit-ChangeBit-EraseBytes-
#408044	REDUCE cov: 188 ft: 907 corp: 244/140Kb lim: 4869 exec/s: 22669 rss: 419Mb L: 114/4597 MS: 3 ChangeBinInt-ChangeBit-EraseBytes-
#408257	REDUCE cov: 188 ft: 907 corp: 244/140Kb lim: 4869 exec/s: 22680 rss: 419Mb L: 34/4597 MS: 3 ShuffleBytes-PersAutoDict-EraseBytes- DE: "\377\377\377\272"-
#408338	REDUCE cov: 188 ft: 907 corp: 244/140Kb lim: 4869 exec/s: 22685 rss: 419Mb L: 188/4597 MS: 1 EraseBytes-
#408779	REDUCE cov: 188 ft: 907 corp: 244/140Kb lim: 4869 exec/s: 22709 rss: 419Mb L: 76/4597 MS: 1 EraseBytes-
#410090	REDUCE cov: 188 ft: 907 corp: 244/140Kb lim: 4869 exec/s: 22782 rss: 419Mb L: 22/4597 MS: 1 EraseBytes-
#410116	REDUCE cov: 188 ft: 907 corp: 244/140Kb lim: 4869 exec/s: 22784 rss: 419Mb L: 138/4597 MS: 1 EraseBytes-
#410572	REDUCE cov: 188 ft: 907 corp: 244/140Kb lim: 4869 exec/s: 22809 rss: 419Mb L: 6/4597 MS: 1 EraseBytes-
#410844	REDUCE cov: 188 ft: 907 corp: 244/140Kb lim: 4869 exec/s: 22824 rss: 419Mb L: 134/4597 MS: 2 ChangeBit-EraseBytes-
#410920	REDUCE cov: 188 ft: 907 corp: 244/140Kb lim: 4869 exec/s: 22828 rss: 419Mb L: 27/4597 MS: 1 EraseBytes-
#411282	REDUCE cov: 188 ft: 907 corp: 244/140Kb lim: 4869 exec/s: 22849 rss: 419Mb L: 332/4597 MS: 2 CopyPart-EraseBytes-
#411583	REDUCE cov: 188 ft: 907 corp: 244/140Kb lim: 4869 exec/s: 22865 rss: 419Mb L: 108/4597 MS: 1 EraseBytes-
#411945	REDUCE cov: 188 ft: 907 corp: 244/140Kb lim: 4869 exec/s: 22885 rss: 419Mb L: 20/4597 MS: 2 ChangeBinInt-EraseBytes-
#412921	REDUCE cov: 188 ft: 907 corp: 244/140Kb lim: 4869 exec/s: 22940 rss: 419Mb L: 17/4597 MS: 1 EraseBytes-
#413662	REDUCE cov: 188 ft: 907 corp: 244/140Kb lim: 4869 exec/s: 22981 rss: 419Mb L: 207/4597 MS: 1 EraseBytes-
#414529	REDUCE cov: 188 ft: 907 corp: 244/140Kb lim: 4869 exec/s: 23029 rss: 419Mb L: 117/4597 MS: 2 CMP-EraseBytes- DE: "0n"-
#414630	REDUCE cov: 188 ft: 907 corp: 244/140Kb lim: 4869 exec/s: 23035 rss: 419Mb L: 127/4597 MS: 1 EraseBytes-
#416492	REDUCE cov: 188 ft: 907 corp: 244/140Kb lim: 4869 exec/s: 21920 rss: 419Mb L: 318/4597 MS: 2 PersAutoDict-EraseBytes- DE: "\000\000\000\000"-
#418643	REDUCE cov: 188 ft: 907 corp: 244/140Kb lim: 4869 exec/s: 22033 rss: 419Mb L: 45/4597 MS: 1 EraseBytes-
#418721	REDUCE cov: 188 ft: 907 corp: 244/140Kb lim: 4869 exec/s: 22037 rss: 419Mb L: 46/4597 MS: 3 InsertByte-ChangeBit-EraseBytes-
#418832	REDUCE cov: 188 ft: 907 corp: 244/140Kb lim: 4869 exec/s: 22043 rss: 419Mb L: 42/4597 MS: 1 EraseBytes-
#419288	REDUCE cov: 188 ft: 907 corp: 244/140Kb lim: 4869 exec/s: 22067 rss: 419Mb L: 39/4597 MS: 1 EraseBytes-
#420097	REDUCE cov: 188 ft: 907 corp: 244/140Kb lim: 4869 exec/s: 22110 rss: 419Mb L: 2830/4597 MS: 4 ChangeBit-CopyPart-PersAutoDict-EraseBytes- DE: "\337u\355\3239n\000\000"-
#420193	REDUCE cov: 188 ft: 907 corp: 244/139Kb lim: 4869 exec/s: 22115 rss: 419Mb L: 21/4597 MS: 1 EraseBytes-
#420399	REDUCE cov: 188 ft: 907 corp: 244/139Kb lim: 4869 exec/s: 22126 rss: 419Mb L: 127/4597 MS: 1 EraseBytes-
#421185	REDUCE cov: 188 ft: 907 corp: 244/139Kb lim: 4869 exec/s: 22167 rss: 419Mb L: 58/4597 MS: 1 EraseBytes-
#422296	REDUCE cov: 188 ft: 907 corp: 244/139Kb lim: 4869 exec/s: 22226 rss: 419Mb L: 101/4597 MS: 1 EraseBytes-
#422815	REDUCE cov: 188 ft: 907 corp: 244/139Kb lim: 4869 exec/s: 22253 rss: 419Mb L: 114/4597 MS: 4 InsertRepeatedBytes-ChangeBinInt-ChangeASCIIInt-EraseBytes-
#422852	REDUCE cov: 188 ft: 907 corp: 244/139Kb lim: 4869 exec/s: 22255 rss: 419Mb L: 302/4597 MS: 2 PersAutoDict-EraseBytes- DE: "\001\015"-
#423879	REDUCE cov: 188 ft: 907 corp: 244/139Kb lim: 4869 exec/s: 22309 rss: 419Mb L: 126/4597 MS: 2 CMP-EraseBytes- DE: "\263\377\377\377"-
#423995	REDUCE cov: 188 ft: 907 corp: 244/139Kb lim: 4869 exec/s: 22315 rss: 419Mb L: 19/4597 MS: 1 EraseBytes-
#424531	REDUCE cov: 188 ft: 907 corp: 244/139Kb lim: 4869 exec/s: 22343 rss: 419Mb L: 15/4597 MS: 1 EraseBytes-
#424717	REDUCE cov: 188 ft: 907 corp: 244/139Kb lim: 4869 exec/s: 22353 rss: 419Mb L: 51/4597 MS: 1 EraseBytes-
#424858	REDUCE cov: 188 ft: 907 corp: 244/139Kb lim: 4869 exec/s: 22360 rss: 419Mb L: 38/4597 MS: 1 EraseBytes-
#425795	REDUCE cov: 188 ft: 907 corp: 244/139Kb lim: 4869 exec/s: 22410 rss: 419Mb L: 544/4597 MS: 2 ShuffleBytes-EraseBytes-
#425846	REDUCE cov: 188 ft: 907 corp: 244/139Kb lim: 4869 exec/s: 22412 rss: 419Mb L: 63/4597 MS: 1 EraseBytes-
#427802	REDUCE cov: 188 ft: 907 corp: 244/139Kb lim: 4869 exec/s: 22515 rss: 419Mb L: 44/4597 MS: 1 EraseBytes-
#428144	REDUCE cov: 188 ft: 907 corp: 244/139Kb lim: 4869 exec/s: 22533 rss: 419Mb L: 21/4597 MS: 2 ChangeBit-EraseBytes-
#428345	REDUCE cov: 188 ft: 907 corp: 244/139Kb lim: 4869 exec/s: 22544 rss: 419Mb L: 106/4597 MS: 1 EraseBytes-
#428347	REDUCE cov: 188 ft: 907 corp: 244/139Kb lim: 4869 exec/s: 22544 rss: 419Mb L: 97/4597 MS: 2 ChangeBinInt-EraseBytes-
#428765	REDUCE cov: 188 ft: 907 corp: 244/139Kb lim: 4869 exec/s: 22566 rss: 419Mb L: 166/4597 MS: 3 CrossOver-ChangeBinInt-EraseBytes-
#429981	REDUCE cov: 188 ft: 907 corp: 244/139Kb lim: 4869 exec/s: 22630 rss: 419Mb L: 113/4597 MS: 1 EraseBytes-
#430277	REDUCE cov: 188 ft: 907 corp: 244/139Kb lim: 4869 exec/s: 22646 rss: 419Mb L: 293/4597 MS: 1 EraseBytes-
#430541	REDUCE cov: 188 ft: 907 corp: 244/139Kb lim: 4869 exec/s: 22660 rss: 419Mb L: 71/4597 MS: 4 ChangeASCIIInt-ChangeByte-ChangeASCIIInt-EraseBytes-
#430707	REDUCE cov: 188 ft: 907 corp: 244/139Kb lim: 4869 exec/s: 22668 rss: 419Mb L: 44/4597 MS: 1 EraseBytes-
#431006	REDUCE cov: 188 ft: 907 corp: 244/139Kb lim: 4869 exec/s: 22684 rss: 419Mb L: 267/4597 MS: 4 ShuffleBytes-ChangeASCIIInt-ChangeBinInt-EraseBytes-
#431033	REDUCE cov: 188 ft: 907 corp: 244/139Kb lim: 4869 exec/s: 22685 rss: 419Mb L: 119/4597 MS: 2 ChangeBit-EraseBytes-
#431609	REDUCE cov: 188 ft: 907 corp: 244/139Kb lim: 4869 exec/s: 22716 rss: 419Mb L: 148/4597 MS: 1 EraseBytes-
#431710	REDUCE cov: 188 ft: 907 corp: 244/139Kb lim: 4869 exec/s: 22721 rss: 419Mb L: 31/4597 MS: 1 EraseBytes-
#431847	REDUCE cov: 188 ft: 907 corp: 244/139Kb lim: 4869 exec/s: 22728 rss: 419Mb L: 13/4597 MS: 2 ChangeByte-EraseBytes-
#432065	REDUCE cov: 188 ft: 907 corp: 244/139Kb lim: 4869 exec/s: 22740 rss: 419Mb L: 57/4597 MS: 3 ChangeByte-InsertByte-EraseBytes-
#432381	REDUCE cov: 188 ft: 907 corp: 244/139Kb lim: 4869 exec/s: 22756 rss: 419Mb L: 64/4597 MS: 1 EraseBytes-
#432762	REDUCE cov: 188 ft: 907 corp: 244/139Kb lim: 4869 exec/s: 22776 rss: 419Mb L: 95/4597 MS: 1 EraseBytes-
#433013	REDUCE cov: 188 ft: 907 corp: 244/139Kb lim: 4869 exec/s: 22790 rss: 419Mb L: 297/4597 MS: 1 EraseBytes-
#433826	REDUCE cov: 188 ft: 907 corp: 244/139Kb lim: 4869 exec/s: 22832 rss: 419Mb L: 160/4597 MS: 3 ChangeByte-ChangeBit-EraseBytes-
#433922	REDUCE cov: 188 ft: 907 corp: 244/139Kb lim: 4869 exec/s: 22838 rss: 419Mb L: 144/4597 MS: 1 EraseBytes-
#434608	REDUCE cov: 188 ft: 907 corp: 244/139Kb lim: 4869 exec/s: 22874 rss: 419Mb L: 1623/4597 MS: 1 EraseBytes-
#434901	REDUCE cov: 188 ft: 907 corp: 244/139Kb lim: 4869 exec/s: 22889 rss: 419Mb L: 2695/4597 MS: 3 ChangeBinInt-CopyPart-CrossOver-
#435312	REDUCE cov: 188 ft: 907 corp: 244/139Kb lim: 4869 exec/s: 22911 rss: 419Mb L: 25/4597 MS: 1 EraseBytes-
#436144	REDUCE cov: 188 ft: 907 corp: 244/139Kb lim: 4869 exec/s: 22954 rss: 419Mb L: 163/4597 MS: 2 ChangeByte-EraseBytes-
#437590	REDUCE cov: 188 ft: 907 corp: 244/139Kb lim: 4869 exec/s: 23031 rss: 419Mb L: 34/4597 MS: 1 EraseBytes-
#437737	REDUCE cov: 188 ft: 907 corp: 244/139Kb lim: 4869 exec/s: 23038 rss: 419Mb L: 267/4597 MS: 2 CopyPart-EraseBytes-
#438990	REDUCE cov: 188 ft: 907 corp: 244/139Kb lim: 4869 exec/s: 23104 rss: 419Mb L: 124/4597 MS: 3 InsertByte-ChangeBit-EraseBytes-
#439532	REDUCE cov: 188 ft: 907 corp: 244/139Kb lim: 4869 exec/s: 23133 rss: 419Mb L: 123/4597 MS: 2 ShuffleBytes-EraseBytes-
#439698	REDUCE cov: 188 ft: 907 corp: 244/139Kb lim: 4869 exec/s: 23142 rss: 419Mb L: 89/4597 MS: 1 EraseBytes-
#440866	REDUCE cov: 188 ft: 907 corp: 244/139Kb lim: 4869 exec/s: 23203 rss: 419Mb L: 111/4597 MS: 3 ShuffleBytes-InsertRepeatedBytes-EraseBytes-
#441183	REDUCE cov: 188 ft: 907 corp: 244/139Kb lim: 4869 exec/s: 23220 rss: 419Mb L: 25/4597 MS: 2 ChangeASCIIInt-EraseBytes-
#441799	REDUCE cov: 188 ft: 907 corp: 244/139Kb lim: 4869 exec/s: 23252 rss: 419Mb L: 4192/4597 MS: 1 EraseBytes-
#442690	REDUCE cov: 188 ft: 907 corp: 244/139Kb lim: 4869 exec/s: 23299 rss: 419Mb L: 136/4597 MS: 1 EraseBytes-
#442714	REDUCE cov: 188 ft: 907 corp: 244/139Kb lim: 4869 exec/s: 23300 rss: 419Mb L: 94/4597 MS: 4 CopyPart-ShuffleBytes-InsertByte-EraseBytes-
#446115	REDUCE cov: 188 ft: 907 corp: 244/139Kb lim: 4869 exec/s: 22305 rss: 419Mb L: 4455/4455 MS: 1 EraseBytes-
#446566	REDUCE cov: 188 ft: 907 corp: 244/139Kb lim: 4869 exec/s: 22328 rss: 419Mb L: 101/4455 MS: 1 EraseBytes-
#447667	REDUCE cov: 188 ft: 907 corp: 244/139Kb lim: 4869 exec/s: 22383 rss: 419Mb L: 20/4455 MS: 1 EraseBytes-
#447813	REDUCE cov: 188 ft: 907 corp: 244/139Kb lim: 4869 exec/s: 22390 rss: 419Mb L: 21/4455 MS: 1 EraseBytes-
#448049	REDUCE cov: 188 ft: 907 corp: 244/139Kb lim: 4869 exec/s: 22402 rss: 419Mb L: 86/4455 MS: 1 EraseBytes-
#448350	REDUCE cov: 188 ft: 907 corp: 244/139Kb lim: 4869 exec/s: 22417 rss: 419Mb L: 111/4455 MS: 1 EraseBytes-
#448396	REDUCE cov: 188 ft: 907 corp: 244/139Kb lim: 4869 exec/s: 22419 rss: 419Mb L: 328/4455 MS: 1 EraseBytes-
#448777	REDUCE cov: 188 ft: 907 corp: 244/139Kb lim: 4869 exec/s: 22438 rss: 419Mb L: 421/4455 MS: 1 EraseBytes-
#448785	REDUCE cov: 188 ft: 907 corp: 244/139Kb lim: 4869 exec/s: 22439 rss: 419Mb L: 106/4455 MS: 3 ChangeBinInt-ChangeByte-EraseBytes-
#449121	REDUCE cov: 188 ft: 907 corp: 244/138Kb lim: 4869 exec/s: 22456 rss: 419Mb L: 158/4455 MS: 1 EraseBytes-
#449342	REDUCE cov: 188 ft: 907 corp: 244/138Kb lim: 4869 exec/s: 22467 rss: 419Mb L: 173/4455 MS: 1 EraseBytes-
#449559	REDUCE cov: 188 ft: 907 corp: 244/138Kb lim: 4869 exec/s: 22477 rss: 419Mb L: 145/4455 MS: 2 CMP-EraseBytes- DE: "side"-
#450212	REDUCE cov: 188 ft: 907 corp: 244/138Kb lim: 4869 exec/s: 22510 rss: 419Mb L: 44/4455 MS: 3 ChangeBinInt-ChangeBinInt-EraseBytes-
#450665	REDUCE cov: 188 ft: 907 corp: 244/138Kb lim: 4869 exec/s: 22533 rss: 419Mb L: 108/4455 MS: 3 ChangeByte-ChangeASCIIInt-EraseBytes-
#451241	REDUCE cov: 188 ft: 907 corp: 244/138Kb lim: 4869 exec/s: 22562 rss: 419Mb L: 174/4455 MS: 1 EraseBytes-
#451554	REDUCE cov: 188 ft: 907 corp: 244/138Kb lim: 4869 exec/s: 22577 rss: 419Mb L: 253/4455 MS: 3 CopyPart-ChangeBit-EraseBytes-
#451757	REDUCE cov: 188 ft: 907 corp: 244/138Kb lim: 4869 exec/s: 22587 rss: 419Mb L: 217/4455 MS: 3 CMP-PersAutoDict-EraseBytes- DE: "-x\005\323Im\000\000"-"\377\377\377\374"-
#452006	REDUCE cov: 188 ft: 907 corp: 244/138Kb lim: 4869 exec/s: 22600 rss: 419Mb L: 197/4455 MS: 4 CMP-ChangeBinInt-ChangeASCIIInt-EraseBytes- DE: "\001\000\000\000\000\000\000\000"-
#453047	REDUCE cov: 188 ft: 907 corp: 244/138Kb lim: 4869 exec/s: 22652 rss: 419Mb L: 173/4455 MS: 1 EraseBytes-
#454155	REDUCE cov: 188 ft: 907 corp: 244/138Kb lim: 4869 exec/s: 22707 rss: 419Mb L: 245/4455 MS: 3 ShuffleBytes-CMP-EraseBytes- DE: "rx"-
#454966	REDUCE cov: 188 ft: 907 corp: 244/138Kb lim: 4869 exec/s: 22748 rss: 419Mb L: 199/4455 MS: 1 EraseBytes-
#454989	REDUCE cov: 188 ft: 907 corp: 244/138Kb lim: 4869 exec/s: 22749 rss: 419Mb L: 373/4455 MS: 3 CrossOver-ChangeByte-EraseBytes-
#455346	REDUCE cov: 188 ft: 907 corp: 244/138Kb lim: 4869 exec/s: 22767 rss: 419Mb L: 119/4455 MS: 2 EraseBytes-CrossOver-
#455629	REDUCE cov: 188 ft: 907 corp: 244/138Kb lim: 4869 exec/s: 22781 rss: 419Mb L: 67/4455 MS: 3 PersAutoDict-ChangeASCIIInt-EraseBytes- DE: "-x\005\323Im\000\000"-
#456103	REDUCE cov: 188 ft: 907 corp: 244/138Kb lim: 4869 exec/s: 22805 rss: 419Mb L: 167/4455 MS: 4 ChangeASCIIInt-ShuffleBytes-ShuffleBytes-EraseBytes-
#456601	REDUCE cov: 188 ft: 907 corp: 244/138Kb lim: 4869 exec/s: 22830 rss: 419Mb L: 3786/4455 MS: 3 ShuffleBytes-ChangeBit-EraseBytes-
#456806	REDUCE cov: 188 ft: 907 corp: 244/138Kb lim: 4869 exec/s: 22840 rss: 419Mb L: 135/4455 MS: 5 CrossOver-CrossOver-CopyPart-ChangeBinInt-EraseBytes-
#456877	REDUCE cov: 188 ft: 907 corp: 244/138Kb lim: 4869 exec/s: 22843 rss: 419Mb L: 90/4455 MS: 1 EraseBytes-
#457034	REDUCE cov: 188 ft: 907 corp: 244/138Kb lim: 4869 exec/s: 22851 rss: 419Mb L: 52/4455 MS: 2 InsertByte-EraseBytes-
#457664	REDUCE cov: 188 ft: 907 corp: 244/138Kb lim: 4869 exec/s: 22883 rss: 419Mb L: 114/4455 MS: 5 PersAutoDict-ChangeByte-ChangeASCIIInt-ChangeASCIIInt-EraseBytes- DE: ",5"-
#457730	REDUCE cov: 188 ft: 907 corp: 244/138Kb lim: 4869 exec/s: 22886 rss: 419Mb L: 42/4455 MS: 1 EraseBytes-
#458086	REDUCE cov: 188 ft: 907 corp: 244/138Kb lim: 4869 exec/s: 22904 rss: 419Mb L: 237/4455 MS: 1 EraseBytes-
#458697	REDUCE cov: 188 ft: 907 corp: 244/138Kb lim: 4869 exec/s: 22934 rss: 419Mb L: 19/4455 MS: 1 EraseBytes-
#459418	REDUCE cov: 188 ft: 907 corp: 244/138Kb lim: 4869 exec/s: 22970 rss: 419Mb L: 163/4455 MS: 1 EraseBytes-
#461249	REDUCE cov: 188 ft: 907 corp: 244/138Kb lim: 4869 exec/s: 23062 rss: 419Mb L: 113/4455 MS: 1 EraseBytes-
#461250	REDUCE cov: 188 ft: 907 corp: 244/138Kb lim: 4869 exec/s: 23062 rss: 419Mb L: 42/4455 MS: 1 EraseBytes-
#461296	REDUCE cov: 188 ft: 907 corp: 244/138Kb lim: 4869 exec/s: 23064 rss: 419Mb L: 18/4455 MS: 1 EraseBytes-
#461629	REDUCE cov: 188 ft: 907 corp: 244/138Kb lim: 4869 exec/s: 23081 rss: 419Mb L: 216/4455 MS: 3 ChangeByte-ChangeByte-EraseBytes-
#461926	REDUCE cov: 188 ft: 907 corp: 244/138Kb lim: 4869 exec/s: 23096 rss: 419Mb L: 782/4455 MS: 2 InsertByte-EraseBytes-
#462265	REDUCE cov: 188 ft: 907 corp: 244/138Kb lim: 4869 exec/s: 23113 rss: 419Mb L: 112/4455 MS: 4 PersAutoDict-ChangeBinInt-PersAutoDict-EraseBytes- DE: "\306\377\377\377"-"\265\026\011\323\031n\000\000"-
#463385	REDUCE cov: 188 ft: 907 corp: 244/138Kb lim: 4869 exec/s: 23169 rss: 419Mb L: 82/4455 MS: 5 ChangeBinInt-CrossOver-PersAutoDict-ChangeByte-EraseBytes- DE: "\000\000\000\005"-
#463482	REDUCE cov: 188 ft: 907 corp: 244/138Kb lim: 4869 exec/s: 23174 rss: 419Mb L: 122/4455 MS: 2 ChangeBinInt-EraseBytes-
#464103	REDUCE cov: 188 ft: 907 corp: 244/138Kb lim: 4869 exec/s: 23205 rss: 419Mb L: 161/4455 MS: 1 EraseBytes-
#465542	REDUCE cov: 188 ft: 907 corp: 244/138Kb lim: 4869 exec/s: 23277 rss: 419Mb L: 40/4455 MS: 4 ShuffleBytes-ChangeBinInt-ChangeASCIIInt-EraseBytes-
#465768	REDUCE cov: 188 ft: 907 corp: 244/138Kb lim: 4869 exec/s: 23288 rss: 419Mb L: 2765/4455 MS: 1 EraseBytes-
#466800	REDUCE cov: 188 ft: 907 corp: 244/138Kb lim: 4869 exec/s: 23340 rss: 419Mb L: 122/4455 MS: 2 ChangeBinInt-EraseBytes-
#467261	REDUCE cov: 188 ft: 907 corp: 244/138Kb lim: 4869 exec/s: 23363 rss: 419Mb L: 231/4455 MS: 1 EraseBytes-
#467372	REDUCE cov: 188 ft: 907 corp: 244/138Kb lim: 4869 exec/s: 23368 rss: 419Mb L: 181/4455 MS: 1 EraseBytes-
#467728	REDUCE cov: 188 ft: 907 corp: 244/138Kb lim: 4869 exec/s: 23386 rss: 419Mb L: 160/4455 MS: 1 EraseBytes-
#468180	REDUCE cov: 188 ft: 907 corp: 244/138Kb lim: 4869 exec/s: 23409 rss: 419Mb L: 51/4455 MS: 2 InsertByte-EraseBytes-
#468226	REDUCE cov: 188 ft: 907 corp: 244/138Kb lim: 4869 exec/s: 23411 rss: 419Mb L: 5/4455 MS: 1 EraseBytes-
#468697	REDUCE cov: 188 ft: 907 corp: 244/138Kb lim: 4869 exec/s: 23434 rss: 419Mb L: 81/4455 MS: 1 EraseBytes-
#468708	REDUCE cov: 188 ft: 907 corp: 244/138Kb lim: 4869 exec/s: 23435 rss: 419Mb L: 56/4455 MS: 1 EraseBytes-
#468924	REDUCE cov: 188 ft: 907 corp: 244/138Kb lim: 4869 exec/s: 23446 rss: 419Mb L: 55/4455 MS: 1 EraseBytes-
#469477	REDUCE cov: 188 ft: 907 corp: 244/138Kb lim: 4869 exec/s: 23473 rss: 419Mb L: 89/4455 MS: 3 ChangeBit-ChangeASCIIInt-CrossOver-
#469703	REDUCE cov: 188 ft: 907 corp: 244/138Kb lim: 4869 exec/s: 22366 rss: 419Mb L: 67/4455 MS: 1 EraseBytes-
#470704	REDUCE cov: 188 ft: 907 corp: 244/138Kb lim: 4869 exec/s: 22414 rss: 419Mb L: 132/4455 MS: 1 EraseBytes-
#470915	REDUCE cov: 188 ft: 907 corp: 244/138Kb lim: 4869 exec/s: 22424 rss: 419Mb L: 251/4455 MS: 1 EraseBytes-
#471022	REDUCE cov: 188 ft: 907 corp: 244/138Kb lim: 4869 exec/s: 22429 rss: 419Mb L: 20/4455 MS: 2 CrossOver-EraseBytes-
#471963	REDUCE cov: 188 ft: 907 corp: 244/138Kb lim: 4869 exec/s: 22474 rss: 419Mb L: 533/4455 MS: 1 EraseBytes-
#472419	REDUCE cov: 188 ft: 907 corp: 244/138Kb lim: 4869 exec/s: 22496 rss: 419Mb L: 25/4455 MS: 1 EraseBytes-
#472830	REDUCE cov: 188 ft: 907 corp: 244/138Kb lim: 4869 exec/s: 22515 rss: 419Mb L: 150/4455 MS: 1 EraseBytes-
#473081	REDUCE cov: 188 ft: 907 corp: 244/138Kb lim: 4869 exec/s: 22527 rss: 419Mb L: 71/4455 MS: 1 EraseBytes-
#473202	REDUCE cov: 188 ft: 907 corp: 244/138Kb lim: 4869 exec/s: 22533 rss: 419Mb L: 158/4455 MS: 1 EraseBytes-
#473334	REDUCE cov: 188 ft: 907 corp: 244/138Kb lim: 4869 exec/s: 22539 rss: 419Mb L: 183/4455 MS: 2 ShuffleBytes-EraseBytes-
#473846	REDUCE cov: 188 ft: 907 corp: 244/138Kb lim: 4869 exec/s: 22564 rss: 419Mb L: 62/4455 MS: 1 EraseBytes-
#474048	REDUCE cov: 188 ft: 907 corp: 244/138Kb lim: 4869 exec/s: 22573 rss: 419Mb L: 118/4455 MS: 2 ShuffleBytes-EraseBytes-
#474200	REDUCE cov: 188 ft: 907 corp: 244/138Kb lim: 4869 exec/s: 22580 rss: 419Mb L: 133/4455 MS: 2 ChangeASCIIInt-EraseBytes-
#478041	REDUCE cov: 188 ft: 907 corp: 244/138Kb lim: 4869 exec/s: 22763 rss: 419Mb L: 212/4455 MS: 1 EraseBytes-
#478667	REDUCE cov: 188 ft: 907 corp: 244/138Kb lim: 4869 exec/s: 22793 rss: 419Mb L: 107/4455 MS: 1 EraseBytes-
#479033	REDUCE cov: 188 ft: 907 corp: 244/138Kb lim: 4869 exec/s: 22811 rss: 419Mb L: 6/4455 MS: 1 EraseBytes-
#479484	REDUCE cov: 188 ft: 907 corp: 244/138Kb lim: 4869 exec/s: 22832 rss: 419Mb L: 187/4455 MS: 1 EraseBytes-
#480386	REDUCE cov: 188 ft: 907 corp: 244/138Kb lim: 4869 exec/s: 22875 rss: 419Mb L: 3686/4455 MS: 2 ChangeBit-EraseBytes-
#480567	REDUCE cov: 188 ft: 907 corp: 244/138Kb lim: 4869 exec/s: 22884 rss: 419Mb L: 17/4455 MS: 1 EraseBytes-
#480639	REDUCE cov: 188 ft: 907 corp: 244/138Kb lim: 4869 exec/s: 22887 rss: 419Mb L: 57/4455 MS: 2 ChangeBit-EraseBytes-
#481900	REDUCE cov: 188 ft: 907 corp: 244/138Kb lim: 4869 exec/s: 22947 rss: 419Mb L: 2815/4455 MS: 1 EraseBytes-
#482597	REDUCE cov: 188 ft: 907 corp: 244/138Kb lim: 4869 exec/s: 22980 rss: 419Mb L: 70/4455 MS: 2 ChangeByte-EraseBytes-
#483038	REDUCE cov: 188 ft: 908 corp: 245/142Kb lim: 4869 exec/s: 23001 rss: 419Mb L: 4163/4455 MS: 1 CrossOver-
#483694	REDUCE cov: 188 ft: 908 corp: 245/142Kb lim: 4869 exec/s: 23033 rss: 419Mb L: 137/4455 MS: 1 EraseBytes-
#483965	REDUCE cov: 188 ft: 908 corp: 245/142Kb lim: 4869 exec/s: 23045 rss: 419Mb L: 100/4455 MS: 1 EraseBytes-
#484733	REDUCE cov: 188 ft: 908 corp: 245/142Kb lim: 4869 exec/s: 23082 rss: 419Mb L: 108/4455 MS: 3 CMP-ChangeASCIIInt-EraseBytes- DE: "\377\377\377\377"-
#484965	REDUCE cov: 188 ft: 908 corp: 245/142Kb lim: 4869 exec/s: 23093 rss: 419Mb L: 195/4455 MS: 2 CopyPart-EraseBytes-
#486307	REDUCE cov: 188 ft: 908 corp: 245/142Kb lim: 4869 exec/s: 23157 rss: 419Mb L: 77/4455 MS: 2 ShuffleBytes-EraseBytes-
#486598	REDUCE cov: 188 ft: 908 corp: 245/142Kb lim: 4869 exec/s: 23171 rss: 419Mb L: 79/4455 MS: 1 EraseBytes-
#487509	REDUCE cov: 188 ft: 908 corp: 245/142Kb lim: 4869 exec/s: 23214 rss: 419Mb L: 165/4455 MS: 1 EraseBytes-
#488330	REDUCE cov: 188 ft: 908 corp: 245/142Kb lim: 4869 exec/s: 23253 rss: 419Mb L: 79/4455 MS: 1 EraseBytes-
#488838	REDUCE cov: 188 ft: 908 corp: 245/142Kb lim: 4869 exec/s: 23278 rss: 419Mb L: 101/4455 MS: 3 ChangeByte-ShuffleBytes-EraseBytes-
#488859	REDUCE cov: 188 ft: 908 corp: 245/142Kb lim: 4869 exec/s: 23279 rss: 419Mb L: 196/4455 MS: 1 EraseBytes-
#488981	REDUCE cov: 188 ft: 908 corp: 245/142Kb lim: 4869 exec/s: 23284 rss: 419Mb L: 150/4455 MS: 2 ChangeBinInt-EraseBytes-
#489552	REDUCE cov: 188 ft: 908 corp: 245/142Kb lim: 4869 exec/s: 23312 rss: 419Mb L: 54/4455 MS: 1 EraseBytes-
#489998	REDUCE cov: 188 ft: 908 corp: 245/142Kb lim: 4869 exec/s: 23333 rss: 419Mb L: 145/4455 MS: 1 EraseBytes-
#489999	REDUCE cov: 188 ft: 908 corp: 245/142Kb lim: 4869 exec/s: 23333 rss: 419Mb L: 154/4455 MS: 1 EraseBytes-
#490055	REDUCE cov: 188 ft: 908 corp: 245/142Kb lim: 4869 exec/s: 23335 rss: 419Mb L: 190/4455 MS: 1 EraseBytes-
#490546	REDUCE cov: 188 ft: 908 corp: 245/142Kb lim: 4869 exec/s: 23359 rss: 419Mb L: 245/4455 MS: 1 EraseBytes-
#490905	REDUCE cov: 188 ft: 908 corp: 245/142Kb lim: 4869 exec/s: 23376 rss: 419Mb L: 113/4455 MS: 4 CMP-ChangeBinInt-ChangeBinInt-EraseBytes- DE: "\377\377"-
#490927	REDUCE cov: 188 ft: 908 corp: 245/141Kb lim: 4869 exec/s: 23377 rss: 419Mb L: 118/4455 MS: 2 ShuffleBytes-EraseBytes-
#492128	REDUCE cov: 188 ft: 908 corp: 245/141Kb lim: 4869 exec/s: 23434 rss: 419Mb L: 142/4455 MS: 1 EraseBytes-
#493684	REDUCE cov: 188 ft: 908 corp: 245/141Kb lim: 4869 exec/s: 23508 rss: 419Mb L: 186/4455 MS: 1 EraseBytes-
#494400	REDUCE cov: 188 ft: 908 corp: 245/141Kb lim: 4869 exec/s: 23542 rss: 419Mb L: 162/4455 MS: 1 EraseBytes-
#495781	REDUCE cov: 188 ft: 908 corp: 245/141Kb lim: 4869 exec/s: 22535 rss: 419Mb L: 482/4455 MS: 1 EraseBytes-
#495905	REDUCE cov: 188 ft: 908 corp: 245/141Kb lim: 4869 exec/s: 22541 rss: 419Mb L: 51/4455 MS: 4 ChangeASCIIInt-ShuffleBytes-ShuffleBytes-EraseBytes-
#496632	REDUCE cov: 188 ft: 908 corp: 245/141Kb lim: 4869 exec/s: 22574 rss: 419Mb L: 179/4455 MS: 2 ChangeASCIIInt-EraseBytes-
#498218	REDUCE cov: 188 ft: 908 corp: 245/141Kb lim: 4869 exec/s: 22646 rss: 419Mb L: 117/4455 MS: 1 EraseBytes-
#498459	REDUCE cov: 188 ft: 908 corp: 245/141Kb lim: 4869 exec/s: 22657 rss: 419Mb L: 18/4455 MS: 1 EraseBytes-
#499351	REDUCE cov: 188 ft: 908 corp: 245/141Kb lim: 4869 exec/s: 22697 rss: 419Mb L: 70/4455 MS: 2 CopyPart-EraseBytes-
#499493	REDUCE cov: 188 ft: 908 corp: 245/141Kb lim: 4869 exec/s: 22704 rss: 419Mb L: 112/4455 MS: 2 ChangeByte-EraseBytes-
#499864	REDUCE cov: 188 ft: 908 corp: 245/141Kb lim: 4869 exec/s: 22721 rss: 419Mb L: 32/4455 MS: 1 EraseBytes-
#499940	REDUCE cov: 188 ft: 908 corp: 245/141Kb lim: 4869 exec/s: 22724 rss: 419Mb L: 69/4455 MS: 1 EraseBytes-
#500086	REDUCE cov: 188 ft: 908 corp: 245/141Kb lim: 4869 exec/s: 22731 rss: 419Mb L: 77/4455 MS: 1 EraseBytes-
#501149	REDUCE cov: 188 ft: 908 corp: 245/141Kb lim: 4869 exec/s: 22779 rss: 419Mb L: 113/4455 MS: 3 ShuffleBytes-ChangeBinInt-EraseBytes-
#501727	REDUCE cov: 188 ft: 908 corp: 245/141Kb lim: 4869 exec/s: 22805 rss: 419Mb L: 2599/4455 MS: 3 ChangeBit-CMP-EraseBytes- DE: "\000\000\000\000"-
#501739	REDUCE cov: 188 ft: 908 corp: 245/141Kb lim: 4869 exec/s: 22806 rss: 419Mb L: 122/4455 MS: 2 ShuffleBytes-EraseBytes-
#502225	REDUCE cov: 188 ft: 908 corp: 245/141Kb lim: 4869 exec/s: 22828 rss: 419Mb L: 72/4455 MS: 1 EraseBytes-
#503052	REDUCE cov: 188 ft: 908 corp: 245/141Kb lim: 4869 exec/s: 22866 rss: 419Mb L: 2186/4455 MS: 2 ChangeByte-EraseBytes-
#504256	NEW    cov: 188 ft: 909 corp: 246/141Kb lim: 4869 exec/s: 22920 rss: 419Mb L: 208/4455 MS: 4 InsertRepeatedBytes-PersAutoDict-PersAutoDict-CrossOver- DE: "\377\377\377\377\377\377\377\016"-"rx"-
#504697	REDUCE cov: 188 ft: 909 corp: 246/141Kb lim: 4869 exec/s: 22940 rss: 419Mb L: 176/4455 MS: 1 EraseBytes-
#505019	REDUCE cov: 188 ft: 909 corp: 246/141Kb lim: 4869 exec/s: 22955 rss: 419Mb L: 98/4455 MS: 2 ChangeASCIIInt-EraseBytes-
#505083	REDUCE cov: 188 ft: 909 corp: 246/141Kb lim: 4869 exec/s: 22958 rss: 419Mb L: 73/4455 MS: 4 ChangeASCIIInt-InsertByte-ChangeByte-EraseBytes-
#510489	REDUCE cov: 188 ft: 909 corp: 246/141Kb lim: 4869 exec/s: 23204 rss: 419Mb L: 48/4455 MS: 1 EraseBytes-
#511072	REDUCE cov: 188 ft: 909 corp: 246/141Kb lim: 4869 exec/s: 23230 rss: 419Mb L: 168/4455 MS: 3 ChangeASCIIInt-ChangeASCIIInt-EraseBytes-
#511094	REDUCE cov: 188 ft: 909 corp: 246/141Kb lim: 4869 exec/s: 23231 rss: 419Mb L: 112/4455 MS: 2 ChangeASCIIInt-EraseBytes-
#511365	REDUCE cov: 188 ft: 909 corp: 246/141Kb lim: 4869 exec/s: 23243 rss: 419Mb L: 73/4455 MS: 1 EraseBytes-
#511501	REDUCE cov: 188 ft: 909 corp: 246/141Kb lim: 4869 exec/s: 23250 rss: 419Mb L: 120/4455 MS: 1 EraseBytes-
#513197	REDUCE cov: 188 ft: 909 corp: 246/141Kb lim: 4869 exec/s: 23327 rss: 419Mb L: 43/4455 MS: 1 EraseBytes-
#513473	REDUCE cov: 188 ft: 909 corp: 246/141Kb lim: 4869 exec/s: 23339 rss: 419Mb L: 22/4455 MS: 1 EraseBytes-
#513765	REDUCE cov: 188 ft: 909 corp: 246/141Kb lim: 4869 exec/s: 23352 rss: 419Mb L: 107/4455 MS: 2 ShuffleBytes-EraseBytes-
#513881	REDUCE cov: 188 ft: 909 corp: 246/141Kb lim: 4869 exec/s: 23358 rss: 419Mb L: 1602/4455 MS: 1 EraseBytes-
#515889	REDUCE cov: 188 ft: 910 corp: 247/146Kb lim: 4869 exec/s: 23449 rss: 419Mb L: 4778/4778 MS: 3 InsertByte-ChangeASCIIInt-CopyPart-
#517040	REDUCE cov: 188 ft: 910 corp: 247/146Kb lim: 4869 exec/s: 23501 rss: 419Mb L: 204/4778 MS: 1 EraseBytes-
#517581	REDUCE cov: 188 ft: 910 corp: 247/146Kb lim: 4869 exec/s: 23526 rss: 419Mb L: 101/4778 MS: 1 EraseBytes-
#519402	REDUCE cov: 188 ft: 910 corp: 247/146Kb lim: 4869 exec/s: 23609 rss: 419Mb L: 1658/4778 MS: 1 EraseBytes-
#519480	REDUCE cov: 188 ft: 910 corp: 247/146Kb lim: 4869 exec/s: 23612 rss: 419Mb L: 96/4778 MS: 3 ChangeASCIIInt-ShuffleBytes-EraseBytes-
#520351	REDUCE cov: 188 ft: 910 corp: 247/146Kb lim: 4869 exec/s: 23652 rss: 419Mb L: 116/4778 MS: 1 EraseBytes-
#520372	REDUCE cov: 188 ft: 910 corp: 247/146Kb lim: 4869 exec/s: 22624 rss: 419Mb L: 110/4778 MS: 1 EraseBytes-
#521633	REDUCE cov: 188 ft: 910 corp: 247/146Kb lim: 4869 exec/s: 22679 rss: 419Mb L: 23/4778 MS: 1 EraseBytes-
#522884	REDUCE cov: 188 ft: 910 corp: 247/146Kb lim: 4869 exec/s: 22734 rss: 419Mb L: 95/4778 MS: 1 EraseBytes-
#522950	REDUCE cov: 188 ft: 910 corp: 247/146Kb lim: 4869 exec/s: 22736 rss: 419Mb L: 4776/4776 MS: 1 EraseBytes-
#523136	REDUCE cov: 188 ft: 910 corp: 247/146Kb lim: 4869 exec/s: 22745 rss: 419Mb L: 99/4776 MS: 1 EraseBytes-
#523187	REDUCE cov: 188 ft: 910 corp: 247/146Kb lim: 4869 exec/s: 22747 rss: 419Mb L: 17/4776 MS: 1 EraseBytes-
#523698	REDUCE cov: 188 ft: 910 corp: 247/146Kb lim: 4869 exec/s: 22769 rss: 419Mb L: 192/4776 MS: 1 EraseBytes-
#524186	REDUCE cov: 188 ft: 910 corp: 247/146Kb lim: 4869 exec/s: 22790 rss: 419Mb L: 185/4776 MS: 3 ShuffleBytes-PersAutoDict-EraseBytes- DE: "\","-
#524288	pulse  cov: 188 ft: 910 corp: 247/146Kb lim: 4869 exec/s: 22795 rss: 419Mb
#524697	REDUCE cov: 188 ft: 910 corp: 247/146Kb lim: 4869 exec/s: 22812 rss: 419Mb L: 83/4776 MS: 1 EraseBytes-
#524718	REDUCE cov: 188 ft: 910 corp: 247/146Kb lim: 4869 exec/s: 22813 rss: 419Mb L: 16/4776 MS: 1 EraseBytes-
#526424	REDUCE cov: 188 ft: 910 corp: 247/146Kb lim: 4869 exec/s: 22888 rss: 419Mb L: 71/4776 MS: 1 EraseBytes-
#527617	REDUCE cov: 188 ft: 910 corp: 247/146Kb lim: 4869 exec/s: 22939 rss: 419Mb L: 184/4776 MS: 3 ChangeASCIIInt-InsertByte-EraseBytes-
#528028	REDUCE cov: 188 ft: 910 corp: 247/146Kb lim: 4869 exec/s: 22957 rss: 419Mb L: 95/4776 MS: 1 EraseBytes-
#528080	REDUCE cov: 188 ft: 910 corp: 247/146Kb lim: 4869 exec/s: 22960 rss: 419Mb L: 127/4776 MS: 2 CrossOver-EraseBytes-
#529336	REDUCE cov: 188 ft: 910 corp: 247/146Kb lim: 4869 exec/s: 23014 rss: 419Mb L: 319/4776 MS: 1 EraseBytes-
#530277	REDUCE cov: 188 ft: 910 corp: 247/146Kb lim: 4869 exec/s: 23055 rss: 419Mb L: 48/4776 MS: 1 EraseBytes-
#530554	REDUCE cov: 188 ft: 910 corp: 247/146Kb lim: 4869 exec/s: 23067 rss: 419Mb L: 293/4776 MS: 2 PersAutoDict-EraseBytes- DE: "px\":"-
#531482	REDUCE cov: 188 ft: 910 corp: 247/146Kb lim: 4869 exec/s: 23107 rss: 419Mb L: 1218/4776 MS: 3 CrossOver-CopyPart-EraseBytes-
#531503	REDUCE cov: 188 ft: 910 corp: 247/146Kb lim: 4869 exec/s: 23108 rss: 419Mb L: 79/4776 MS: 1 EraseBytes-
#531899	REDUCE cov: 188 ft: 910 corp: 247/145Kb lim: 4869 exec/s: 23126 rss: 419Mb L: 17/4776 MS: 1 EraseBytes-
#532370	REDUCE cov: 188 ft: 910 corp: 247/145Kb lim: 4869 exec/s: 23146 rss: 419Mb L: 85/4776 MS: 1 EraseBytes-
#534651	REDUCE cov: 188 ft: 910 corp: 247/145Kb lim: 4869 exec/s: 23245 rss: 419Mb L: 52/4776 MS: 1 EraseBytes-
#534869	REDUCE cov: 188 ft: 910 corp: 247/145Kb lim: 4869 exec/s: 23255 rss: 419Mb L: 107/4776 MS: 3 CopyPart-ShuffleBytes-EraseBytes-
#534941	REDUCE cov: 188 ft: 910 corp: 247/145Kb lim: 4869 exec/s: 23258 rss: 419Mb L: 223/4776 MS: 2 ChangeASCIIInt-EraseBytes-
#536022	REDUCE cov: 188 ft: 910 corp: 247/145Kb lim: 4869 exec/s: 23305 rss: 419Mb L: 101/4776 MS: 1 EraseBytes-
#536193	REDUCE cov: 188 ft: 910 corp: 247/145Kb lim: 4869 exec/s: 23312 rss: 419Mb L: 135/4776 MS: 1 EraseBytes-
#537200	REDUCE cov: 188 ft: 910 corp: 247/145Kb lim: 4869 exec/s: 23356 rss: 419Mb L: 129/4776 MS: 2 ChangeASCIIInt-EraseBytes-
#538548	REDUCE cov: 188 ft: 910 corp: 247/145Kb lim: 4869 exec/s: 23415 rss: 419Mb L: 52/4776 MS: 3 ChangeBinInt-PersAutoDict-EraseBytes- DE: "\","-
#539794	REDUCE cov: 188 ft: 910 corp: 247/145Kb lim: 4869 exec/s: 23469 rss: 419Mb L: 47/4776 MS: 1 EraseBytes-
#539870	REDUCE cov: 188 ft: 910 corp: 247/145Kb lim: 4869 exec/s: 23472 rss: 419Mb L: 191/4776 MS: 1 EraseBytes-
#539917	REDUCE cov: 188 ft: 910 corp: 247/145Kb lim: 4869 exec/s: 23474 rss: 419Mb L: 153/4776 MS: 2 ShuffleBytes-EraseBytes-
#540158	REDUCE cov: 188 ft: 910 corp: 247/145Kb lim: 4869 exec/s: 23485 rss: 419Mb L: 86/4776 MS: 1 EraseBytes-
#541254	REDUCE cov: 188 ft: 910 corp: 247/145Kb lim: 4869 exec/s: 23532 rss: 419Mb L: 72/4776 MS: 1 EraseBytes-
#541300	REDUCE cov: 188 ft: 910 corp: 247/145Kb lim: 4869 exec/s: 23534 rss: 419Mb L: 922/4776 MS: 1 EraseBytes-
#544242	REDUCE cov: 188 ft: 910 corp: 247/145Kb lim: 4869 exec/s: 23662 rss: 419Mb L: 456/4776 MS: 2 ChangeASCIIInt-EraseBytes-
#544813	REDUCE cov: 188 ft: 910 corp: 247/145Kb lim: 4869 exec/s: 22700 rss: 419Mb L: 37/4776 MS: 1 EraseBytes-
#545032	REDUCE cov: 188 ft: 910 corp: 247/145Kb lim: 4869 exec/s: 22709 rss: 419Mb L: 397/4776 MS: 4 InsertByte-InsertByte-ChangeBit-EraseBytes-
#545863	REDUCE cov: 188 ft: 910 corp: 247/145Kb lim: 4869 exec/s: 22744 rss: 419Mb L: 47/4776 MS: 1 EraseBytes-
#546014	REDUCE cov: 188 ft: 910 corp: 247/145Kb lim: 4869 exec/s: 22750 rss: 419Mb L: 117/4776 MS: 1 EraseBytes-
#546477	REDUCE cov: 188 ft: 910 corp: 247/145Kb lim: 4869 exec/s: 22769 rss: 419Mb L: 2554/4776 MS: 3 ChangeASCIIInt-ChangeBinInt-EraseBytes-
#547664	REDUCE cov: 188 ft: 910 corp: 247/145Kb lim: 4869 exec/s: 22819 rss: 419Mb L: 94/4776 MS: 2 ChangeBit-EraseBytes-
#548435	REDUCE cov: 188 ft: 910 corp: 247/145Kb lim: 4869 exec/s: 22851 rss: 419Mb L: 172/4776 MS: 1 EraseBytes-
#548647	REDUCE cov: 188 ft: 910 corp: 247/145Kb lim: 4869 exec/s: 22860 rss: 419Mb L: 442/4776 MS: 2 CrossOver-EraseBytes-
#549077	REDUCE cov: 188 ft: 910 corp: 247/145Kb lim: 4869 exec/s: 22878 rss: 419Mb L: 331/4776 MS: 5 CrossOver-ChangeByte-ChangeBit-CMP-EraseBytes- DE: "le[{"-
#549229	REDUCE cov: 188 ft: 910 corp: 247/145Kb lim: 4869 exec/s: 22884 rss: 419Mb L: 188/4776 MS: 2 ChangeBit-EraseBytes-
#549476	REDUCE cov: 188 ft: 910 corp: 247/145Kb lim: 4869 exec/s: 22894 rss: 419Mb L: 81/4776 MS: 2 ShuffleBytes-EraseBytes-
#549647	REDUCE cov: 188 ft: 910 corp: 247/145Kb lim: 4869 exec/s: 22901 rss: 419Mb L: 159/4776 MS: 1 EraseBytes-
#550989	REDUCE cov: 188 ft: 910 corp: 247/145Kb lim: 4869 exec/s: 22957 rss: 419Mb L: 71/4776 MS: 2 ChangeByte-EraseBytes-
#551065	REDUCE cov: 188 ft: 910 corp: 247/145Kb lim: 4869 exec/s: 22961 rss: 419Mb L: 44/4776 MS: 1 EraseBytes-
#552581	REDUCE cov: 188 ft: 910 corp: 247/145Kb lim: 4869 exec/s: 23024 rss: 419Mb L: 67/4776 MS: 1 EraseBytes-
#553309	REDUCE cov: 188 ft: 910 corp: 247/145Kb lim: 4869 exec/s: 23054 rss: 419Mb L: 108/4776 MS: 3 InsertByte-CrossOver-EraseBytes-
#553330	REDUCE cov: 188 ft: 910 corp: 247/145Kb lim: 4869 exec/s: 23055 rss: 419Mb L: 60/4776 MS: 1 EraseBytes-
#553418	REDUCE cov: 188 ft: 910 corp: 247/145Kb lim: 4869 exec/s: 23059 rss: 419Mb L: 3992/4776 MS: 3 PersAutoDict-EraseBytes-PersAutoDict- DE: "\010\000\000\000"-"\377\377"-
#553635	REDUCE cov: 188 ft: 913 corp: 248/145Kb lim: 4869 exec/s: 23068 rss: 419Mb L: 380/4776 MS: 2 InsertByte-CrossOver-
#554084	REDUCE cov: 188 ft: 913 corp: 248/145Kb lim: 4869 exec/s: 23086 rss: 419Mb L: 198/4776 MS: 4 EraseBytes-InsertRepeatedBytes-PersAutoDict-CrossOver- DE: "D*>\323\271n\000\000"-
#555397	REDUCE cov: 188 ft: 913 corp: 248/145Kb lim: 4869 exec/s: 23141 rss: 419Mb L: 50/4776 MS: 3 ChangeBinInt-ChangeBinInt-EraseBytes-
#555953	REDUCE cov: 188 ft: 913 corp: 248/145Kb lim: 4869 exec/s: 23164 rss: 419Mb L: 110/4776 MS: 1 EraseBytes-
#557351	REDUCE cov: 188 ft: 913 corp: 248/145Kb lim: 4869 exec/s: 23222 rss: 419Mb L: 277/4776 MS: 3 InsertRepeatedBytes-ChangeByte-EraseBytes-
#558397	REDUCE cov: 188 ft: 913 corp: 248/145Kb lim: 4869 exec/s: 23266 rss: 419Mb L: 64/4776 MS: 1 EraseBytes-
#558806	REDUCE cov: 188 ft: 913 corp: 248/145Kb lim: 4869 exec/s: 23283 rss: 419Mb L: 65/4776 MS: 4 ChangeBinInt-InsertRepeatedBytes-ChangeASCIIInt-EraseBytes-
#558898	REDUCE cov: 188 ft: 913 corp: 248/145Kb lim: 4869 exec/s: 23287 rss: 419Mb L: 120/4776 MS: 2 ShuffleBytes-EraseBytes-
#558920	REDUCE cov: 188 ft: 913 corp: 248/145Kb lim: 4869 exec/s: 23288 rss: 419Mb L: 63/4776 MS: 2 InsertByte-EraseBytes-
#558922	REDUCE cov: 188 ft: 913 corp: 248/145Kb lim: 4869 exec/s: 23288 rss: 419Mb L: 41/4776 MS: 2 InsertByte-EraseBytes-
#559393	REDUCE cov: 188 ft: 913 corp: 248/145Kb lim: 4869 exec/s: 23308 rss: 419Mb L: 148/4776 MS: 1 EraseBytes-
#561174	REDUCE cov: 188 ft: 913 corp: 248/145Kb lim: 4869 exec/s: 23382 rss: 419Mb L: 546/4776 MS: 1 EraseBytes-
#562455	REDUCE cov: 188 ft: 913 corp: 248/145Kb lim: 4869 exec/s: 23435 rss: 419Mb L: 131/4776 MS: 1 EraseBytes-
#564381	REDUCE cov: 188 ft: 913 corp: 248/145Kb lim: 4869 exec/s: 23515 rss: 419Mb L: 91/4776 MS: 1 EraseBytes-
#565986	REDUCE cov: 188 ft: 913 corp: 248/145Kb lim: 4869 exec/s: 23582 rss: 419Mb L: 193/4776 MS: 5 PersAutoDict-ShuffleBytes-ChangeByte-PersAutoDict-EraseBytes- DE: "\313\377\377\377"-"le[{"-
#566252	REDUCE cov: 188 ft: 913 corp: 248/145Kb lim: 4869 exec/s: 23593 rss: 419Mb L: 16/4776 MS: 1 EraseBytes-
#567543	REDUCE cov: 188 ft: 913 corp: 248/145Kb lim: 4869 exec/s: 22701 rss: 419Mb L: 177/4776 MS: 1 EraseBytes-
#568074	REDUCE cov: 188 ft: 913 corp: 248/145Kb lim: 4869 exec/s: 22722 rss: 419Mb L: 71/4776 MS: 1 EraseBytes-
#569647	REDUCE cov: 188 ft: 913 corp: 248/145Kb lim: 4869 exec/s: 22785 rss: 419Mb L: 123/4776 MS: 3 PersAutoDict-ChangeBit-EraseBytes- DE: "px"-
#569990	REDUCE cov: 188 ft: 913 corp: 248/145Kb lim: 4869 exec/s: 22799 rss: 419Mb L: 74/4776 MS: 3 ChangeBinInt-ChangeBit-EraseBytes-
#572476	REDUCE cov: 188 ft: 913 corp: 248/145Kb lim: 4869 exec/s: 22899 rss: 419Mb L: 356/4776 MS: 1 EraseBytes-
#574277	REDUCE cov: 188 ft: 913 corp: 248/145Kb lim: 4869 exec/s: 22971 rss: 419Mb L: 69/4776 MS: 1 EraseBytes-
#574368	REDUCE cov: 188 ft: 913 corp: 248/145Kb lim: 4869 exec/s: 22974 rss: 419Mb L: 184/4776 MS: 1 EraseBytes-
#574609	REDUCE cov: 188 ft: 913 corp: 248/145Kb lim: 4869 exec/s: 22984 rss: 419Mb L: 80/4776 MS: 1 EraseBytes-
#574640	REDUCE cov: 188 ft: 913 corp: 248/145Kb lim: 4869 exec/s: 22985 rss: 419Mb L: 66/4776 MS: 1 EraseBytes-
#574811	REDUCE cov: 188 ft: 913 corp: 248/145Kb lim: 4869 exec/s: 22992 rss: 419Mb L: 176/4776 MS: 1 EraseBytes-
#575847	REDUCE cov: 188 ft: 913 corp: 248/145Kb lim: 4869 exec/s: 23033 rss: 419Mb L: 143/4776 MS: 1 EraseBytes-
#575958	REDUCE cov: 188 ft: 913 corp: 248/145Kb lim: 4869 exec/s: 23038 rss: 419Mb L: 60/4776 MS: 1 EraseBytes-
#576979	REDUCE cov: 188 ft: 913 corp: 248/145Kb lim: 4869 exec/s: 23079 rss: 419Mb L: 95/4776 MS: 1 EraseBytes-
#577078	REDUCE cov: 188 ft: 913 corp: 248/145Kb lim: 4869 exec/s: 23083 rss: 419Mb L: 147/4776 MS: 4 InsertByte-ShuffleBytes-InsertByte-EraseBytes-
#577774	REDUCE cov: 188 ft: 913 corp: 248/145Kb lim: 4869 exec/s: 23110 rss: 419Mb L: 88/4776 MS: 1 EraseBytes-
#577941	REDUCE cov: 188 ft: 913 corp: 248/145Kb lim: 4869 exec/s: 23117 rss: 419Mb L: 127/4776 MS: 2 ChangeBinInt-EraseBytes-
#577976	REDUCE cov: 188 ft: 913 corp: 248/144Kb lim: 4869 exec/s: 23119 rss: 419Mb L: 155/4776 MS: 5 CrossOver-InsertByte-ChangeByte-CopyPart-EraseBytes-
#578207	REDUCE cov: 188 ft: 913 corp: 248/144Kb lim: 4869 exec/s: 23128 rss: 419Mb L: 64/4776 MS: 1 EraseBytes-
#578718	REDUCE cov: 188 ft: 913 corp: 248/144Kb lim: 4869 exec/s: 23148 rss: 419Mb L: 108/4776 MS: 1 EraseBytes-
#578854	REDUCE cov: 188 ft: 913 corp: 248/144Kb lim: 4869 exec/s: 23154 rss: 419Mb L: 211/4776 MS: 1 EraseBytes-
#579053	REDUCE cov: 188 ft: 913 corp: 248/144Kb lim: 4869 exec/s: 23162 rss: 419Mb L: 42/4776 MS: 4 ChangeByte-CMP-ChangeASCIIInt-EraseBytes- DE: "\000\000\000\272"-
#579332	REDUCE cov: 188 ft: 913 corp: 248/144Kb lim: 4869 exec/s: 23173 rss: 419Mb L: 146/4776 MS: 4 ChangeASCIIInt-CrossOver-CopyPart-EraseBytes-
#579944	REDUCE cov: 188 ft: 913 corp: 248/144Kb lim: 4869 exec/s: 23197 rss: 419Mb L: 114/4776 MS: 2 PersAutoDict-EraseBytes- DE: "sz"-
#581175	REDUCE cov: 188 ft: 913 corp: 248/144Kb lim: 4869 exec/s: 23247 rss: 419Mb L: 284/4776 MS: 1 EraseBytes-
#582087	REDUCE cov: 188 ft: 913 corp: 248/144Kb lim: 4869 exec/s: 23283 rss: 419Mb L: 271/4776 MS: 2 CMP-EraseBytes- DE: "\","-
#582133	REDUCE cov: 188 ft: 913 corp: 248/144Kb lim: 4869 exec/s: 23285 rss: 419Mb L: 118/4776 MS: 1 EraseBytes-
#582268	REDUCE cov: 188 ft: 913 corp: 248/144Kb lim: 4869 exec/s: 23290 rss: 419Mb L: 103/4776 MS: 5 InsertByte-InsertByte-CMP-InsertByte-EraseBytes- DE: "\001\000\000\000"-
#582580	REDUCE cov: 188 ft: 913 corp: 248/144Kb lim: 4869 exec/s: 23303 rss: 419Mb L: 246/4776 MS: 2 ShuffleBytes-EraseBytes-
#584466	REDUCE cov: 188 ft: 913 corp: 248/144Kb lim: 4869 exec/s: 23378 rss: 419Mb L: 2201/4776 MS: 1 EraseBytes-
#584605	REDUCE cov: 188 ft: 913 corp: 248/144Kb lim: 4869 exec/s: 23384 rss: 419Mb L: 173/4776 MS: 4 CMP-CMP-ChangeByte-EraseBytes- DE: "\001\000\000\000\000\000\000\016"-"side"-
#584646	REDUCE cov: 188 ft: 913 corp: 248/144Kb lim: 4869 exec/s: 23385 rss: 419Mb L: 47/4776 MS: 1 EraseBytes-
#585041	REDUCE cov: 188 ft: 913 corp: 248/143Kb lim: 4869 exec/s: 23401 rss: 419Mb L: 967/4776 MS: 5 CMP-ShuffleBytes-ChangeASCIIInt-ShuffleBytes-EraseBytes- DE: "\000\000"-
#585348	REDUCE cov: 188 ft: 913 corp: 248/143Kb lim: 4869 exec/s: 23413 rss: 419Mb L: 113/4776 MS: 2 ChangeBit-EraseBytes-
#585519	REDUCE cov: 188 ft: 913 corp: 248/143Kb lim: 4869 exec/s: 23420 rss: 419Mb L: 134/4776 MS: 1 EraseBytes-
#585876	REDUCE cov: 188 ft: 913 corp: 248/143Kb lim: 4869 exec/s: 23435 rss: 419Mb L: 154/4776 MS: 2 CMP-EraseBytes- DE: "side"-
#587010	REDUCE cov: 188 ft: 913 corp: 248/143Kb lim: 4869 exec/s: 23480 rss: 419Mb L: 112/4776 MS: 4 InsertByte-CMP-ChangeBit-EraseBytes- DE: "\377\377\377\377"-
#587666	REDUCE cov: 188 ft: 913 corp: 248/143Kb lim: 4869 exec/s: 23506 rss: 419Mb L: 106/4776 MS: 1 EraseBytes-
#587968	REDUCE cov: 188 ft: 913 corp: 248/143Kb lim: 4869 exec/s: 23518 rss: 419Mb L: 87/4776 MS: 2 ChangeBit-EraseBytes-
#588069	REDUCE cov: 188 ft: 913 corp: 248/143Kb lim: 4869 exec/s: 23522 rss: 419Mb L: 310/4776 MS: 1 EraseBytes-
#589190	REDUCE cov: 188 ft: 913 corp: 248/143Kb lim: 4869 exec/s: 23567 rss: 419Mb L: 96/4776 MS: 1 EraseBytes-
#591071	REDUCE cov: 188 ft: 913 corp: 248/143Kb lim: 4869 exec/s: 22733 rss: 419Mb L: 4152/4776 MS: 1 EraseBytes-
#591172	REDUCE cov: 188 ft: 913 corp: 248/143Kb lim: 4869 exec/s: 22737 rss: 419Mb L: 46/4776 MS: 1 EraseBytes-
#592139	REDUCE cov: 188 ft: 913 corp: 248/143Kb lim: 4869 exec/s: 22774 rss: 419Mb L: 12/4776 MS: 2 ChangeByte-EraseBytes-
#592202	REDUCE cov: 188 ft: 913 corp: 248/143Kb lim: 4869 exec/s: 22777 rss: 419Mb L: 288/4776 MS: 3 EraseBytes-ShuffleBytes-CopyPart-
#593344	REDUCE cov: 188 ft: 913 corp: 248/143Kb lim: 4869 exec/s: 22820 rss: 419Mb L: 149/4776 MS: 2 CMP-EraseBytes- DE: "\001\000\000\000\000\000\014\372"-
#594196	REDUCE cov: 188 ft: 913 corp: 248/143Kb lim: 4869 exec/s: 22853 rss: 419Mb L: 49/4776 MS: 2 ChangeBit-EraseBytes-
#594449	REDUCE cov: 188 ft: 913 corp: 248/143Kb lim: 4869 exec/s: 22863 rss: 419Mb L: 89/4776 MS: 3 ChangeBinInt-InsertRepeatedBytes-EraseBytes-
#594721	REDUCE cov: 188 ft: 913 corp: 248/143Kb lim: 4869 exec/s: 22873 rss: 419Mb L: 94/4776 MS: 2 ChangeByte-EraseBytes-
#595767	REDUCE cov: 188 ft: 913 corp: 248/143Kb lim: 4869 exec/s: 22914 rss: 419Mb L: 309/4776 MS: 1 EraseBytes-
#596028	REDUCE cov: 188 ft: 913 corp: 248/143Kb lim: 4869 exec/s: 22924 rss: 419Mb L: 242/4776 MS: 1 EraseBytes-
#596064	REDUCE cov: 188 ft: 913 corp: 248/143Kb lim: 4869 exec/s: 22925 rss: 419Mb L: 86/4776 MS: 1 EraseBytes-
#597018	REDUCE cov: 188 ft: 913 corp: 248/143Kb lim: 4869 exec/s: 22962 rss: 419Mb L: 160/4776 MS: 4 ShuffleBytes-ChangeBit-ShuffleBytes-CrossOver-
#597816	REDUCE cov: 188 ft: 913 corp: 248/143Kb lim: 4869 exec/s: 22992 rss: 419Mb L: 81/4776 MS: 3 ChangeBit-ChangeASCIIInt-EraseBytes-
#598099	REDUCE cov: 188 ft: 913 corp: 248/143Kb lim: 4869 exec/s: 23003 rss: 419Mb L: 40/4776 MS: 3 InsertByte-ChangeBinInt-EraseBytes-
#598196	REDUCE cov: 188 ft: 913 corp: 248/143Kb lim: 4869 exec/s: 23007 rss: 419Mb L: 2442/4776 MS: 2 PersAutoDict-EraseBytes- DE: "sz"-
#599602	REDUCE cov: 188 ft: 913 corp: 248/143Kb lim: 4869 exec/s: 23061 rss: 419Mb L: 128/4776 MS: 1 EraseBytes-
#602568	REDUCE cov: 188 ft: 913 corp: 248/143Kb lim: 4869 exec/s: 23175 rss: 419Mb L: 43/4776 MS: 1 EraseBytes-
#603199	REDUCE cov: 188 ft: 913 corp: 248/143Kb lim: 4869 exec/s: 23199 rss: 419Mb L: 243/4776 MS: 1 EraseBytes-
#603530	REDUCE cov: 188 ft: 913 corp: 248/143Kb lim: 4869 exec/s: 23212 rss: 419Mb L: 73/4776 MS: 1 EraseBytes-
#603751	REDUCE cov: 188 ft: 913 corp: 248/143Kb lim: 4869 exec/s: 23221 rss: 419Mb L: 36/4776 MS: 1 EraseBytes-
#604708	REDUCE cov: 188 ft: 913 corp: 248/143Kb lim: 4869 exec/s: 23258 rss: 419Mb L: 116/4776 MS: 2 ChangeASCIIInt-EraseBytes-
#604820	REDUCE cov: 188 ft: 913 corp: 248/143Kb lim: 4869 exec/s: 23262 rss: 419Mb L: 39/4776 MS: 2 ChangeASCIIInt-EraseBytes-
#605296	REDUCE cov: 188 ft: 913 corp: 248/143Kb lim: 4869 exec/s: 23280 rss: 419Mb L: 49/4776 MS: 1 EraseBytes-
#606042	REDUCE cov: 188 ft: 913 corp: 248/143Kb lim: 4869 exec/s: 23309 rss: 419Mb L: 2602/4776 MS: 1 EraseBytes-
#606142	REDUCE cov: 188 ft: 913 corp: 248/143Kb lim: 4869 exec/s: 23313 rss: 419Mb L: 90/4776 MS: 5 CrossOver-CrossOver-ChangeASCIIInt-ChangeBit-EraseBytes-
#606766	REDUCE cov: 188 ft: 913 corp: 248/143Kb lim: 4869 exec/s: 23337 rss: 419Mb L: 149/4776 MS: 4 CrossOver-ChangeBinInt-PersAutoDict-EraseBytes- DE: "hash\":"-
#607573	REDUCE cov: 188 ft: 913 corp: 248/143Kb lim: 4869 exec/s: 23368 rss: 419Mb L: 105/4776 MS: 2 EraseBytes-CrossOver-
#607714	REDUCE cov: 188 ft: 913 corp: 248/143Kb lim: 4869 exec/s: 23373 rss: 419Mb L: 146/4776 MS: 1 EraseBytes-
#607930	REDUCE cov: 188 ft: 913 corp: 248/143Kb lim: 4869 exec/s: 23381 rss: 419Mb L: 197/4776 MS: 1 EraseBytes-
#609331	REDUCE cov: 188 ft: 913 corp: 248/143Kb lim: 4869 exec/s: 23435 rss: 419Mb L: 128/4776 MS: 1 EraseBytes-
#610564	REDUCE cov: 188 ft: 913 corp: 248/140Kb lim: 4869 exec/s: 23483 rss: 419Mb L: 961/4776 MS: 3 ChangeBit-ChangeBit-CrossOver-
#610616	REDUCE cov: 188 ft: 913 corp: 248/140Kb lim: 4869 exec/s: 23485 rss: 419Mb L: 22/4776 MS: 2 ChangeByte-EraseBytes-
#610877	REDUCE cov: 188 ft: 913 corp: 248/140Kb lim: 4869 exec/s: 23495 rss: 419Mb L: 94/4776 MS: 1 EraseBytes-
#611090	REDUCE cov: 188 ft: 913 corp: 248/140Kb lim: 4869 exec/s: 23503 rss: 419Mb L: 150/4776 MS: 3 CopyPart-InsertByte-EraseBytes-
#611136	REDUCE cov: 188 ft: 913 corp: 248/140Kb lim: 4869 exec/s: 23505 rss: 419Mb L: 56/4776 MS: 1 EraseBytes-
#611142	REDUCE cov: 188 ft: 913 corp: 248/140Kb lim: 4869 exec/s: 23505 rss: 419Mb L: 262/4776 MS: 1 EraseBytes-
#611502	REDUCE cov: 188 ft: 913 corp: 248/140Kb lim: 4869 exec/s: 23519 rss: 419Mb L: 2784/4776 MS: 5 ChangeBinInt-ShuffleBytes-CMP-EraseBytes-CopyPart- DE: "\200|\264\323\271n\000\000"-
#611663	REDUCE cov: 188 ft: 913 corp: 248/140Kb lim: 4869 exec/s: 23525 rss: 419Mb L: 10/4776 MS: 1 EraseBytes-
#612564	REDUCE cov: 188 ft: 913 corp: 248/140Kb lim: 4869 exec/s: 23560 rss: 419Mb L: 103/4776 MS: 1 EraseBytes-
#613015	REDUCE cov: 188 ft: 913 corp: 248/140Kb lim: 4869 exec/s: 23577 rss: 419Mb L: 75/4776 MS: 1 EraseBytes-
#613217	REDUCE cov: 188 ft: 913 corp: 248/140Kb lim: 4869 exec/s: 23585 rss: 419Mb L: 74/4776 MS: 2 ChangeByte-EraseBytes-
#613458	REDUCE cov: 188 ft: 913 corp: 248/140Kb lim: 4869 exec/s: 23594 rss: 419Mb L: 114/4776 MS: 1 EraseBytes-
#614114	REDUCE cov: 188 ft: 913 corp: 248/140Kb lim: 4869 exec/s: 23619 rss: 419Mb L: 140/4776 MS: 1 EraseBytes-
#614145	REDUCE cov: 188 ft: 913 corp: 248/140Kb lim: 4869 exec/s: 23620 rss: 419Mb L: 48/4776 MS: 1 EraseBytes-
#614782	REDUCE cov: 188 ft: 913 corp: 248/140Kb lim: 4869 exec/s: 22769 rss: 419Mb L: 20/4776 MS: 2 EraseBytes-CopyPart-
#615301	REDUCE cov: 188 ft: 913 corp: 248/140Kb lim: 4869 exec/s: 22788 rss: 419Mb L: 1298/4776 MS: 4 EraseBytes-ShuffleBytes-ChangeASCIIInt-ChangeBit-
#616438	REDUCE cov: 188 ft: 913 corp: 248/140Kb lim: 4869 exec/s: 22831 rss: 419Mb L: 119/4776 MS: 2 CMP-EraseBytes- DE: "\232>\002\323\371l\000\000"-
#616831	REDUCE cov: 188 ft: 913 corp: 248/140Kb lim: 4869 exec/s: 22845 rss: 419Mb L: 112/4776 MS: 3 ChangeByte-ChangeASCIIInt-EraseBytes-
#617717	REDUCE cov: 188 ft: 913 corp: 248/140Kb lim: 4869 exec/s: 22878 rss: 419Mb L: 89/4776 MS: 1 EraseBytes-
#618943	REDUCE cov: 188 ft: 913 corp: 248/140Kb lim: 4869 exec/s: 22923 rss: 419Mb L: 102/4776 MS: 1 EraseBytes-
#620079	REDUCE cov: 188 ft: 913 corp: 248/140Kb lim: 4869 exec/s: 22965 rss: 419Mb L: 148/4776 MS: 1 EraseBytes-
#623137	REDUCE cov: 188 ft: 913 corp: 248/140Kb lim: 4869 exec/s: 23079 rss: 419Mb L: 257/4776 MS: 3 ChangeByte-ChangeBit-EraseBytes-
#623734	REDUCE cov: 188 ft: 913 corp: 248/140Kb lim: 4869 exec/s: 23101 rss: 419Mb L: 25/4776 MS: 2 InsertByte-EraseBytes-
#624015	REDUCE cov: 188 ft: 913 corp: 248/140Kb lim: 4869 exec/s: 23111 rss: 419Mb L: 107/4776 MS: 1 EraseBytes-
#624946	REDUCE cov: 188 ft: 913 corp: 248/140Kb lim: 4869 exec/s: 23146 rss: 419Mb L: 45/4776 MS: 1 EraseBytes-
#625117	REDUCE cov: 188 ft: 913 corp: 248/140Kb lim: 4869 exec/s: 23152 rss: 419Mb L: 36/4776 MS: 1 EraseBytes-
#625704	REDUCE cov: 188 ft: 913 corp: 248/140Kb lim: 4869 exec/s: 23174 rss: 419Mb L: 89/4776 MS: 2 CopyPart-EraseBytes-
#626638	REDUCE cov: 188 ft: 913 corp: 248/140Kb lim: 4869 exec/s: 23208 rss: 419Mb L: 61/4776 MS: 4 CrossOver-InsertByte-ChangeASCIIInt-EraseBytes-
#627390	REDUCE cov: 188 ft: 913 corp: 248/140Kb lim: 4869 exec/s: 23236 rss: 419Mb L: 145/4776 MS: 2 ShuffleBytes-EraseBytes-
#628372	REDUCE cov: 188 ft: 913 corp: 248/140Kb lim: 4869 exec/s: 23273 rss: 419Mb L: 42/4776 MS: 2 CopyPart-EraseBytes-
#628523	REDUCE cov: 188 ft: 913 corp: 248/140Kb lim: 4869 exec/s: 23278 rss: 419Mb L: 33/4776 MS: 1 EraseBytes-
#629400	REDUCE cov: 188 ft: 913 corp: 248/140Kb lim: 4869 exec/s: 23311 rss: 419Mb L: 144/4776 MS: 2 ChangeBinInt-EraseBytes-
#629417	REDUCE cov: 188 ft: 913 corp: 248/140Kb lim: 4869 exec/s: 23311 rss: 419Mb L: 86/4776 MS: 2 ChangeASCIIInt-EraseBytes-
#629593	REDUCE cov: 188 ft: 913 corp: 248/140Kb lim: 4869 exec/s: 23318 rss: 419Mb L: 39/4776 MS: 1 EraseBytes-
#629756	REDUCE cov: 188 ft: 913 corp: 248/139Kb lim: 4869 exec/s: 23324 rss: 419Mb L: 1187/4776 MS: 3 ChangeASCIIInt-EraseBytes-EraseBytes-
#629818	REDUCE cov: 188 ft: 913 corp: 248/139Kb lim: 4869 exec/s: 23326 rss: 419Mb L: 66/4776 MS: 2 PersAutoDict-EraseBytes- DE: "\377\377"-
#630179	REDUCE cov: 188 ft: 913 corp: 248/139Kb lim: 4869 exec/s: 23339 rss: 419Mb L: 43/4776 MS: 1 EraseBytes-
#630515	REDUCE cov: 188 ft: 913 corp: 248/139Kb lim: 4869 exec/s: 23352 rss: 419Mb L: 133/4776 MS: 1 EraseBytes-
#630516	REDUCE cov: 188 ft: 913 corp: 248/139Kb lim: 4869 exec/s: 23352 rss: 419Mb L: 97/4776 MS: 1 EraseBytes-
#631127	REDUCE cov: 188 ft: 913 corp: 248/139Kb lim: 4869 exec/s: 23375 rss: 419Mb L: 438/4776 MS: 1 EraseBytes-
#631163	REDUCE cov: 188 ft: 913 corp: 248/139Kb lim: 4869 exec/s: 23376 rss: 419Mb L: 269/4776 MS: 1 EraseBytes-
#631270	REDUCE cov: 188 ft: 913 corp: 248/139Kb lim: 4869 exec/s: 23380 rss: 419Mb L: 32/4776 MS: 2 PersAutoDict-EraseBytes- DE: "\313\377\377\377"-
#631781	REDUCE cov: 188 ft: 913 corp: 248/139Kb lim: 4869 exec/s: 23399 rss: 419Mb L: 45/4776 MS: 1 EraseBytes-
#632124	REDUCE cov: 188 ft: 913 corp: 248/139Kb lim: 4869 exec/s: 23412 rss: 419Mb L: 101/4776 MS: 3 ChangeASCIIInt-ChangeBit-EraseBytes-
#632241	REDUCE cov: 188 ft: 913 corp: 248/139Kb lim: 4869 exec/s: 23416 rss: 419Mb L: 165/4776 MS: 2 ChangeBinInt-EraseBytes-
#632583	REDUCE cov: 188 ft: 913 corp: 248/139Kb lim: 4869 exec/s: 23429 rss: 419Mb L: 156/4776 MS: 2 ShuffleBytes-EraseBytes-
#633662	REDUCE cov: 188 ft: 913 corp: 248/139Kb lim: 4869 exec/s: 23468 rss: 419Mb L: 61/4776 MS: 4 PersAutoDict-ChangeBinInt-ShuffleBytes-EraseBytes- DE: "\001\015"-
#634868	REDUCE cov: 188 ft: 913 corp: 248/139Kb lim: 4869 exec/s: 23513 rss: 419Mb L: 67/4776 MS: 1 EraseBytes-
#636004	REDUCE cov: 188 ft: 913 corp: 248/139Kb lim: 4869 exec/s: 23555 rss: 419Mb L: 101/4776 MS: 1 EraseBytes-
#636136	REDUCE cov: 188 ft: 913 corp: 248/139Kb lim: 4869 exec/s: 23560 rss: 419Mb L: 135/4776 MS: 2 ChangeBit-EraseBytes-
#636422	REDUCE cov: 188 ft: 913 corp: 248/139Kb lim: 4869 exec/s: 23571 rss: 419Mb L: 117/4776 MS: 1 EraseBytes-
#636823	REDUCE cov: 188 ft: 913 corp: 248/139Kb lim: 4869 exec/s: 23586 rss: 419Mb L: 147/4776 MS: 1 EraseBytes-
#637273	REDUCE cov: 188 ft: 913 corp: 248/139Kb lim: 4869 exec/s: 23602 rss: 419Mb L: 3676/4776 MS: 5 ChangeBit-PersAutoDict-CMP-InsertByte-EraseBytes- DE: "\007\000\000\000"-"px"-
#637374	REDUCE cov: 188 ft: 913 corp: 248/139Kb lim: 4869 exec/s: 23606 rss: 419Mb L: 98/4776 MS: 1 EraseBytes-
#637381	REDUCE cov: 188 ft: 913 corp: 248/139Kb lim: 4869 exec/s: 23606 rss: 419Mb L: 70/4776 MS: 2 ChangeBit-EraseBytes-
#638683	REDUCE cov: 188 ft: 913 corp: 248/139Kb lim: 4869 exec/s: 22810 rss: 419Mb L: 287/4776 MS: 2 ShuffleBytes-EraseBytes-
#639724	REDUCE cov: 188 ft: 913 corp: 248/139Kb lim: 4869 exec/s: 22847 rss: 419Mb L: 88/4776 MS: 1 EraseBytes-
#641116	REDUCE cov: 188 ft: 913 corp: 248/139Kb lim: 4869 exec/s: 22897 rss: 419Mb L: 107/4776 MS: 2 ChangeBit-EraseBytes-
#641261	REDUCE cov: 188 ft: 913 corp: 248/139Kb lim: 4869 exec/s: 22902 rss: 419Mb L: 136/4776 MS: 5 ChangeASCIIInt-CMP-EraseBytes-PersAutoDict-EraseBytes- DE: "\323\377\377\377"-"px"-
#641287	REDUCE cov: 188 ft: 913 corp: 248/139Kb lim: 4869 exec/s: 22903 rss: 419Mb L: 110/4776 MS: 1 EraseBytes-
#641408	REDUCE cov: 188 ft: 913 corp: 248/139Kb lim: 4869 exec/s: 22907 rss: 419Mb L: 110/4776 MS: 1 EraseBytes-
#642102	REDUCE cov: 188 ft: 913 corp: 248/139Kb lim: 4869 exec/s: 22932 rss: 419Mb L: 78/4776 MS: 4 CopyPart-ChangeASCIIInt-InsertRepeatedBytes-EraseBytes-
#644561	REDUCE cov: 188 ft: 913 corp: 248/139Kb lim: 4869 exec/s: 23020 rss: 419Mb L: 216/4776 MS: 4 ShuffleBytes-ChangeASCIIInt-ChangeBinInt-EraseBytes-
#644982	REDUCE cov: 188 ft: 913 corp: 248/139Kb lim: 4869 exec/s: 23035 rss: 419Mb L: 139/4776 MS: 1 EraseBytes-
#645858	REDUCE cov: 188 ft: 913 corp: 248/139Kb lim: 4869 exec/s: 23066 rss: 419Mb L: 1639/4776 MS: 1 EraseBytes-
#649166	REDUCE cov: 188 ft: 913 corp: 248/139Kb lim: 4869 exec/s: 23184 rss: 419Mb L: 2127/4776 MS: 3 ChangeByte-ShuffleBytes-EraseBytes-
#649217	REDUCE cov: 188 ft: 913 corp: 248/139Kb lim: 4869 exec/s: 23186 rss: 419Mb L: 58/4776 MS: 1 EraseBytes-
#650883	REDUCE cov: 188 ft: 913 corp: 248/139Kb lim: 4869 exec/s: 23245 rss: 419Mb L: 41/4776 MS: 1 EraseBytes-
#651154	REDUCE cov: 188 ft: 913 corp: 248/139Kb lim: 4869 exec/s: 23255 rss: 419Mb L: 107/4776 MS: 1 EraseBytes-
#653548	REDUCE cov: 188 ft: 913 corp: 248/139Kb lim: 4869 exec/s: 23341 rss: 419Mb L: 106/4776 MS: 4 ChangeBit-ChangeByte-InsertRepeatedBytes-EraseBytes-
#653595	REDUCE cov: 188 ft: 913 corp: 248/139Kb lim: 4869 exec/s: 23342 rss: 419Mb L: 124/4776 MS: 2 ChangeBinInt-EraseBytes-
#653666	REDUCE cov: 188 ft: 913 corp: 248/139Kb lim: 4869 exec/s: 23345 rss: 419Mb L: 56/4776 MS: 1 EraseBytes-
#655692	REDUCE cov: 188 ft: 913 corp: 248/139Kb lim: 4869 exec/s: 23417 rss: 419Mb L: 182/4776 MS: 1 EraseBytes-
#656143	REDUCE cov: 188 ft: 913 corp: 248/138Kb lim: 4869 exec/s: 23433 rss: 419Mb L: 1150/4776 MS: 1 EraseBytes-
#656421	REDUCE cov: 188 ft: 913 corp: 248/138Kb lim: 4869 exec/s: 23443 rss: 419Mb L: 330/4776 MS: 3 InsertByte-PersAutoDict-EraseBytes- DE: "\253\3227\323\371m\000\000"-
#656497	REDUCE cov: 188 ft: 913 corp: 248/138Kb lim: 4869 exec/s: 23446 rss: 419Mb L: 140/4776 MS: 1 EraseBytes-
#656588	REDUCE cov: 188 ft: 913 corp: 248/138Kb lim: 4869 exec/s: 23449 rss: 419Mb L: 98/4776 MS: 1 EraseBytes-
#656590	REDUCE cov: 188 ft: 913 corp: 248/138Kb lim: 4869 exec/s: 23449 rss: 419Mb L: 287/4776 MS: 2 ChangeASCIIInt-EraseBytes-
#656812	REDUCE cov: 188 ft: 913 corp: 248/138Kb lim: 4869 exec/s: 23457 rss: 419Mb L: 44/4776 MS: 2 ChangeASCIIInt-EraseBytes-
#656873	REDUCE cov: 188 ft: 913 corp: 248/138Kb lim: 4869 exec/s: 23459 rss: 419Mb L: 89/4776 MS: 1 EraseBytes-
#657446	REDUCE cov: 188 ft: 913 corp: 248/138Kb lim: 4869 exec/s: 23480 rss: 419Mb L: 222/4776 MS: 3 ShuffleBytes-ChangeBit-EraseBytes-
#657834	REDUCE cov: 188 ft: 913 corp: 248/138Kb lim: 4869 exec/s: 23494 rss: 419Mb L: 166/4776 MS: 3 CopyPart-InsertByte-EraseBytes-
#658821	REDUCE cov: 188 ft: 913 corp: 248/138Kb lim: 4869 exec/s: 23529 rss: 419Mb L: 115/4776 MS: 2 ChangeBit-EraseBytes-
#659157	REDUCE cov: 188 ft: 913 corp: 248/138Kb lim: 4869 exec/s: 23541 rss: 419Mb L: 1846/4776 MS: 1 EraseBytes-
#660360	REDUCE cov: 188 ft: 913 corp: 248/138Kb lim: 4869 exec/s: 23584 rss: 419Mb L: 9/4776 MS: 3 ChangeBit-CopyPart-EraseBytes-
#660506	REDUCE cov: 188 ft: 913 corp: 248/138Kb lim: 4869 exec/s: 23589 rss: 419Mb L: 131/4776 MS: 1 EraseBytes-
#661512	REDUCE cov: 188 ft: 913 corp: 248/138Kb lim: 4869 exec/s: 23625 rss: 419Mb L: 85/4776 MS: 1 EraseBytes-
#661534	REDUCE cov: 188 ft: 913 corp: 248/138Kb lim: 4869 exec/s: 23626 rss: 419Mb L: 122/4776 MS: 2 ChangeBit-EraseBytes-
#663290	REDUCE cov: 188 ft: 913 corp: 248/138Kb lim: 4869 exec/s: 22872 rss: 419Mb L: 20/4776 MS: 1 EraseBytes-
#663461	REDUCE cov: 188 ft: 913 corp: 248/138Kb lim: 4869 exec/s: 22877 rss: 419Mb L: 15/4776 MS: 1 EraseBytes-
#664432	REDUCE cov: 188 ft: 913 corp: 248/138Kb lim: 4869 exec/s: 22911 rss: 419Mb L: 256/4776 MS: 1 EraseBytes-
#666876	REDUCE cov: 188 ft: 913 corp: 248/138Kb lim: 4869 exec/s: 22995 rss: 419Mb L: 43/4776 MS: 4 ChangeBinInt-ChangeByte-ChangeBinInt-EraseBytes-
#667192	REDUCE cov: 188 ft: 913 corp: 248/138Kb lim: 4869 exec/s: 23006 rss: 419Mb L: 242/4776 MS: 1 EraseBytes-
#668060	REDUCE cov: 188 ft: 913 corp: 248/138Kb lim: 4869 exec/s: 23036 rss: 419Mb L: 124/4776 MS: 3 ChangeBinInt-ShuffleBytes-EraseBytes-
#670291	REDUCE cov: 188 ft: 913 corp: 248/138Kb lim: 4869 exec/s: 23113 rss: 419Mb L: 169/4776 MS: 1 EraseBytes-
#671147	REDUCE cov: 188 ft: 913 corp: 248/138Kb lim: 4869 exec/s: 23143 rss: 419Mb L: 43/4776 MS: 1 EraseBytes-
#673463	REDUCE cov: 188 ft: 913 corp: 248/138Kb lim: 4869 exec/s: 23222 rss: 419Mb L: 1603/4776 MS: 1 EraseBytes-
#673494	REDUCE cov: 188 ft: 913 corp: 248/138Kb lim: 4869 exec/s: 23223 rss: 419Mb L: 85/4776 MS: 1 EraseBytes-
#673946	REDUCE cov: 188 ft: 913 corp: 248/138Kb lim: 4869 exec/s: 23239 rss: 419Mb L: 3641/4776 MS: 2 PersAutoDict-EraseBytes- DE: "\377\377\377\375"-
#674589	REDUCE cov: 188 ft: 913 corp: 248/138Kb lim: 4869 exec/s: 23261 rss: 419Mb L: 162/4776 MS: 3 ShuffleBytes-ChangeByte-EraseBytes-
#674962	REDUCE cov: 188 ft: 913 corp: 248/138Kb lim: 4869 exec/s: 23274 rss: 419Mb L: 273/4776 MS: 3 InsertRepeatedBytes-ChangeByte-EraseBytes-
#675046	REDUCE cov: 188 ft: 913 corp: 248/138Kb lim: 4869 exec/s: 23277 rss: 419Mb L: 57/4776 MS: 4 InsertByte-ChangeASCIIInt-CrossOver-EraseBytes-
#675201	REDUCE cov: 188 ft: 913 corp: 248/138Kb lim: 4869 exec/s: 23282 rss: 419Mb L: 2573/4776 MS: 5 ChangeByte-EraseBytes-ChangeBinInt-CrossOver-CrossOver-
#675622	REDUCE cov: 188 ft: 913 corp: 248/138Kb lim: 4869 exec/s: 23297 rss: 419Mb L: 3696/4776 MS: 1 EraseBytes-
#675693	REDUCE cov: 188 ft: 913 corp: 248/138Kb lim: 4869 exec/s: 23299 rss: 419Mb L: 153/4776 MS: 1 EraseBytes-
#675979	REDUCE cov: 188 ft: 913 corp: 248/138Kb lim: 4869 exec/s: 23309 rss: 419Mb L: 220/4776 MS: 1 EraseBytes-
#679161	REDUCE cov: 188 ft: 913 corp: 248/138Kb lim: 4869 exec/s: 23419 rss: 419Mb L: 20/4776 MS: 2 CopyPart-EraseBytes-
#679202	REDUCE cov: 188 ft: 913 corp: 248/138Kb lim: 4869 exec/s: 23420 rss: 419Mb L: 59/4776 MS: 1 EraseBytes-
#679898	REDUCE cov: 188 ft: 913 corp: 248/138Kb lim: 4869 exec/s: 23444 rss: 419Mb L: 314/4776 MS: 1 EraseBytes-
#680079	REDUCE cov: 188 ft: 913 corp: 248/138Kb lim: 4869 exec/s: 23451 rss: 419Mb L: 86/4776 MS: 1 EraseBytes-
#680326	REDUCE cov: 188 ft: 913 corp: 248/138Kb lim: 4869 exec/s: 23459 rss: 419Mb L: 54/4776 MS: 2 ChangeBinInt-EraseBytes-
#680978	REDUCE cov: 188 ft: 913 corp: 248/138Kb lim: 4869 exec/s: 23482 rss: 419Mb L: 94/4776 MS: 2 ChangeByte-EraseBytes-
#683759	REDUCE cov: 188 ft: 913 corp: 248/138Kb lim: 4869 exec/s: 23577 rss: 419Mb L: 100/4776 MS: 1 EraseBytes-
#684135	REDUCE cov: 188 ft: 913 corp: 248/138Kb lim: 4869 exec/s: 23590 rss: 419Mb L: 2089/4776 MS: 1 EraseBytes-
#684231	REDUCE cov: 188 ft: 913 corp: 248/138Kb lim: 4869 exec/s: 23594 rss: 419Mb L: 2423/4776 MS: 1 EraseBytes-
#684932	REDUCE cov: 188 ft: 913 corp: 248/138Kb lim: 4869 exec/s: 23618 rss: 419Mb L: 436/4776 MS: 1 EraseBytes-
#685193	REDUCE cov: 188 ft: 913 corp: 248/138Kb lim: 4869 exec/s: 23627 rss: 419Mb L: 159/4776 MS: 1 EraseBytes-
#686405	REDUCE cov: 188 ft: 913 corp: 248/138Kb lim: 4869 exec/s: 23669 rss: 419Mb L: 118/4776 MS: 2 ShuffleBytes-EraseBytes-
#686736	REDUCE cov: 188 ft: 913 corp: 248/138Kb lim: 4869 exec/s: 23680 rss: 419Mb L: 177/4776 MS: 1 EraseBytes-
#686832	REDUCE cov: 188 ft: 913 corp: 248/138Kb lim: 4869 exec/s: 23683 rss: 419Mb L: 54/4776 MS: 1 EraseBytes-
#687404	REDUCE cov: 188 ft: 913 corp: 248/138Kb lim: 4869 exec/s: 23703 rss: 419Mb L: 79/4776 MS: 2 ChangeBit-EraseBytes-
#689890	REDUCE cov: 188 ft: 913 corp: 248/138Kb lim: 4869 exec/s: 22996 rss: 419Mb L: 308/4776 MS: 1 EraseBytes-
#690060	REDUCE cov: 188 ft: 913 corp: 248/138Kb lim: 4869 exec/s: 23002 rss: 419Mb L: 154/4776 MS: 5 ChangeBinInt-ShuffleBytes-ChangeBinInt-ShuffleBytes-EraseBytes-
#692475	REDUCE cov: 188 ft: 913 corp: 248/138Kb lim: 4869 exec/s: 23082 rss: 419Mb L: 4664/4664 MS: 5 ChangeBit-CrossOver-ChangeByte-InsertByte-EraseBytes-
#693397	REDUCE cov: 188 ft: 913 corp: 248/138Kb lim: 4869 exec/s: 23113 rss: 419Mb L: 70/4664 MS: 2 ChangeASCIIInt-EraseBytes-
#693713	REDUCE cov: 188 ft: 913 corp: 248/138Kb lim: 4869 exec/s: 23123 rss: 419Mb L: 1966/4664 MS: 1 EraseBytes-
#695020	REDUCE cov: 188 ft: 913 corp: 248/138Kb lim: 4869 exec/s: 23167 rss: 419Mb L: 54/4664 MS: 2 ChangeASCIIInt-EraseBytes-
#696071	REDUCE cov: 188 ft: 913 corp: 248/138Kb lim: 4869 exec/s: 23202 rss: 419Mb L: 70/4664 MS: 1 EraseBytes-
#697687	REDUCE cov: 188 ft: 913 corp: 248/138Kb lim: 4869 exec/s: 23256 rss: 419Mb L: 80/4664 MS: 1 EraseBytes-
#698808	REDUCE cov: 188 ft: 913 corp: 248/138Kb lim: 4869 exec/s: 23293 rss: 419Mb L: 108/4664 MS: 1 EraseBytes-
#701194	REDUCE cov: 188 ft: 913 corp: 248/138Kb lim: 4869 exec/s: 23373 rss: 419Mb L: 33/4664 MS: 1 EraseBytes-
#701422	REDUCE cov: 188 ft: 913 corp: 248/138Kb lim: 4869 exec/s: 23380 rss: 419Mb L: 1136/4664 MS: 3 ChangeBinInt-CopyPart-EraseBytes-
#701596	REDUCE cov: 188 ft: 913 corp: 248/138Kb lim: 4869 exec/s: 23386 rss: 419Mb L: 816/4664 MS: 4 ChangeByte-InsertByte-EraseBytes-CrossOver-
#701608	REDUCE cov: 188 ft: 913 corp: 248/138Kb lim: 4869 exec/s: 23386 rss: 419Mb L: 4010/4664 MS: 2 CMP-EraseBytes- DE: "\377\377\377\304"-
#701945	REDUCE cov: 188 ft: 913 corp: 248/138Kb lim: 4869 exec/s: 23398 rss: 419Mb L: 56/4664 MS: 2 ShuffleBytes-EraseBytes-
#702976	REDUCE cov: 188 ft: 913 corp: 248/138Kb lim: 4869 exec/s: 23432 rss: 419Mb L: 87/4664 MS: 1 EraseBytes-
#704348	REDUCE cov: 188 ft: 913 corp: 248/138Kb lim: 4869 exec/s: 23478 rss: 419Mb L: 92/4664 MS: 2 PersAutoDict-EraseBytes- DE: "3c2c\","-
#704396	REDUCE cov: 188 ft: 913 corp: 248/138Kb lim: 4869 exec/s: 23479 rss: 419Mb L: 1216/4664 MS: 3 ChangeBit-ChangeBinInt-EraseBytes-
#705057	REDUCE cov: 188 ft: 913 corp: 248/138Kb lim: 4869 exec/s: 23501 rss: 419Mb L: 263/4664 MS: 1 EraseBytes-
#705693	REDUCE cov: 188 ft: 913 corp: 248/138Kb lim: 4869 exec/s: 23523 rss: 419Mb L: 41/4664 MS: 1 EraseBytes-
#705844	REDUCE cov: 188 ft: 913 corp: 248/137Kb lim: 4869 exec/s: 23528 rss: 419Mb L: 28/4664 MS: 1 EraseBytes-
#709345	REDUCE cov: 188 ft: 913 corp: 248/137Kb lim: 4869 exec/s: 23644 rss: 419Mb L: 100/4664 MS: 1 EraseBytes-
#710472	REDUCE cov: 188 ft: 913 corp: 248/137Kb lim: 4869 exec/s: 23682 rss: 419Mb L: 100/4664 MS: 2 PersAutoDict-EraseBytes- DE: "\002\000"-
#710723	REDUCE cov: 188 ft: 913 corp: 248/137Kb lim: 4869 exec/s: 23690 rss: 419Mb L: 518/4664 MS: 1 EraseBytes-
#711334	REDUCE cov: 188 ft: 913 corp: 248/137Kb lim: 4869 exec/s: 23711 rss: 419Mb L: 82/4664 MS: 1 EraseBytes-
#711955	REDUCE cov: 188 ft: 913 corp: 248/137Kb lim: 4869 exec/s: 23731 rss: 419Mb L: 153/4664 MS: 1 EraseBytes-
#712536	REDUCE cov: 188 ft: 913 corp: 248/137Kb lim: 4869 exec/s: 23751 rss: 419Mb L: 54/4664 MS: 1 EraseBytes-
#713323	REDUCE cov: 188 ft: 913 corp: 248/137Kb lim: 4869 exec/s: 23010 rss: 419Mb L: 25/4664 MS: 2 PersAutoDict-EraseBytes- DE: "\001\000n\251\323\011\233M"-
#713424	REDUCE cov: 188 ft: 913 corp: 248/137Kb lim: 4869 exec/s: 23013 rss: 419Mb L: 56/4664 MS: 1 EraseBytes-
#713645	REDUCE cov: 188 ft: 913 corp: 248/137Kb lim: 4869 exec/s: 23020 rss: 419Mb L: 150/4664 MS: 1 EraseBytes-
#713876	REDUCE cov: 188 ft: 913 corp: 248/137Kb lim: 4869 exec/s: 23028 rss: 419Mb L: 113/4664 MS: 1 EraseBytes-
#715028	REDUCE cov: 188 ft: 913 corp: 248/137Kb lim: 4869 exec/s: 23065 rss: 419Mb L: 79/4664 MS: 2 ChangeBit-EraseBytes-
#715210	REDUCE cov: 188 ft: 913 corp: 248/137Kb lim: 4869 exec/s: 23071 rss: 419Mb L: 63/4664 MS: 2 ChangeASCIIInt-EraseBytes-
#715958	REDUCE cov: 188 ft: 913 corp: 248/137Kb lim: 4869 exec/s: 23095 rss: 419Mb L: 104/4664 MS: 3 ChangeASCIIInt-ShuffleBytes-EraseBytes-
#717184	REDUCE cov: 188 ft: 913 corp: 248/137Kb lim: 4869 exec/s: 23134 rss: 419Mb L: 150/4664 MS: 1 EraseBytes-
#717660	REDUCE cov: 188 ft: 913 corp: 248/137Kb lim: 4869 exec/s: 23150 rss: 419Mb L: 92/4664 MS: 1 EraseBytes-
#719126	REDUCE cov: 188 ft: 913 corp: 248/137Kb lim: 4869 exec/s: 23197 rss: 419Mb L: 75/4664 MS: 1 EraseBytes-
#720433	REDUCE cov: 188 ft: 913 corp: 248/137Kb lim: 4869 exec/s: 23239 rss: 419Mb L: 142/4664 MS: 2 CMP-EraseBytes- DE: "\376\377\377\310"-
#722234	REDUCE cov: 188 ft: 913 corp: 248/137Kb lim: 4869 exec/s: 23297 rss: 419Mb L: 115/4664 MS: 1 EraseBytes-
#722841	REDUCE cov: 188 ft: 913 corp: 248/137Kb lim: 4869 exec/s: 23317 rss: 419Mb L: 248/4664 MS: 2 ChangeByte-EraseBytes-
#722852	REDUCE cov: 188 ft: 913 corp: 248/137Kb lim: 4869 exec/s: 23317 rss: 419Mb L: 956/4664 MS: 1 EraseBytes-
#723415	REDUCE cov: 188 ft: 913 corp: 248/137Kb lim: 4869 exec/s: 23335 rss: 419Mb L: 111/4664 MS: 3 ChangeByte-InsertRepeatedBytes-EraseBytes-
#724081	REDUCE cov: 188 ft: 913 corp: 248/137Kb lim: 4869 exec/s: 23357 rss: 419Mb L: 40/4664 MS: 1 EraseBytes-
#724334	REDUCE cov: 188 ft: 913 corp: 248/137Kb lim: 4869 exec/s: 23365 rss: 419Mb L: 73/4664 MS: 3 ChangeByte-CrossOver-EraseBytes-
#724884	REDUCE cov: 188 ft: 913 corp: 248/137Kb lim: 4869 exec/s: 23383 rss: 419Mb L: 65/4664 MS: 5 ChangeBit-CMP-ChangeBit-PersAutoDict-EraseBytes- DE: "\365\377\377\377"-"\377\377\377\304"-
#725401	REDUCE cov: 188 ft: 913 corp: 248/137Kb lim: 4869 exec/s: 23400 rss: 419Mb L: 3584/4664 MS: 2 ChangeByte-EraseBytes-
#725688	REDUCE cov: 188 ft: 913 corp: 248/137Kb lim: 4869 exec/s: 23409 rss: 419Mb L: 142/4664 MS: 2 PersAutoDict-EraseBytes- DE: "\000\003"-
#726589	REDUCE cov: 188 ft: 913 corp: 248/137Kb lim: 4869 exec/s: 23438 rss: 419Mb L: 126/4664 MS: 1 EraseBytes-
#728570	REDUCE cov: 188 ft: 913 corp: 248/137Kb lim: 4869 exec/s: 23502 rss: 419Mb L: 105/4664 MS: 1 EraseBytes-
#729506	REDUCE cov: 188 ft: 913 corp: 248/137Kb lim: 4869 exec/s: 23532 rss: 419Mb L: 298/4664 MS: 1 EraseBytes-
#729569	REDUCE cov: 188 ft: 913 corp: 248/137Kb lim: 4869 exec/s: 23534 rss: 419Mb L: 38/4664 MS: 3 ChangeByte-ChangeASCIIInt-EraseBytes-
#730510	REDUCE cov: 188 ft: 913 corp: 248/137Kb lim: 4869 exec/s: 23564 rss: 419Mb L: 412/4664 MS: 1 EraseBytes-
#731867	REDUCE cov: 188 ft: 913 corp: 248/137Kb lim: 4869 exec/s: 23608 rss: 419Mb L: 140/4664 MS: 2 InsertByte-EraseBytes-
#732673	REDUCE cov: 188 ft: 913 corp: 248/137Kb lim: 4869 exec/s: 23634 rss: 419Mb L: 15/4664 MS: 1 EraseBytes-
#732905	REDUCE cov: 188 ft: 913 corp: 248/137Kb lim: 4869 exec/s: 23642 rss: 419Mb L: 205/4664 MS: 2 CopyPart-EraseBytes-
#732926	REDUCE cov: 188 ft: 913 corp: 248/137Kb lim: 4869 exec/s: 23642 rss: 419Mb L: 293/4664 MS: 1 EraseBytes-
#733183	REDUCE cov: 188 ft: 913 corp: 248/137Kb lim: 4869 exec/s: 23651 rss: 419Mb L: 41/4664 MS: 2 CMP-EraseBytes- DE: "\000\000\000\000"-
#733444	REDUCE cov: 188 ft: 913 corp: 248/137Kb lim: 4869 exec/s: 23659 rss: 419Mb L: 70/4664 MS: 1 EraseBytes-
#733895	REDUCE cov: 188 ft: 913 corp: 248/137Kb lim: 4869 exec/s: 23674 rss: 419Mb L: 1572/4664 MS: 1 EraseBytes-
#733982	REDUCE cov: 188 ft: 913 corp: 248/137Kb lim: 4869 exec/s: 23676 rss: 419Mb L: 138/4664 MS: 2 ChangeByte-EraseBytes-
#735020	REDUCE cov: 188 ft: 913 corp: 248/137Kb lim: 4869 exec/s: 23710 rss: 419Mb L: 51/4664 MS: 3 ChangeByte-CrossOver-EraseBytes-
#736846	REDUCE cov: 188 ft: 913 corp: 248/137Kb lim: 4869 exec/s: 23769 rss: 419Mb L: 181/4664 MS: 1 EraseBytes-
#737062	REDUCE cov: 188 ft: 913 corp: 248/137Kb lim: 4869 exec/s: 23776 rss: 419Mb L: 83/4664 MS: 1 EraseBytes-
#737503	REDUCE cov: 188 ft: 913 corp: 248/137Kb lim: 4869 exec/s: 23790 rss: 419Mb L: 96/4664 MS: 1 EraseBytes-
#737584	REDUCE cov: 188 ft: 913 corp: 248/137Kb lim: 4869 exec/s: 23793 rss: 419Mb L: 83/4664 MS: 1 EraseBytes-
#737985	REDUCE cov: 188 ft: 913 corp: 248/137Kb lim: 4869 exec/s: 23805 rss: 419Mb L: 3442/4664 MS: 1 EraseBytes-
#739311	REDUCE cov: 188 ft: 913 corp: 248/137Kb lim: 4869 exec/s: 23103 rss: 419Mb L: 58/4664 MS: 1 EraseBytes-
#741098	REDUCE cov: 188 ft: 913 corp: 248/137Kb lim: 4869 exec/s: 23159 rss: 419Mb L: 147/4664 MS: 2 PersAutoDict-EraseBytes- DE: "\000\000\000\272"-
#742329	REDUCE cov: 188 ft: 913 corp: 248/137Kb lim: 4869 exec/s: 23197 rss: 419Mb L: 88/4664 MS: 1 EraseBytes-
#743681	REDUCE cov: 188 ft: 913 corp: 248/137Kb lim: 4869 exec/s: 23240 rss: 419Mb L: 105/4664 MS: 2 CopyPart-EraseBytes-
#744103	REDUCE cov: 188 ft: 913 corp: 248/137Kb lim: 4869 exec/s: 23253 rss: 419Mb L: 68/4664 MS: 2 CMP-EraseBytes- DE: "\000\000\000\367"-
#747139	REDUCE cov: 188 ft: 913 corp: 248/137Kb lim: 4869 exec/s: 23348 rss: 419Mb L: 138/4664 MS: 1 EraseBytes-
#747141	REDUCE cov: 188 ft: 913 corp: 248/137Kb lim: 4869 exec/s: 23348 rss: 419Mb L: 4486/4486 MS: 2 ChangeBit-EraseBytes-
#747568	REDUCE cov: 188 ft: 913 corp: 248/137Kb lim: 4869 exec/s: 23361 rss: 419Mb L: 197/4486 MS: 2 ShuffleBytes-EraseBytes-
#747889	REDUCE cov: 188 ft: 913 corp: 248/137Kb lim: 4869 exec/s: 23371 rss: 419Mb L: 202/4486 MS: 1 EraseBytes-
#750620	REDUCE cov: 188 ft: 913 corp: 248/137Kb lim: 4869 exec/s: 23456 rss: 419Mb L: 125/4486 MS: 1 EraseBytes-
#751802	REDUCE cov: 188 ft: 913 corp: 248/137Kb lim: 4869 exec/s: 23493 rss: 419Mb L: 134/4486 MS: 2 ChangeByte-EraseBytes-
#752478	REDUCE cov: 188 ft: 913 corp: 248/137Kb lim: 4869 exec/s: 23514 rss: 419Mb L: 109/4486 MS: 1 EraseBytes-
#753099	REDUCE cov: 188 ft: 913 corp: 248/137Kb lim: 4869 exec/s: 23534 rss: 419Mb L: 53/4486 MS: 1 EraseBytes-
#753141	REDUCE cov: 188 ft: 913 corp: 248/137Kb lim: 4869 exec/s: 23535 rss: 419Mb L: 66/4486 MS: 2 CMP-EraseBytes- DE: "\000\000\000\307"-
#755157	REDUCE cov: 188 ft: 913 corp: 248/137Kb lim: 4869 exec/s: 23598 rss: 419Mb L: 69/4486 MS: 1 EraseBytes-
#755753	REDUCE cov: 188 ft: 913 corp: 248/137Kb lim: 4869 exec/s: 23617 rss: 419Mb L: 24/4486 MS: 1 EraseBytes-
#755834	REDUCE cov: 188 ft: 913 corp: 248/136Kb lim: 4869 exec/s: 23619 rss: 419Mb L: 2772/4486 MS: 1 EraseBytes-
#757090	REDUCE cov: 188 ft: 913 corp: 248/136Kb lim: 4869 exec/s: 23659 rss: 419Mb L: 104/4486 MS: 1 EraseBytes-
#757152	REDUCE cov: 188 ft: 913 corp: 248/136Kb lim: 4869 exec/s: 23661 rss: 419Mb L: 1111/4486 MS: 2 CMP-EraseBytes- DE: "\377\377\377\377"-
#757353	REDUCE cov: 188 ft: 913 corp: 248/136Kb lim: 4869 exec/s: 23667 rss: 419Mb L: 36/4486 MS: 1 EraseBytes-
#757479	REDUCE cov: 188 ft: 913 corp: 248/136Kb lim: 4869 exec/s: 23671 rss: 419Mb L: 514/4486 MS: 1 EraseBytes-
#757970	REDUCE cov: 188 ft: 913 corp: 248/136Kb lim: 4869 exec/s: 23686 rss: 419Mb L: 118/4486 MS: 1 EraseBytes-
#758066	REDUCE cov: 188 ft: 913 corp: 248/136Kb lim: 4869 exec/s: 23689 rss: 419Mb L: 3343/4486 MS: 1 EraseBytes-
#758277	REDUCE cov: 188 ft: 913 corp: 248/136Kb lim: 4869 exec/s: 23696 rss: 419Mb L: 279/4486 MS: 1 EraseBytes-
#758528	REDUCE cov: 188 ft: 913 corp: 248/136Kb lim: 4869 exec/s: 23704 rss: 419Mb L: 1163/4486 MS: 1 EraseBytes-
#759295	REDUCE cov: 188 ft: 913 corp: 248/136Kb lim: 4869 exec/s: 23727 rss: 419Mb L: 126/4486 MS: 2 ChangeByte-EraseBytes-
#759462	REDUCE cov: 188 ft: 913 corp: 248/136Kb lim: 4869 exec/s: 23733 rss: 419Mb L: 3138/4486 MS: 2 ChangeASCIIInt-EraseBytes-
#759924	REDUCE cov: 188 ft: 913 corp: 248/136Kb lim: 4869 exec/s: 23747 rss: 419Mb L: 16/4486 MS: 2 ChangeASCIIInt-EraseBytes-
#760417	REDUCE cov: 188 ft: 913 corp: 248/136Kb lim: 4869 exec/s: 23763 rss: 419Mb L: 50/4486 MS: 3 ChangeBit-ChangeBinInt-EraseBytes-
#760493	REDUCE cov: 188 ft: 913 corp: 248/136Kb lim: 4869 exec/s: 23765 rss: 419Mb L: 30/4486 MS: 1 EraseBytes-
#760574	REDUCE cov: 188 ft: 913 corp: 248/136Kb lim: 4869 exec/s: 23767 rss: 419Mb L: 115/4486 MS: 1 EraseBytes-
#761201	REDUCE cov: 188 ft: 913 corp: 248/136Kb lim: 4869 exec/s: 23787 rss: 419Mb L: 121/4486 MS: 2 InsertByte-EraseBytes-
#761615	REDUCE cov: 188 ft: 913 corp: 248/136Kb lim: 4869 exec/s: 23800 rss: 419Mb L: 152/4486 MS: 4 ChangeASCIIInt-ChangeBit-ChangeASCIIInt-EraseBytes-
#762601	REDUCE cov: 188 ft: 913 corp: 248/136Kb lim: 4869 exec/s: 23109 rss: 419Mb L: 111/4486 MS: 1 EraseBytes-
#762727	REDUCE cov: 188 ft: 913 corp: 248/136Kb lim: 4869 exec/s: 23112 rss: 419Mb L: 192/4486 MS: 1 EraseBytes-
#765314	REDUCE cov: 188 ft: 913 corp: 248/136Kb lim: 4869 exec/s: 23191 rss: 419Mb L: 241/4486 MS: 2 ChangeByte-EraseBytes-
#765581	REDUCE cov: 188 ft: 913 corp: 248/136Kb lim: 4869 exec/s: 23199 rss: 419Mb L: 43/4486 MS: 2 CMP-EraseBytes- DE: "\000\000"-
#765605	REDUCE cov: 188 ft: 913 corp: 248/136Kb lim: 4869 exec/s: 23200 rss: 419Mb L: 60/4486 MS: 4 CopyPart-ChangeASCIIInt-InsertRepeatedBytes-EraseBytes-
#766031	REDUCE cov: 188 ft: 913 corp: 248/136Kb lim: 4869 exec/s: 23213 rss: 419Mb L: 108/4486 MS: 1 EraseBytes-
#766887	REDUCE cov: 188 ft: 913 corp: 248/136Kb lim: 4869 exec/s: 23239 rss: 419Mb L: 241/4486 MS: 1 EraseBytes-
#767598	REDUCE cov: 188 ft: 913 corp: 248/136Kb lim: 4869 exec/s: 23260 rss: 419Mb L: 55/4486 MS: 1 EraseBytes-
#768529	REDUCE cov: 188 ft: 913 corp: 248/136Kb lim: 4869 exec/s: 23288 rss: 419Mb L: 32/4486 MS: 1 EraseBytes-
#769940	REDUCE cov: 188 ft: 913 corp: 248/136Kb lim: 4869 exec/s: 23331 rss: 419Mb L: 1137/4486 MS: 1 EraseBytes-
#770532	REDUCE cov: 188 ft: 913 corp: 248/136Kb lim: 4869 exec/s: 23349 rss: 419Mb L: 51/4486 MS: 2 ChangeBinInt-EraseBytes-
#770618	REDUCE cov: 188 ft: 913 corp: 248/134Kb lim: 4869 exec/s: 23352 rss: 419Mb L: 2066/4486 MS: 1 CrossOver-
#770933	REDUCE cov: 188 ft: 913 corp: 248/134Kb lim: 4869 exec/s: 23361 rss: 419Mb L: 2806/4486 MS: 5 ChangeASCIIInt-ChangeASCIIInt-ShuffleBytes-ChangeBinInt-EraseBytes-
#771139	REDUCE cov: 188 ft: 913 corp: 248/134Kb lim: 4869 exec/s: 23367 rss: 419Mb L: 34/4486 MS: 1 EraseBytes-
#773570	REDUCE cov: 188 ft: 913 corp: 248/134Kb lim: 4869 exec/s: 23441 rss: 419Mb L: 113/4486 MS: 1 EraseBytes-
#773611	REDUCE cov: 188 ft: 913 corp: 248/134Kb lim: 4869 exec/s: 23442 rss: 419Mb L: 1112/4486 MS: 1 EraseBytes-
#775037	REDUCE cov: 188 ft: 913 corp: 248/134Kb lim: 4869 exec/s: 23485 rss: 419Mb L: 66/4486 MS: 1 EraseBytes-
#775415	REDUCE cov: 188 ft: 913 corp: 248/134Kb lim: 4869 exec/s: 23497 rss: 419Mb L: 251/4486 MS: 3 ShuffleBytes-CMP-EraseBytes- DE: "\244\0036\323\371m\000\000"-
#777466	REDUCE cov: 188 ft: 913 corp: 248/134Kb lim: 4869 exec/s: 23559 rss: 419Mb L: 132/4486 MS: 1 EraseBytes-
#778405	REDUCE cov: 188 ft: 913 corp: 248/134Kb lim: 4869 exec/s: 23588 rss: 419Mb L: 132/4486 MS: 4 ChangeASCIIInt-ShuffleBytes-ChangeASCIIInt-EraseBytes-
#778526	REDUCE cov: 188 ft: 913 corp: 248/134Kb lim: 4869 exec/s: 23591 rss: 419Mb L: 91/4486 MS: 1 EraseBytes-
#778997	REDUCE cov: 188 ft: 913 corp: 248/134Kb lim: 4869 exec/s: 23605 rss: 419Mb L: 103/4486 MS: 1 EraseBytes-
#780653	REDUCE cov: 188 ft: 913 corp: 248/134Kb lim: 4869 exec/s: 23656 rss: 419Mb L: 74/4486 MS: 1 EraseBytes-
#780749	REDUCE cov: 188 ft: 913 corp: 248/134Kb lim: 4869 exec/s: 23659 rss: 419Mb L: 71/4486 MS: 1 EraseBytes-
#781570	REDUCE cov: 188 ft: 913 corp: 248/134Kb lim: 4869 exec/s: 23683 rss: 419Mb L: 108/4486 MS: 1 EraseBytes-
#782136	REDUCE cov: 188 ft: 913 corp: 248/134Kb lim: 4869 exec/s: 23701 rss: 419Mb L: 135/4486 MS: 1 EraseBytes-
#782274	REDUCE cov: 188 ft: 913 corp: 248/134Kb lim: 4869 exec/s: 23705 rss: 419Mb L: 7/4486 MS: 3 CopyPart-EraseBytes-ShuffleBytes-
#783180	REDUCE cov: 188 ft: 913 corp: 248/134Kb lim: 4869 exec/s: 23732 rss: 419Mb L: 41/4486 MS: 1 EraseBytes-
#783951	REDUCE cov: 188 ft: 913 corp: 248/134Kb lim: 4869 exec/s: 23756 rss: 419Mb L: 49/4486 MS: 1 EraseBytes-
#784863	REDUCE cov: 188 ft: 913 corp: 248/134Kb lim: 4869 exec/s: 23783 rss: 419Mb L: 85/4486 MS: 2 InsertByte-EraseBytes-
#785079	REDUCE cov: 188 ft: 913 corp: 248/134Kb lim: 4869 exec/s: 23790 rss: 419Mb L: 84/4486 MS: 1 EraseBytes-
#785690	REDUCE cov: 188 ft: 913 corp: 248/134Kb lim: 4869 exec/s: 23808 rss: 419Mb L: 2214/4486 MS: 1 EraseBytes-
#786746	REDUCE cov: 188 ft: 913 corp: 248/134Kb lim: 4869 exec/s: 23139 rss: 419Mb L: 60/4486 MS: 1 EraseBytes-
#786833	REDUCE cov: 188 ft: 913 corp: 248/134Kb lim: 4869 exec/s: 23142 rss: 419Mb L: 40/4486 MS: 2 ChangeBit-EraseBytes-
#786905	REDUCE cov: 188 ft: 913 corp: 248/134Kb lim: 4869 exec/s: 23144 rss: 419Mb L: 68/4486 MS: 2 InsertByte-EraseBytes-
#787266	REDUCE cov: 188 ft: 913 corp: 248/134Kb lim: 4869 exec/s: 23154 rss: 419Mb L: 131/4486 MS: 1 EraseBytes-
#789182	REDUCE cov: 188 ft: 913 corp: 248/134Kb lim: 4869 exec/s: 23211 rss: 419Mb L: 107/4486 MS: 1 EraseBytes-
#789813	REDUCE cov: 188 ft: 913 corp: 248/134Kb lim: 4869 exec/s: 23229 rss: 419Mb L: 127/4486 MS: 1 EraseBytes-
#790029	REDUCE cov: 188 ft: 913 corp: 248/134Kb lim: 4869 exec/s: 23236 rss: 419Mb L: 30/4486 MS: 1 EraseBytes-
#790202	REDUCE cov: 188 ft: 913 corp: 248/134Kb lim: 4869 exec/s: 23241 rss: 419Mb L: 17/4486 MS: 3 CrossOver-CopyPart-EraseBytes-
#790873	REDUCE cov: 188 ft: 913 corp: 248/134Kb lim: 4869 exec/s: 23260 rss: 419Mb L: 37/4486 MS: 1 EraseBytes-
#791114	REDUCE cov: 188 ft: 913 corp: 248/134Kb lim: 4869 exec/s: 23268 rss: 419Mb L: 49/4486 MS: 1 EraseBytes-
#791372	REDUCE cov: 188 ft: 913 corp: 248/134Kb lim: 4869 exec/s: 23275 rss: 419Mb L: 2600/4486 MS: 3 ChangeBit-ChangeByte-EraseBytes-
#791438	REDUCE cov: 188 ft: 913 corp: 248/134Kb lim: 4869 exec/s: 23277 rss: 419Mb L: 99/4486 MS: 1 EraseBytes-
#791754	REDUCE cov: 188 ft: 913 corp: 248/134Kb lim: 4869 exec/s: 23286 rss: 419Mb L: 110/4486 MS: 1 EraseBytes-
#791952	REDUCE cov: 188 ft: 913 corp: 248/134Kb lim: 4869 exec/s: 23292 rss: 419Mb L: 2596/4486 MS: 3 CopyPart-ChangeASCIIInt-EraseBytes-
#791974	REDUCE cov: 188 ft: 913 corp: 248/134Kb lim: 4869 exec/s: 23293 rss: 419Mb L: 79/4486 MS: 2 ChangeBit-EraseBytes-
#792110	REDUCE cov: 188 ft: 913 corp: 248/134Kb lim: 4869 exec/s: 23297 rss: 419Mb L: 81/4486 MS: 1 EraseBytes-
#792266	REDUCE cov: 188 ft: 913 corp: 248/134Kb lim: 4869 exec/s: 23301 rss: 419Mb L: 149/4486 MS: 1 EraseBytes-
#793459	REDUCE cov: 188 ft: 913 corp: 248/134Kb lim: 4869 exec/s: 23337 rss: 419Mb L: 42/4486 MS: 3 ShuffleBytes-CopyPart-EraseBytes-
#793671	REDUCE cov: 188 ft: 913 corp: 248/134Kb lim: 4869 exec/s: 23343 rss: 419Mb L: 149/4486 MS: 2 ChangeByte-EraseBytes-
#793938	REDUCE cov: 188 ft: 913 corp: 248/133Kb lim: 4869 exec/s: 23351 rss: 419Mb L: 3075/4486 MS: 2 InsertByte-CrossOver-
#794366	REDUCE cov: 188 ft: 913 corp: 248/133Kb lim: 4869 exec/s: 23363 rss: 419Mb L: 167/4486 MS: 3 InsertByte-ChangeASCIIInt-EraseBytes-
#794512	REDUCE cov: 188 ft: 913 corp: 248/133Kb lim: 4869 exec/s: 23368 rss: 419Mb L: 97/4486 MS: 1 EraseBytes-
#794578	REDUCE cov: 188 ft: 913 corp: 248/133Kb lim: 4869 exec/s: 23369 rss: 419Mb L: 194/4486 MS: 1 EraseBytes-
#795019	REDUCE cov: 188 ft: 913 corp: 248/133Kb lim: 4869 exec/s: 23382 rss: 419Mb L: 2569/4486 MS: 1 EraseBytes-
#795145	REDUCE cov: 188 ft: 913 corp: 248/133Kb lim: 4869 exec/s: 23386 rss: 419Mb L: 21/4486 MS: 1 EraseBytes-
#795897	REDUCE cov: 188 ft: 913 corp: 248/133Kb lim: 4869 exec/s: 23408 rss: 419Mb L: 3872/4486 MS: 2 ChangeBinInt-EraseBytes-
#796588	REDUCE cov: 188 ft: 913 corp: 248/133Kb lim: 4869 exec/s: 23429 rss: 419Mb L: 59/4486 MS: 1 EraseBytes-
#797339	REDUCE cov: 188 ft: 913 corp: 248/133Kb lim: 4869 exec/s: 23451 rss: 419Mb L: 130/4486 MS: 1 EraseBytes-
#797590	REDUCE cov: 188 ft: 913 corp: 248/133Kb lim: 4869 exec/s: 23458 rss: 419Mb L: 95/4486 MS: 1 EraseBytes-
#797619	REDUCE cov: 188 ft: 913 corp: 248/133Kb lim: 4869 exec/s: 23459 rss: 419Mb L: 149/4486 MS: 4 CMP-ChangeBit-ChangeBinInt-EraseBytes- DE: "\001\000\000\000"-
#797804	REDUCE cov: 188 ft: 913 corp: 248/133Kb lim: 4869 exec/s: 23464 rss: 419Mb L: 106/4486 MS: 5 InsertByte-PersAutoDict-ChangeASCIIInt-ChangeASCIIInt-EraseBytes- DE: "\000\000\000\010"-
#797922	REDUCE cov: 188 ft: 913 corp: 248/133Kb lim: 4869 exec/s: 23468 rss: 419Mb L: 48/4486 MS: 3 ChangeBit-EraseBytes-CopyPart-
#799013	REDUCE cov: 188 ft: 913 corp: 248/133Kb lim: 4869 exec/s: 23500 rss: 419Mb L: 110/4486 MS: 1 EraseBytes-
#799494	REDUCE cov: 188 ft: 913 corp: 248/133Kb lim: 4869 exec/s: 23514 rss: 419Mb L: 48/4486 MS: 1 EraseBytes-
#801725	REDUCE cov: 188 ft: 913 corp: 248/133Kb lim: 4869 exec/s: 23580 rss: 419Mb L: 103/4486 MS: 1 EraseBytes-
#802138	REDUCE cov: 188 ft: 913 corp: 248/133Kb lim: 4869 exec/s: 23592 rss: 419Mb L: 38/4486 MS: 3 ChangeASCIIInt-ChangeBit-EraseBytes-
#802739	REDUCE cov: 188 ft: 913 corp: 248/133Kb lim: 4869 exec/s: 23609 rss: 419Mb L: 2925/4486 MS: 1 EraseBytes-
#802890	REDUCE cov: 188 ft: 913 corp: 248/133Kb lim: 4869 exec/s: 23614 rss: 419Mb L: 174/4486 MS: 1 EraseBytes-
#803921	REDUCE cov: 188 ft: 913 corp: 248/133Kb lim: 4869 exec/s: 23644 rss: 419Mb L: 70/4486 MS: 1 EraseBytes-
#804197	REDUCE cov: 188 ft: 913 corp: 248/133Kb lim: 4869 exec/s: 23652 rss: 419Mb L: 67/4486 MS: 1 EraseBytes-
#804883	REDUCE cov: 188 ft: 913 corp: 248/133Kb lim: 4869 exec/s: 23673 rss: 419Mb L: 54/4486 MS: 1 EraseBytes-
#807417	REDUCE cov: 188 ft: 913 corp: 248/133Kb lim: 4869 exec/s: 23747 rss: 419Mb L: 276/4486 MS: 4 InsertByte-EraseBytes-PersAutoDict-ShuffleBytes- DE: "px\":"-
#807743	REDUCE cov: 188 ft: 913 corp: 248/133Kb lim: 4869 exec/s: 23757 rss: 419Mb L: 20/4486 MS: 1 EraseBytes-
#807790	REDUCE cov: 188 ft: 913 corp: 248/133Kb lim: 4869 exec/s: 23758 rss: 419Mb L: 2887/4486 MS: 2 ShuffleBytes-EraseBytes-
#807921	REDUCE cov: 188 ft: 913 corp: 248/133Kb lim: 4869 exec/s: 23762 rss: 419Mb L: 138/4486 MS: 1 EraseBytes-
#809461	REDUCE cov: 188 ft: 913 corp: 248/133Kb lim: 4869 exec/s: 23807 rss: 419Mb L: 152/4486 MS: 5 PersAutoDict-ChangeBit-ChangeASCIIInt-ChangeBit-EraseBytes- DE: "time"-
#810189	REDUCE cov: 188 ft: 913 corp: 248/133Kb lim: 4869 exec/s: 23829 rss: 419Mb L: 2811/4486 MS: 3 PersAutoDict-ChangeByte-EraseBytes- DE: "\001\000n\251\323\011\233M"-
#810746	REDUCE cov: 188 ft: 913 corp: 248/133Kb lim: 4869 exec/s: 23845 rss: 419Mb L: 2093/4486 MS: 2 EraseBytes-ChangeBit-
#811595	REDUCE cov: 188 ft: 913 corp: 248/133Kb lim: 4869 exec/s: 23188 rss: 419Mb L: 161/4486 MS: 4 ChangeBit-CopyPart-InsertByte-EraseBytes-
#811723	REDUCE cov: 188 ft: 913 corp: 248/133Kb lim: 4869 exec/s: 23192 rss: 419Mb L: 44/4486 MS: 3 ChangeBit-ChangeByte-EraseBytes-
#812054	REDUCE cov: 188 ft: 913 corp: 248/133Kb lim: 4869 exec/s: 23201 rss: 419Mb L: 138/4486 MS: 1 EraseBytes-
#812715	REDUCE cov: 188 ft: 913 corp: 248/133Kb lim: 4869 exec/s: 23220 rss: 419Mb L: 110/4486 MS: 1 EraseBytes-
#813553	REDUCE cov: 188 ft: 913 corp: 248/133Kb lim: 4869 exec/s: 23244 rss: 419Mb L: 246/4486 MS: 3 InsertByte-PersAutoDict-EraseBytes- DE: "\377\377\377\325"-
#814884	REDUCE cov: 188 ft: 913 corp: 248/133Kb lim: 4869 exec/s: 23282 rss: 419Mb L: 2548/4486 MS: 1 EraseBytes-
#815560	REDUCE cov: 188 ft: 913 corp: 248/133Kb lim: 4869 exec/s: 23301 rss: 419Mb L: 238/4486 MS: 1 EraseBytes-
#815789	REDUCE cov: 188 ft: 913 corp: 248/133Kb lim: 4869 exec/s: 23308 rss: 419Mb L: 46/4486 MS: 4 ChangeASCIIInt-ChangeBinInt-PersAutoDict-EraseBytes- DE: ",5"-
#817930	REDUCE cov: 188 ft: 913 corp: 248/133Kb lim: 4869 exec/s: 23369 rss: 419Mb L: 99/4486 MS: 1 EraseBytes-
#819774	REDUCE cov: 188 ft: 913 corp: 248/133Kb lim: 4869 exec/s: 23422 rss: 419Mb L: 111/4486 MS: 4 ChangeBinInt-ChangeASCIIInt-InsertByte-EraseBytes-
#821191	REDUCE cov: 188 ft: 913 corp: 248/133Kb lim: 4869 exec/s: 23462 rss: 419Mb L: 89/4486 MS: 2 ShuffleBytes-EraseBytes-
#821582	REDUCE cov: 188 ft: 913 corp: 248/133Kb lim: 4869 exec/s: 23473 rss: 419Mb L: 111/4486 MS: 1 EraseBytes-
#822608	REDUCE cov: 188 ft: 913 corp: 248/133Kb lim: 4869 exec/s: 23503 rss: 419Mb L: 188/4486 MS: 1 EraseBytes-
#823929	REDUCE cov: 188 ft: 913 corp: 248/133Kb lim: 4869 exec/s: 23540 rss: 419Mb L: 22/4486 MS: 1 EraseBytes-
#824030	REDUCE cov: 188 ft: 913 corp: 248/133Kb lim: 4869 exec/s: 23543 rss: 419Mb L: 100/4486 MS: 1 EraseBytes-
#824197	REDUCE cov: 188 ft: 913 corp: 248/133Kb lim: 4869 exec/s: 23548 rss: 419Mb L: 64/4486 MS: 2 ChangeBit-EraseBytes-
#825215	REDUCE cov: 188 ft: 913 corp: 248/133Kb lim: 4869 exec/s: 23577 rss: 419Mb L: 1593/4486 MS: 3 CMP-EraseBytes-CopyPart- DE: "\275\377\377\377"-
#826335	REDUCE cov: 188 ft: 913 corp: 248/133Kb lim: 4869 exec/s: 23609 rss: 419Mb L: 105/4486 MS: 5 InsertByte-ShuffleBytes-ChangeBinInt-InsertRepeatedBytes-EraseBytes-
#827277	REDUCE cov: 188 ft: 913 corp: 248/133Kb lim: 4869 exec/s: 23636 rss: 419Mb L: 43/4486 MS: 2 CMP-EraseBytes- DE: "\001\000\000\002"-
#827553	REDUCE cov: 188 ft: 913 corp: 248/133Kb lim: 4869 exec/s: 23644 rss: 419Mb L: 35/4486 MS: 1 EraseBytes-
#827779	REDUCE cov: 188 ft: 913 corp: 248/133Kb lim: 4869 exec/s: 23650 rss: 419Mb L: 57/4486 MS: 1 EraseBytes-
#829535	REDUCE cov: 188 ft: 913 corp: 248/133Kb lim: 4869 exec/s: 23701 rss: 419Mb L: 272/4486 MS: 1 EraseBytes-
#830042	REDUCE cov: 188 ft: 913 corp: 248/133Kb lim: 4869 exec/s: 23715 rss: 419Mb L: 94/4486 MS: 2 ShuffleBytes-EraseBytes-
#830133	REDUCE cov: 188 ft: 913 corp: 248/133Kb lim: 4869 exec/s: 23718 rss: 419Mb L: 96/4486 MS: 1 EraseBytes-
#830905	REDUCE cov: 188 ft: 913 corp: 248/133Kb lim: 4869 exec/s: 23740 rss: 419Mb L: 228/4486 MS: 2 ShuffleBytes-EraseBytes-
#831326	REDUCE cov: 188 ft: 913 corp: 248/133Kb lim: 4869 exec/s: 23752 rss: 419Mb L: 53/4486 MS: 1 EraseBytes-
#831884	REDUCE cov: 188 ft: 913 corp: 248/133Kb lim: 4869 exec/s: 23768 rss: 419Mb L: 190/4486 MS: 3 ShuffleBytes-ChangeASCIIInt-EraseBytes-
#832950	REDUCE cov: 188 ft: 913 corp: 248/133Kb lim: 4869 exec/s: 23798 rss: 419Mb L: 42/4486 MS: 1 EraseBytes-
#835019	REDUCE cov: 188 ft: 913 corp: 248/132Kb lim: 4869 exec/s: 23857 rss: 419Mb L: 750/4486 MS: 4 PersAutoDict-CMP-EraseBytes-PersAutoDict- DE: "\315\277\017\323\031n\000\000"-"\001\000\000\001"-"\377\377m9\3230\314\343"-
#835640	REDUCE cov: 188 ft: 913 corp: 248/132Kb lim: 4869 exec/s: 23875 rss: 419Mb L: 220/4486 MS: 1 EraseBytes-
#838001	REDUCE cov: 188 ft: 913 corp: 248/132Kb lim: 4869 exec/s: 23277 rss: 419Mb L: 41/4486 MS: 1 EraseBytes-
#838065	REDUCE cov: 188 ft: 913 corp: 248/132Kb lim: 4869 exec/s: 23279 rss: 419Mb L: 32/4486 MS: 4 ChangeBit-PersAutoDict-ChangeByte-EraseBytes- DE: "\001\000\000\000"-
#838603	REDUCE cov: 188 ft: 914 corp: 249/133Kb lim: 4869 exec/s: 23294 rss: 419Mb L: 275/4486 MS: 3 ChangeASCIIInt-ChangeByte-InsertRepeatedBytes-
#838744	REDUCE cov: 188 ft: 914 corp: 249/133Kb lim: 4869 exec/s: 23298 rss: 419Mb L: 15/4486 MS: 1 EraseBytes-
#839195	REDUCE cov: 188 ft: 914 corp: 249/133Kb lim: 4869 exec/s: 23310 rss: 419Mb L: 47/4486 MS: 1 EraseBytes-
#839436	REDUCE cov: 188 ft: 914 corp: 249/132Kb lim: 4869 exec/s: 23317 rss: 419Mb L: 222/4486 MS: 1 EraseBytes-
#839447	REDUCE cov: 188 ft: 914 corp: 249/132Kb lim: 4869 exec/s: 23317 rss: 419Mb L: 92/4486 MS: 1 EraseBytes-
#840194	REDUCE cov: 188 ft: 914 corp: 249/132Kb lim: 4869 exec/s: 23338 rss: 419Mb L: 241/4486 MS: 2 ChangeASCIIInt-EraseBytes-
#840361	REDUCE cov: 188 ft: 914 corp: 249/132Kb lim: 4869 exec/s: 23343 rss: 419Mb L: 27/4486 MS: 2 ShuffleBytes-EraseBytes-
#840524	REDUCE cov: 188 ft: 914 corp: 249/132Kb lim: 4869 exec/s: 23347 rss: 419Mb L: 147/4486 MS: 3 CopyPart-ChangeASCIIInt-EraseBytes-
#840855	REDUCE cov: 188 ft: 915 corp: 250/133Kb lim: 4869 exec/s: 23357 rss: 419Mb L: 271/4486 MS: 1 InsertRepeatedBytes-
#840921	REDUCE cov: 188 ft: 915 corp: 250/133Kb lim: 4869 exec/s: 23358 rss: 419Mb L: 153/4486 MS: 1 EraseBytes-
#840979	REDUCE cov: 188 ft: 916 corp: 251/133Kb lim: 4869 exec/s: 23360 rss: 419Mb L: 249/4486 MS: 3 CrossOver-ChangeBit-CrossOver-
#841080	REDUCE cov: 188 ft: 916 corp: 251/133Kb lim: 4869 exec/s: 23363 rss: 419Mb L: 133/4486 MS: 1 EraseBytes-
#841871	REDUCE cov: 188 ft: 916 corp: 251/133Kb lim: 4869 exec/s: 23385 rss: 419Mb L: 85/4486 MS: 1 EraseBytes-
#841887	REDUCE cov: 188 ft: 916 corp: 251/133Kb lim: 4869 exec/s: 23385 rss: 419Mb L: 136/4486 MS: 1 EraseBytes-
#842083	REDUCE cov: 188 ft: 917 corp: 252/133Kb lim: 4869 exec/s: 23391 rss: 419Mb L: 136/4486 MS: 1 CrossOver-
#843262	REDUCE cov: 188 ft: 917 corp: 252/133Kb lim: 4869 exec/s: 23423 rss: 419Mb L: 113/4486 MS: 4 InsertByte-ChangeByte-PersAutoDict-EraseBytes- DE: "\337u\355\3239n\000\000"-
#843264	NEW    cov: 188 ft: 918 corp: 253/133Kb lim: 4869 exec/s: 23424 rss: 419Mb L: 180/4486 MS: 2 ChangeBit-InsertRepeatedBytes-
#843307	REDUCE cov: 188 ft: 918 corp: 253/133Kb lim: 4869 exec/s: 23425 rss: 419Mb L: 259/4486 MS: 3 ChangeASCIIInt-InsertByte-EraseBytes-
#844062	REDUCE cov: 188 ft: 918 corp: 253/133Kb lim: 4869 exec/s: 23446 rss: 419Mb L: 106/4486 MS: 5 ChangeASCIIInt-CMP-ChangeASCIIInt-ChangeASCIIInt-EraseBytes- DE: "\003\000\000\000\000\000\000\000"-
#844233	REDUCE cov: 188 ft: 918 corp: 253/133Kb lim: 4869 exec/s: 23450 rss: 419Mb L: 103/4486 MS: 1 EraseBytes-
#844334	REDUCE cov: 188 ft: 918 corp: 253/133Kb lim: 4869 exec/s: 23453 rss: 419Mb L: 21/4486 MS: 1 EraseBytes-
#845157	REDUCE cov: 188 ft: 918 corp: 253/133Kb lim: 4869 exec/s: 23476 rss: 419Mb L: 121/4486 MS: 3 InsertByte-ShuffleBytes-EraseBytes-
#845252	REDUCE cov: 188 ft: 918 corp: 253/133Kb lim: 4869 exec/s: 23479 rss: 419Mb L: 241/4486 MS: 5 ChangeByte-InsertByte-ChangeByte-CMP-EraseBytes- DE: "side"-
#845703	REDUCE cov: 188 ft: 918 corp: 253/133Kb lim: 4869 exec/s: 23491 rss: 419Mb L: 125/4486 MS: 1 EraseBytes-
#845834	REDUCE cov: 188 ft: 918 corp: 253/133Kb lim: 4869 exec/s: 23495 rss: 419Mb L: 23/4486 MS: 1 EraseBytes-
#846500	REDUCE cov: 188 ft: 918 corp: 253/133Kb lim: 4869 exec/s: 23513 rss: 419Mb L: 74/4486 MS: 1 EraseBytes-
#846678	REDUCE cov: 188 ft: 918 corp: 253/133Kb lim: 4869 exec/s: 23518 rss: 419Mb L: 36/4486 MS: 3 ChangeByte-ShuffleBytes-EraseBytes-
#846809	REDUCE cov: 188 ft: 918 corp: 253/133Kb lim: 4869 exec/s: 23522 rss: 419Mb L: 104/4486 MS: 1 EraseBytes-
#847225	REDUCE cov: 188 ft: 918 corp: 253/133Kb lim: 4869 exec/s: 23534 rss: 419Mb L: 93/4486 MS: 1 EraseBytes-
#847722	REDUCE cov: 188 ft: 918 corp: 253/133Kb lim: 4869 exec/s: 23547 rss: 419Mb L: 139/4486 MS: 2 ChangeByte-EraseBytes-
#847755	REDUCE cov: 188 ft: 918 corp: 253/133Kb lim: 4869 exec/s: 23548 rss: 419Mb L: 81/4486 MS: 3 ShuffleBytes-PersAutoDict-EraseBytes- DE: "\007\000\000\000"-
#848091	REDUCE cov: 188 ft: 918 corp: 253/133Kb lim: 4869 exec/s: 23558 rss: 419Mb L: 44/4486 MS: 1 EraseBytes-
#849267	REDUCE cov: 188 ft: 918 corp: 253/133Kb lim: 4869 exec/s: 23590 rss: 419Mb L: 34/4486 MS: 1 EraseBytes-
#849738	REDUCE cov: 188 ft: 918 corp: 253/133Kb lim: 4869 exec/s: 23603 rss: 419Mb L: 94/4486 MS: 1 EraseBytes-
#849884	REDUCE cov: 188 ft: 918 corp: 253/133Kb lim: 4869 exec/s: 23607 rss: 419Mb L: 93/4486 MS: 1 EraseBytes-
#850107	REDUCE cov: 188 ft: 918 corp: 253/133Kb lim: 4869 exec/s: 23614 rss: 419Mb L: 3862/4486 MS: 3 CopyPart-InsertRepeatedBytes-EraseBytes-
#851461	REDUCE cov: 188 ft: 918 corp: 253/133Kb lim: 4869 exec/s: 23651 rss: 419Mb L: 103/4486 MS: 4 InsertByte-ChangeBit-ChangeBit-EraseBytes-
#852287	REDUCE cov: 188 ft: 918 corp: 253/133Kb lim: 4869 exec/s: 23674 rss: 419Mb L: 220/4486 MS: 1 EraseBytes-
#852759	REDUCE cov: 188 ft: 918 corp: 253/133Kb lim: 4869 exec/s: 23687 rss: 419Mb L: 132/4486 MS: 2 ChangeBinInt-EraseBytes-
#853760	REDUCE cov: 188 ft: 918 corp: 253/133Kb lim: 4869 exec/s: 23715 rss: 419Mb L: 18/4486 MS: 1 EraseBytes-
#854081	REDUCE cov: 188 ft: 918 corp: 253/133Kb lim: 4869 exec/s: 23724 rss: 419Mb L: 131/4486 MS: 1 EraseBytes-
#854397	REDUCE cov: 188 ft: 918 corp: 253/133Kb lim: 4869 exec/s: 23733 rss: 419Mb L: 104/4486 MS: 1 EraseBytes-
#854480	REDUCE cov: 188 ft: 918 corp: 253/133Kb lim: 4869 exec/s: 23735 rss: 419Mb L: 21/4486 MS: 3 ChangeBinInt-CopyPart-EraseBytes-
#854522	REDUCE cov: 188 ft: 918 corp: 253/133Kb lim: 4869 exec/s: 23736 rss: 419Mb L: 95/4486 MS: 2 PersAutoDict-EraseBytes- DE: "\001\000"-
#854603	REDUCE cov: 188 ft: 918 corp: 253/133Kb lim: 4869 exec/s: 23738 rss: 419Mb L: 19/4486 MS: 1 EraseBytes-
#854699	REDUCE cov: 188 ft: 918 corp: 253/133Kb lim: 4869 exec/s: 23741 rss: 419Mb L: 21/4486 MS: 1 EraseBytes-
#854845	REDUCE cov: 188 ft: 918 corp: 253/133Kb lim: 4869 exec/s: 23745 rss: 419Mb L: 1841/4486 MS: 1 EraseBytes-
#855256	REDUCE cov: 188 ft: 918 corp: 253/133Kb lim: 4869 exec/s: 23757 rss: 419Mb L: 73/4486 MS: 1 EraseBytes-
#855687	REDUCE cov: 188 ft: 918 corp: 253/133Kb lim: 4869 exec/s: 23769 rss: 419Mb L: 54/4486 MS: 1 EraseBytes-
#855759	REDUCE cov: 188 ft: 918 corp: 253/133Kb lim: 4869 exec/s: 23771 rss: 419Mb L: 214/4486 MS: 2 ChangeASCIIInt-EraseBytes-
#855835	REDUCE cov: 188 ft: 918 corp: 253/133Kb lim: 4869 exec/s: 23773 rss: 419Mb L: 66/4486 MS: 1 EraseBytes-
#856112	REDUCE cov: 188 ft: 918 corp: 253/133Kb lim: 4869 exec/s: 23780 rss: 419Mb L: 3678/4486 MS: 2 InsertByte-EraseBytes-
#856704	REDUCE cov: 188 ft: 918 corp: 253/133Kb lim: 4869 exec/s: 23797 rss: 419Mb L: 80/4486 MS: 2 CopyPart-EraseBytes-
#856780	REDUCE cov: 188 ft: 918 corp: 253/133Kb lim: 4869 exec/s: 23799 rss: 419Mb L: 137/4486 MS: 1 EraseBytes-
#856843	REDUCE cov: 188 ft: 918 corp: 253/132Kb lim: 4869 exec/s: 23801 rss: 419Mb L: 130/4486 MS: 3 ShuffleBytes-ChangeByte-EraseBytes-
#857635	REDUCE cov: 188 ft: 918 corp: 253/132Kb lim: 4869 exec/s: 23823 rss: 419Mb L: 65/4486 MS: 2 PersAutoDict-EraseBytes- DE: "\000\000\000\000\000\000\000\006"-
#858106	REDUCE cov: 188 ft: 918 corp: 253/132Kb lim: 4869 exec/s: 23836 rss: 419Mb L: 2539/4486 MS: 1 EraseBytes-
#858334	REDUCE cov: 188 ft: 918 corp: 253/132Kb lim: 4869 exec/s: 23842 rss: 419Mb L: 916/4486 MS: 3 CopyPart-EraseBytes-ChangeByte-
#858845	REDUCE cov: 188 ft: 918 corp: 253/132Kb lim: 4869 exec/s: 23856 rss: 419Mb L: 2360/4486 MS: 1 EraseBytes-
#859326	REDUCE cov: 188 ft: 918 corp: 253/132Kb lim: 4869 exec/s: 23870 rss: 419Mb L: 2529/4486 MS: 1 EraseBytes-
#859818	REDUCE cov: 188 ft: 918 corp: 253/132Kb lim: 4869 exec/s: 23883 rss: 419Mb L: 233/4486 MS: 2 CMP-EraseBytes- DE: "}z\":"-
#860189	REDUCE cov: 188 ft: 918 corp: 253/132Kb lim: 4869 exec/s: 23894 rss: 419Mb L: 136/4486 MS: 1 EraseBytes-
#860335	REDUCE cov: 188 ft: 918 corp: 253/132Kb lim: 4869 exec/s: 23898 rss: 419Mb L: 95/4486 MS: 1 EraseBytes-
#860851	REDUCE cov: 188 ft: 918 corp: 253/132Kb lim: 4869 exec/s: 23912 rss: 419Mb L: 192/4486 MS: 1 EraseBytes-
#860858	REDUCE cov: 188 ft: 918 corp: 253/132Kb lim: 4869 exec/s: 23912 rss: 419Mb L: 89/4486 MS: 2 ChangeBit-EraseBytes-
#861155	REDUCE cov: 188 ft: 918 corp: 253/132Kb lim: 4869 exec/s: 23920 rss: 419Mb L: 154/4486 MS: 2 PersAutoDict-EraseBytes- DE: "\377\002"-
#861856	REDUCE cov: 188 ft: 918 corp: 253/132Kb lim: 4869 exec/s: 23293 rss: 419Mb L: 90/4486 MS: 1 EraseBytes-
#861998	REDUCE cov: 188 ft: 918 corp: 253/132Kb lim: 4869 exec/s: 23297 rss: 419Mb L: 88/4486 MS: 2 CrossOver-EraseBytes-
#862489	REDUCE cov: 188 ft: 918 corp: 253/132Kb lim: 4869 exec/s: 23310 rss: 419Mb L: 41/4486 MS: 1 EraseBytes-
#863130	REDUCE cov: 188 ft: 918 corp: 253/132Kb lim: 4869 exec/s: 23327 rss: 419Mb L: 85/4486 MS: 1 EraseBytes-
#864178	REDUCE cov: 188 ft: 918 corp: 253/132Kb lim: 4869 exec/s: 23356 rss: 419Mb L: 780/4486 MS: 3 ShuffleBytes-ChangeASCIIInt-EraseBytes-
#864519	REDUCE cov: 188 ft: 918 corp: 253/132Kb lim: 4869 exec/s: 23365 rss: 419Mb L: 50/4486 MS: 1 EraseBytes-
#864835	REDUCE cov: 188 ft: 918 corp: 253/132Kb lim: 4869 exec/s: 23373 rss: 419Mb L: 2877/4486 MS: 1 EraseBytes-
#864961	REDUCE cov: 188 ft: 918 corp: 253/132Kb lim: 4869 exec/s: 23377 rss: 419Mb L: 1908/4486 MS: 1 EraseBytes-
#865382	REDUCE cov: 188 ft: 918 corp: 253/132Kb lim: 4869 exec/s: 23388 rss: 419Mb L: 33/4486 MS: 1 EraseBytes-
#865728	REDUCE cov: 188 ft: 918 corp: 253/132Kb lim: 4869 exec/s: 23398 rss: 419Mb L: 29/4486 MS: 1 EraseBytes-
#865775	REDUCE cov: 188 ft: 918 corp: 253/132Kb lim: 4869 exec/s: 23399 rss: 419Mb L: 98/4486 MS: 2 ChangeASCIIInt-EraseBytes-
#866603	REDUCE cov: 188 ft: 918 corp: 253/132Kb lim: 4869 exec/s: 23421 rss: 419Mb L: 1888/4486 MS: 2 ChangeBinInt-EraseBytes-
#866879	REDUCE cov: 188 ft: 918 corp: 253/132Kb lim: 4869 exec/s: 23429 rss: 419Mb L: 98/4486 MS: 1 EraseBytes-
#867700	REDUCE cov: 188 ft: 918 corp: 253/132Kb lim: 4869 exec/s: 23451 rss: 419Mb L: 343/4486 MS: 1 EraseBytes-
#867861	REDUCE cov: 188 ft: 918 corp: 253/132Kb lim: 4869 exec/s: 23455 rss: 419Mb L: 18/4486 MS: 1 EraseBytes-
#869487	REDUCE cov: 188 ft: 918 corp: 253/132Kb lim: 4869 exec/s: 23499 rss: 419Mb L: 84/4486 MS: 1 EraseBytes-
#869753	REDUCE cov: 188 ft: 918 corp: 253/132Kb lim: 4869 exec/s: 23506 rss: 419Mb L: 87/4486 MS: 1 EraseBytes-
#870601	REDUCE cov: 188 ft: 918 corp: 253/132Kb lim: 4869 exec/s: 23529 rss: 419Mb L: 94/4486 MS: 3 ChangeBit-CopyPart-EraseBytes-
#870621	REDUCE cov: 188 ft: 918 corp: 253/132Kb lim: 4869 exec/s: 23530 rss: 419Mb L: 262/4486 MS: 5 ShuffleBytes-ChangeByte-ChangeASCIIInt-ChangeBinInt-EraseBytes-
#871003	REDUCE cov: 188 ft: 918 corp: 253/132Kb lim: 4869 exec/s: 23540 rss: 419Mb L: 4057/4486 MS: 2 InsertRepeatedBytes-CrossOver-
#871092	REDUCE cov: 188 ft: 918 corp: 253/132Kb lim: 4869 exec/s: 23543 rss: 419Mb L: 103/4486 MS: 4 ShuffleBytes-PersAutoDict-ChangeASCIIInt-EraseBytes- DE: ".9"-
#871663	REDUCE cov: 188 ft: 918 corp: 253/132Kb lim: 4869 exec/s: 23558 rss: 419Mb L: 70/4486 MS: 1 EraseBytes-
#872284	REDUCE cov: 188 ft: 918 corp: 253/132Kb lim: 4869 exec/s: 23575 rss: 419Mb L: 16/4486 MS: 1 EraseBytes-
#873841	REDUCE cov: 188 ft: 918 corp: 253/132Kb lim: 4869 exec/s: 23617 rss: 419Mb L: 83/4486 MS: 2 ChangeASCIIInt-EraseBytes-
#874322	REDUCE cov: 188 ft: 918 corp: 253/132Kb lim: 4869 exec/s: 23630 rss: 419Mb L: 124/4486 MS: 1 EraseBytes-
#877018	REDUCE cov: 188 ft: 918 corp: 253/132Kb lim: 4869 exec/s: 23703 rss: 419Mb L: 15/4486 MS: 1 EraseBytes-
#877244	REDUCE cov: 188 ft: 918 corp: 253/132Kb lim: 4869 exec/s: 23709 rss: 419Mb L: 183/4486 MS: 1 EraseBytes-
#877685	REDUCE cov: 188 ft: 918 corp: 253/132Kb lim: 4869 exec/s: 23721 rss: 419Mb L: 84/4486 MS: 1 EraseBytes-
#878211	REDUCE cov: 188 ft: 918 corp: 253/132Kb lim: 4869 exec/s: 23735 rss: 419Mb L: 126/4486 MS: 1 EraseBytes-
#879530	REDUCE cov: 188 ft: 918 corp: 253/132Kb lim: 4869 exec/s: 23771 rss: 419Mb L: 80/4486 MS: 4 ChangeByte-ChangeASCIIInt-ShuffleBytes-EraseBytes-
#879817	REDUCE cov: 188 ft: 918 corp: 253/132Kb lim: 4869 exec/s: 23778 rss: 419Mb L: 107/4486 MS: 2 ChangeByte-EraseBytes-
#881359	REDUCE cov: 188 ft: 918 corp: 253/132Kb lim: 4869 exec/s: 23820 rss: 419Mb L: 83/4486 MS: 2 EraseBytes-CopyPart-
#881761	REDUCE cov: 188 ft: 918 corp: 253/132Kb lim: 4869 exec/s: 23831 rss: 419Mb L: 70/4486 MS: 2 ChangeBinInt-EraseBytes-
#883109	REDUCE cov: 188 ft: 918 corp: 253/132Kb lim: 4869 exec/s: 23867 rss: 419Mb L: 95/4486 MS: 3 CMP-InsertRepeatedBytes-EraseBytes- DE: "\001\005"-
#884835	REDUCE cov: 188 ft: 918 corp: 253/132Kb lim: 4869 exec/s: 23914 rss: 419Mb L: 104/4486 MS: 1 EraseBytes-
#886266	REDUCE cov: 188 ft: 918 corp: 253/132Kb lim: 4869 exec/s: 23953 rss: 419Mb L: 131/4486 MS: 1 EraseBytes-
#886475	REDUCE cov: 188 ft: 918 corp: 253/131Kb lim: 4869 exec/s: 23958 rss: 419Mb L: 4098/4486 MS: 4 ChangeBit-CopyPart-ShuffleBytes-EraseBytes-
#886627	REDUCE cov: 188 ft: 918 corp: 253/131Kb lim: 4869 exec/s: 23962 rss: 419Mb L: 145/4486 MS: 2 PersAutoDict-EraseBytes- DE: "\377\377\377\377\377\377\377\016"-
#886693	REDUCE cov: 188 ft: 918 corp: 253/131Kb lim: 4869 exec/s: 23964 rss: 419Mb L: 164/4486 MS: 1 EraseBytes-
#888429	REDUCE cov: 188 ft: 918 corp: 253/131Kb lim: 4869 exec/s: 23379 rss: 419Mb L: 73/4486 MS: 1 EraseBytes-
#888931	REDUCE cov: 188 ft: 918 corp: 253/131Kb lim: 4869 exec/s: 23392 rss: 419Mb L: 78/4486 MS: 2 ChangeASCIIInt-EraseBytes-
#890154	REDUCE cov: 188 ft: 918 corp: 253/131Kb lim: 4869 exec/s: 23425 rss: 419Mb L: 101/4486 MS: 3 ShuffleBytes-ChangeASCIIInt-EraseBytes-
#890200	REDUCE cov: 188 ft: 918 corp: 253/131Kb lim: 4869 exec/s: 23426 rss: 419Mb L: 28/4486 MS: 1 EraseBytes-
#891711	REDUCE cov: 188 ft: 918 corp: 253/131Kb lim: 4869 exec/s: 23466 rss: 419Mb L: 69/4486 MS: 1 EraseBytes-
#891908	REDUCE cov: 188 ft: 918 corp: 253/131Kb lim: 4869 exec/s: 23471 rss: 419Mb L: 262/4486 MS: 2 ChangeASCIIInt-EraseBytes-
#892060	REDUCE cov: 188 ft: 918 corp: 253/131Kb lim: 4869 exec/s: 23475 rss: 419Mb L: 63/4486 MS: 2 PersAutoDict-EraseBytes- DE: "0n"-
#892392	REDUCE cov: 188 ft: 918 corp: 253/131Kb lim: 4869 exec/s: 23484 rss: 419Mb L: 25/4486 MS: 2 EraseBytes-CrossOver-
#892728	REDUCE cov: 188 ft: 918 corp: 253/131Kb lim: 4869 exec/s: 23492 rss: 419Mb L: 66/4486 MS: 1 EraseBytes-
#893004	REDUCE cov: 188 ft: 918 corp: 253/131Kb lim: 4869 exec/s: 23500 rss: 419Mb L: 16/4486 MS: 1 EraseBytes-
#893667	REDUCE cov: 188 ft: 918 corp: 253/131Kb lim: 4869 exec/s: 23517 rss: 419Mb L: 130/4486 MS: 3 EraseBytes-ChangeASCIIInt-ShuffleBytes-
#893943	REDUCE cov: 188 ft: 918 corp: 253/131Kb lim: 4869 exec/s: 23524 rss: 419Mb L: 254/4486 MS: 1 EraseBytes-
#894329	REDUCE cov: 188 ft: 918 corp: 253/131Kb lim: 4869 exec/s: 23534 rss: 419Mb L: 211/4486 MS: 1 EraseBytes-
#895100	REDUCE cov: 188 ft: 918 corp: 253/131Kb lim: 4869 exec/s: 23555 rss: 419Mb L: 2476/4486 MS: 1 EraseBytes-
#895364	REDUCE cov: 188 ft: 918 corp: 253/131Kb lim: 4869 exec/s: 23562 rss: 419Mb L: 141/4486 MS: 4 ChangeBinInt-ChangeBit-ShuffleBytes-EraseBytes-
#895960	REDUCE cov: 188 ft: 918 corp: 253/131Kb lim: 4869 exec/s: 23577 rss: 419Mb L: 11/4486 MS: 1 EraseBytes-
#896377	REDUCE cov: 188 ft: 918 corp: 253/131Kb lim: 4869 exec/s: 23588 rss: 419Mb L: 153/4486 MS: 2 ChangeASCIIInt-EraseBytes-
#896868	REDUCE cov: 188 ft: 918 corp: 253/131Kb lim: 4869 exec/s: 23601 rss: 419Mb L: 88/4486 MS: 1 EraseBytes-
#897176	REDUCE cov: 188 ft: 918 corp: 253/131Kb lim: 4869 exec/s: 23609 rss: 419Mb L: 57/4486 MS: 3 PersAutoDict-CopyPart-EraseBytes- DE: "\323\377\377\377"-
#897712	REDUCE cov: 188 ft: 918 corp: 253/131Kb lim: 4869 exec/s: 23624 rss: 419Mb L: 262/4486 MS: 1 EraseBytes-
#898014	REDUCE cov: 188 ft: 918 corp: 253/131Kb lim: 4869 exec/s: 23631 rss: 419Mb L: 3132/4486 MS: 2 CMP-EraseBytes- DE: "\304\377\377\377"-
#898353	REDUCE cov: 188 ft: 918 corp: 253/131Kb lim: 4869 exec/s: 23640 rss: 419Mb L: 151/4486 MS: 4 PersAutoDict-ChangeBit-PersAutoDict-EraseBytes- DE: "\377\377\377\377"-"\313\377\377\377"-
#899299	REDUCE cov: 188 ft: 918 corp: 253/131Kb lim: 4869 exec/s: 23665 rss: 419Mb L: 57/4486 MS: 1 EraseBytes-
#900853	REDUCE cov: 188 ft: 918 corp: 253/131Kb lim: 4869 exec/s: 23706 rss: 419Mb L: 71/4486 MS: 4 ChangeBit-ChangeASCIIInt-ChangeByte-EraseBytes-
#901077	REDUCE cov: 188 ft: 918 corp: 253/131Kb lim: 4869 exec/s: 23712 rss: 419Mb L: 35/4486 MS: 4 CrossOver-EraseBytes-ChangeByte-CopyPart-
#902023	REDUCE cov: 188 ft: 918 corp: 253/131Kb lim: 4869 exec/s: 23737 rss: 419Mb L: 50/4486 MS: 1 EraseBytes-
#902219	REDUCE cov: 188 ft: 918 corp: 253/131Kb lim: 4869 exec/s: 23742 rss: 419Mb L: 79/4486 MS: 1 EraseBytes-
#903190	REDUCE cov: 188 ft: 918 corp: 253/131Kb lim: 4869 exec/s: 23768 rss: 419Mb L: 180/4486 MS: 1 EraseBytes-
#903308	REDUCE cov: 188 ft: 919 corp: 254/134Kb lim: 4869 exec/s: 23771 rss: 419Mb L: 2937/4486 MS: 3 CrossOver-EraseBytes-ShuffleBytes-
#903469	REDUCE cov: 188 ft: 919 corp: 254/134Kb lim: 4869 exec/s: 23775 rss: 419Mb L: 3760/4486 MS: 1 EraseBytes-
#905556	REDUCE cov: 188 ft: 919 corp: 254/134Kb lim: 4869 exec/s: 23830 rss: 419Mb L: 4334/4334 MS: 2 EraseBytes-CopyPart-
#907047	REDUCE cov: 188 ft: 919 corp: 254/134Kb lim: 4869 exec/s: 23869 rss: 419Mb L: 7/4334 MS: 1 EraseBytes-
#909785	REDUCE cov: 188 ft: 919 corp: 254/134Kb lim: 4869 exec/s: 23941 rss: 419Mb L: 126/4334 MS: 3 ChangeBinInt-ChangeBinInt-EraseBytes-
#910906	REDUCE cov: 188 ft: 919 corp: 254/134Kb lim: 4869 exec/s: 23356 rss: 419Mb L: 2411/4334 MS: 1 EraseBytes-
#911028	REDUCE cov: 188 ft: 919 corp: 254/134Kb lim: 4869 exec/s: 23359 rss: 419Mb L: 1509/4334 MS: 2 ChangeByte-EraseBytes-
#914539	REDUCE cov: 188 ft: 919 corp: 254/134Kb lim: 4869 exec/s: 23449 rss: 419Mb L: 125/4334 MS: 1 EraseBytes-
#916560	REDUCE cov: 188 ft: 919 corp: 254/134Kb lim: 4869 exec/s: 23501 rss: 419Mb L: 5/4334 MS: 1 EraseBytes-
#917434	REDUCE cov: 188 ft: 919 corp: 254/134Kb lim: 4869 exec/s: 23523 rss: 419Mb L: 1120/4334 MS: 4 CrossOver-CopyPart-CMP-InsertRepeatedBytes- DE: "'n"-
#918153	REDUCE cov: 188 ft: 919 corp: 254/134Kb lim: 4869 exec/s: 23542 rss: 419Mb L: 2388/4334 MS: 4 CrossOver-CMP-CMP-EraseBytes- DE: "sz\":"-"side"-
#918709	REDUCE cov: 188 ft: 919 corp: 254/134Kb lim: 4869 exec/s: 23556 rss: 419Mb L: 45/4334 MS: 1 EraseBytes-
#918850	REDUCE cov: 188 ft: 919 corp: 254/134Kb lim: 4869 exec/s: 23560 rss: 419Mb L: 129/4334 MS: 1 EraseBytes-
#921731	REDUCE cov: 188 ft: 919 corp: 254/134Kb lim: 4869 exec/s: 23634 rss: 419Mb L: 116/4334 MS: 1 EraseBytes-
#921787	REDUCE cov: 188 ft: 919 corp: 254/133Kb lim: 4869 exec/s: 23635 rss: 419Mb L: 116/4334 MS: 1 EraseBytes-
#923404	REDUCE cov: 188 ft: 919 corp: 254/133Kb lim: 4869 exec/s: 23677 rss: 419Mb L: 100/4334 MS: 2 ChangeASCIIInt-EraseBytes-
#924067	REDUCE cov: 188 ft: 919 corp: 254/133Kb lim: 4869 exec/s: 23694 rss: 419Mb L: 2353/4334 MS: 3 ShuffleBytes-CMP-EraseBytes- DE: "\312\255^\323\251n\000\000"-
#924079	REDUCE cov: 188 ft: 919 corp: 254/133Kb lim: 4869 exec/s: 23694 rss: 419Mb L: 17/4334 MS: 2 ChangeASCIIInt-EraseBytes-
#925374	REDUCE cov: 188 ft: 919 corp: 254/133Kb lim: 4869 exec/s: 23727 rss: 419Mb L: 149/4334 MS: 5 InsertByte-ChangeBinInt-ChangeByte-CMP-EraseBytes- DE: "rx"-
#925781	REDUCE cov: 188 ft: 919 corp: 254/133Kb lim: 4869 exec/s: 23737 rss: 419Mb L: 35/4334 MS: 2 ChangeBinInt-EraseBytes-
#926082	REDUCE cov: 188 ft: 919 corp: 254/133Kb lim: 4869 exec/s: 23745 rss: 419Mb L: 62/4334 MS: 1 EraseBytes-
#926444	REDUCE cov: 188 ft: 919 corp: 254/133Kb lim: 4869 exec/s: 23754 rss: 419Mb L: 134/4334 MS: 2 ChangeByte-EraseBytes-
#926445	REDUCE cov: 188 ft: 919 corp: 254/133Kb lim: 4869 exec/s: 23755 rss: 419Mb L: 82/4334 MS: 1 EraseBytes-
#926498	REDUCE cov: 188 ft: 920 corp: 255/134Kb lim: 4869 exec/s: 23756 rss: 419Mb L: 256/4334 MS: 3 ShuffleBytes-ChangeBinInt-CrossOver-
#926659	REDUCE cov: 188 ft: 920 corp: 255/134Kb lim: 4869 exec/s: 23760 rss: 419Mb L: 53/4334 MS: 1 EraseBytes-
#927926	REDUCE cov: 188 ft: 920 corp: 255/134Kb lim: 4869 exec/s: 23792 rss: 419Mb L: 1161/4334 MS: 2 ShuffleBytes-EraseBytes-
#927973	REDUCE cov: 188 ft: 920 corp: 255/134Kb lim: 4869 exec/s: 23794 rss: 419Mb L: 66/4334 MS: 2 ChangeBit-EraseBytes-
#929939	REDUCE cov: 188 ft: 920 corp: 255/134Kb lim: 4869 exec/s: 23844 rss: 419Mb L: 94/4334 MS: 1 EraseBytes-
#930825	REDUCE cov: 188 ft: 920 corp: 255/134Kb lim: 4869 exec/s: 23867 rss: 419Mb L: 222/4334 MS: 1 EraseBytes-
#931771	REDUCE cov: 188 ft: 920 corp: 255/134Kb lim: 4869 exec/s: 23891 rss: 419Mb L: 84/4334 MS: 1 EraseBytes-
#932336	REDUCE cov: 188 ft: 920 corp: 255/133Kb lim: 4869 exec/s: 23906 rss: 419Mb L: 740/4334 MS: 5 EraseBytes-ChangeBit-CrossOver-EraseBytes-CMP- DE: "\377\377\377\377\377\377\377\005"-
#933742	REDUCE cov: 188 ft: 920 corp: 255/133Kb lim: 4869 exec/s: 23942 rss: 419Mb L: 81/4334 MS: 1 EraseBytes-
#933833	REDUCE cov: 188 ft: 920 corp: 255/133Kb lim: 4869 exec/s: 23944 rss: 419Mb L: 121/4334 MS: 1 EraseBytes-
#934225	REDUCE cov: 188 ft: 920 corp: 255/133Kb lim: 4869 exec/s: 23954 rss: 419Mb L: 209/4334 MS: 2 InsertByte-EraseBytes-
#934237	REDUCE cov: 188 ft: 920 corp: 255/133Kb lim: 4869 exec/s: 23954 rss: 419Mb L: 69/4334 MS: 2 ChangeByte-EraseBytes-
#934603	REDUCE cov: 188 ft: 920 corp: 255/133Kb lim: 4869 exec/s: 23964 rss: 419Mb L: 134/4334 MS: 1 EraseBytes-
#934621	REDUCE cov: 188 ft: 920 corp: 255/133Kb lim: 4869 exec/s: 23964 rss: 419Mb L: 68/4334 MS: 3 ChangeBit-ShuffleBytes-EraseBytes-
#935317	REDUCE cov: 188 ft: 920 corp: 255/133Kb lim: 4869 exec/s: 23982 rss: 419Mb L: 24/4334 MS: 1 EraseBytes-
#937738	REDUCE cov: 188 ft: 920 corp: 255/133Kb lim: 4869 exec/s: 24044 rss: 419Mb L: 52/4334 MS: 1 EraseBytes-
#939085	REDUCE cov: 188 ft: 920 corp: 255/133Kb lim: 4869 exec/s: 23477 rss: 419Mb L: 194/4334 MS: 2 PersAutoDict-EraseBytes- DE: "\377\377\377\377\377\377\377\377"-
#941022	REDUCE cov: 188 ft: 920 corp: 255/133Kb lim: 4869 exec/s: 23525 rss: 419Mb L: 85/4334 MS: 2 ChangeASCIIInt-EraseBytes-
#943948	REDUCE cov: 188 ft: 920 corp: 255/133Kb lim: 4869 exec/s: 23598 rss: 419Mb L: 68/4334 MS: 1 EraseBytes-
#944034	REDUCE cov: 188 ft: 920 corp: 255/133Kb lim: 4869 exec/s: 23600 rss: 419Mb L: 1018/4334 MS: 1 EraseBytes-
#944355	REDUCE cov: 188 ft: 920 corp: 255/133Kb lim: 4869 exec/s: 23608 rss: 419Mb L: 804/4334 MS: 1 EraseBytes-
#944406	REDUCE cov: 188 ft: 920 corp: 255/133Kb lim: 4869 exec/s: 23610 rss: 419Mb L: 151/4334 MS: 1 EraseBytes-
#946112	REDUCE cov: 188 ft: 920 corp: 255/133Kb lim: 4869 exec/s: 23652 rss: 419Mb L: 78/4334 MS: 1 EraseBytes-
#946383	REDUCE cov: 188 ft: 920 corp: 255/133Kb lim: 4869 exec/s: 23659 rss: 419Mb L: 101/4334 MS: 1 EraseBytes-
#946434	REDUCE cov: 188 ft: 920 corp: 255/133Kb lim: 4869 exec/s: 23660 rss: 419Mb L: 56/4334 MS: 1 EraseBytes-
#947485	REDUCE cov: 188 ft: 920 corp: 255/133Kb lim: 4869 exec/s: 23687 rss: 419Mb L: 148/4334 MS: 1 EraseBytes-
#948042	REDUCE cov: 188 ft: 920 corp: 255/133Kb lim: 4869 exec/s: 23701 rss: 419Mb L: 106/4334 MS: 2 CopyPart-EraseBytes-
#948473	REDUCE cov: 188 ft: 920 corp: 255/133Kb lim: 4869 exec/s: 23711 rss: 419Mb L: 877/4334 MS: 1 EraseBytes-
#951624	REDUCE cov: 188 ft: 920 corp: 255/133Kb lim: 4869 exec/s: 23790 rss: 419Mb L: 219/4334 MS: 1 EraseBytes-
#952413	REDUCE cov: 188 ft: 920 corp: 255/133Kb lim: 4869 exec/s: 23810 rss: 419Mb L: 185/4334 MS: 4 ChangeByte-ChangeBinInt-PersAutoDict-EraseBytes- DE: "\001\000\000\003"-
#954360	REDUCE cov: 188 ft: 920 corp: 255/133Kb lim: 4869 exec/s: 23859 rss: 419Mb L: 22/4334 MS: 2 PersAutoDict-EraseBytes- DE: "\011\000"-
#955122	REDUCE cov: 188 ft: 920 corp: 255/133Kb lim: 4869 exec/s: 23878 rss: 419Mb L: 176/4334 MS: 2 ChangeBit-EraseBytes-
#955939	REDUCE cov: 188 ft: 920 corp: 255/133Kb lim: 4869 exec/s: 23898 rss: 419Mb L: 77/4334 MS: 2 ChangeASCIIInt-EraseBytes-
#956115	REDUCE cov: 188 ft: 920 corp: 255/133Kb lim: 4869 exec/s: 23902 rss: 419Mb L: 61/4334 MS: 1 EraseBytes-
#956318	REDUCE cov: 188 ft: 920 corp: 255/133Kb lim: 4869 exec/s: 23907 rss: 419Mb L: 47/4334 MS: 3 ChangeByte-ChangeASCIIInt-EraseBytes-
#958034	REDUCE cov: 188 ft: 920 corp: 255/133Kb lim: 4869 exec/s: 23950 rss: 419Mb L: 159/4334 MS: 1 EraseBytes-
#961026	REDUCE cov: 188 ft: 920 corp: 255/133Kb lim: 4869 exec/s: 24025 rss: 419Mb L: 93/4334 MS: 2 ChangeASCIIInt-EraseBytes-
#961107	REDUCE cov: 188 ft: 920 corp: 255/133Kb lim: 4869 exec/s: 24027 rss: 419Mb L: 22/4334 MS: 1 EraseBytes-
#964467	REDUCE cov: 188 ft: 920 corp: 255/133Kb lim: 4869 exec/s: 23523 rss: 419Mb L: 2219/4334 MS: 5 ChangeASCIIInt-CopyPart-PersAutoDict-ChangeByte-EraseBytes- DE: "\000\000\000\307"-
#965653	REDUCE cov: 188 ft: 920 corp: 255/133Kb lim: 4869 exec/s: 23552 rss: 419Mb L: 201/4334 MS: 1 EraseBytes-
#966485	REDUCE cov: 188 ft: 920 corp: 255/133Kb lim: 4869 exec/s: 23572 rss: 419Mb L: 2178/4334 MS: 2 InsertByte-EraseBytes-
#967901	REDUCE cov: 188 ft: 920 corp: 255/132Kb lim: 4869 exec/s: 23607 rss: 419Mb L: 91/4334 MS: 1 EraseBytes-
#967947	REDUCE cov: 188 ft: 920 corp: 255/132Kb lim: 4869 exec/s: 23608 rss: 419Mb L: 53/4334 MS: 1 EraseBytes-
#970219	REDUCE cov: 188 ft: 920 corp: 255/132Kb lim: 4869 exec/s: 23663 rss: 419Mb L: 74/4334 MS: 2 ChangeASCIIInt-EraseBytes-
#970293	REDUCE cov: 188 ft: 920 corp: 255/132Kb lim: 4869 exec/s: 23665 rss: 419Mb L: 126/4334 MS: 4 InsertByte-ChangeBit-ChangeASCIIInt-EraseBytes-
#973069	REDUCE cov: 188 ft: 920 corp: 255/132Kb lim: 4869 exec/s: 23733 rss: 419Mb L: 58/4334 MS: 1 EraseBytes-
#973165	REDUCE cov: 188 ft: 920 corp: 255/132Kb lim: 4869 exec/s: 23735 rss: 419Mb L: 36/4334 MS: 1 EraseBytes-
#973356	REDUCE cov: 188 ft: 920 corp: 255/132Kb lim: 4869 exec/s: 23740 rss: 419Mb L: 74/4334 MS: 1 EraseBytes-
#973492	REDUCE cov: 188 ft: 920 corp: 255/132Kb lim: 4869 exec/s: 23743 rss: 419Mb L: 22/4334 MS: 1 EraseBytes-
#975293	REDUCE cov: 188 ft: 920 corp: 255/132Kb lim: 4869 exec/s: 23787 rss: 419Mb L: 51/4334 MS: 1 EraseBytes-
#977189	REDUCE cov: 188 ft: 920 corp: 255/132Kb lim: 4869 exec/s: 23833 rss: 419Mb L: 32/4334 MS: 1 EraseBytes-
#977260	REDUCE cov: 188 ft: 920 corp: 255/132Kb lim: 4869 exec/s: 23835 rss: 419Mb L: 67/4334 MS: 1 EraseBytes-
#977688	REDUCE cov: 188 ft: 920 corp: 255/132Kb lim: 4869 exec/s: 23846 rss: 419Mb L: 58/4334 MS: 3 ChangeBit-PersAutoDict-EraseBytes- DE: "\377\377"-
#979931	REDUCE cov: 188 ft: 920 corp: 255/132Kb lim: 4869 exec/s: 23900 rss: 419Mb L: 53/4334 MS: 3 ChangeBit-ChangeBit-EraseBytes-
#979957	REDUCE cov: 188 ft: 920 corp: 255/132Kb lim: 4869 exec/s: 23901 rss: 419Mb L: 52/4334 MS: 1 EraseBytes-
#980363	REDUCE cov: 188 ft: 920 corp: 255/132Kb lim: 4869 exec/s: 23911 rss: 419Mb L: 128/4334 MS: 1 EraseBytes-
#980404	REDUCE cov: 188 ft: 920 corp: 255/132Kb lim: 4869 exec/s: 23912 rss: 419Mb L: 48/4334 MS: 1 EraseBytes-
#981110	REDUCE cov: 188 ft: 920 corp: 255/132Kb lim: 4869 exec/s: 23929 rss: 419Mb L: 216/4334 MS: 1 EraseBytes-
#981686	REDUCE cov: 188 ft: 920 corp: 255/132Kb lim: 4869 exec/s: 23943 rss: 419Mb L: 130/4334 MS: 1 EraseBytes-
#981762	REDUCE cov: 188 ft: 920 corp: 255/132Kb lim: 4869 exec/s: 23945 rss: 419Mb L: 90/4334 MS: 1 EraseBytes-
#983368	REDUCE cov: 188 ft: 920 corp: 255/132Kb lim: 4869 exec/s: 23984 rss: 419Mb L: 19/4334 MS: 1 EraseBytes-
#983626	REDUCE cov: 188 ft: 920 corp: 255/132Kb lim: 4869 exec/s: 23990 rss: 419Mb L: 110/4334 MS: 3 CopyPart-ChangeASCIIInt-EraseBytes-
#984135	REDUCE cov: 188 ft: 920 corp: 255/132Kb lim: 4869 exec/s: 24003 rss: 419Mb L: 2024/4334 MS: 4 ChangeBit-ChangeByte-CrossOver-EraseBytes-
#984527	REDUCE cov: 188 ft: 920 corp: 255/132Kb lim: 4869 exec/s: 24012 rss: 419Mb L: 947/4334 MS: 2 ChangeBit-EraseBytes-
#984584	REDUCE cov: 188 ft: 920 corp: 255/132Kb lim: 4869 exec/s: 24014 rss: 419Mb L: 145/4334 MS: 2 CMP-EraseBytes- DE: "\213A\246\324\251n\000\000"-
#985240	REDUCE cov: 188 ft: 920 corp: 255/132Kb lim: 4869 exec/s: 24030 rss: 419Mb L: 122/4334 MS: 1 EraseBytes-
#985481	REDUCE cov: 188 ft: 920 corp: 255/132Kb lim: 4869 exec/s: 24036 rss: 419Mb L: 194/4334 MS: 1 EraseBytes-
#986457	REDUCE cov: 188 ft: 920 corp: 255/132Kb lim: 4869 exec/s: 24059 rss: 419Mb L: 77/4334 MS: 1 EraseBytes-
#988498	REDUCE cov: 188 ft: 920 corp: 255/132Kb lim: 4869 exec/s: 23535 rss: 419Mb L: 35/4334 MS: 1 EraseBytes-
#990389	REDUCE cov: 188 ft: 920 corp: 255/132Kb lim: 4869 exec/s: 23580 rss: 419Mb L: 118/4334 MS: 1 EraseBytes-
#992972	REDUCE cov: 188 ft: 920 corp: 255/132Kb lim: 4869 exec/s: 23642 rss: 419Mb L: 166/4334 MS: 3 InsertRepeatedBytes-ChangeBit-EraseBytes-
#994569	REDUCE cov: 188 ft: 920 corp: 255/132Kb lim: 4869 exec/s: 23680 rss: 419Mb L: 58/4334 MS: 2 ChangeBinInt-EraseBytes-
#994891	REDUCE cov: 188 ft: 920 corp: 255/132Kb lim: 4869 exec/s: 23687 rss: 419Mb L: 46/4334 MS: 2 CrossOver-EraseBytes-
#996917	REDUCE cov: 188 ft: 920 corp: 255/132Kb lim: 4869 exec/s: 23736 rss: 419Mb L: 38/4334 MS: 1 EraseBytes-
#999350	REDUCE cov: 188 ft: 920 corp: 255/132Kb lim: 4869 exec/s: 23794 rss: 419Mb L: 81/4334 MS: 3 InsertByte-ChangeBinInt-EraseBytes-
#1000721	REDUCE cov: 188 ft: 920 corp: 255/132Kb lim: 4869 exec/s: 23826 rss: 419Mb L: 91/4334 MS: 1 EraseBytes-
#1000912	REDUCE cov: 188 ft: 920 corp: 255/132Kb lim: 4869 exec/s: 23831 rss: 419Mb L: 49/4334 MS: 1 EraseBytes-
#1001245	REDUCE cov: 188 ft: 920 corp: 255/132Kb lim: 4869 exec/s: 23839 rss: 419Mb L: 123/4334 MS: 3 ChangeASCIIInt-ChangeBit-EraseBytes-
#1001396	REDUCE cov: 188 ft: 920 corp: 255/132Kb lim: 4869 exec/s: 23842 rss: 419Mb L: 57/4334 MS: 1 EraseBytes-
#1004697	REDUCE cov: 188 ft: 920 corp: 255/132Kb lim: 4869 exec/s: 23921 rss: 419Mb L: 120/4334 MS: 1 EraseBytes-
#1006160	REDUCE cov: 188 ft: 920 corp: 255/132Kb lim: 4869 exec/s: 23956 rss: 419Mb L: 2832/4334 MS: 3 ChangeASCIIInt-ChangeBinInt-EraseBytes-
#1008567	REDUCE cov: 188 ft: 920 corp: 255/132Kb lim: 4869 exec/s: 24013 rss: 419Mb L: 111/4334 MS: 2 ChangeASCIIInt-EraseBytes-
#1008838	REDUCE cov: 188 ft: 920 corp: 255/132Kb lim: 4869 exec/s: 24019 rss: 419Mb L: 37/4334 MS: 1 EraseBytes-
#1009600	REDUCE cov: 188 ft: 920 corp: 255/132Kb lim: 4869 exec/s: 24038 rss: 419Mb L: 4231/4231 MS: 2 CMP-EraseBytes- DE: "\377\377\377\377\377\377\377\000"-
#1011106	REDUCE cov: 188 ft: 920 corp: 255/132Kb lim: 4869 exec/s: 24073 rss: 419Mb L: 15/4231 MS: 1 EraseBytes-
#1012218	REDUCE cov: 188 ft: 920 corp: 255/132Kb lim: 4869 exec/s: 24100 rss: 419Mb L: 101/4231 MS: 2 CopyPart-EraseBytes-
#1012652	REDUCE cov: 188 ft: 920 corp: 255/132Kb lim: 4869 exec/s: 24110 rss: 419Mb L: 254/4231 MS: 4 ChangeBit-ChangeByte-PersAutoDict-EraseBytes- DE: "tid"-
#1014065	REDUCE cov: 188 ft: 920 corp: 255/132Kb lim: 4869 exec/s: 23582 rss: 419Mb L: 92/4231 MS: 3 PersAutoDict-ChangeASCIIInt-EraseBytes- DE: "\377\377\377\271"-
#1016066	REDUCE cov: 188 ft: 920 corp: 255/132Kb lim: 4869 exec/s: 23629 rss: 419Mb L: 75/4231 MS: 1 EraseBytes-
#1016367	REDUCE cov: 188 ft: 920 corp: 255/132Kb lim: 4869 exec/s: 23636 rss: 419Mb L: 143/4231 MS: 1 EraseBytes-
#1018914	REDUCE cov: 188 ft: 920 corp: 255/132Kb lim: 4869 exec/s: 23695 rss: 419Mb L: 1994/4231 MS: 2 ShuffleBytes-EraseBytes-
#1019011	REDUCE cov: 188 ft: 920 corp: 255/132Kb lim: 4869 exec/s: 23697 rss: 419Mb L: 13/4231 MS: 2 CopyPart-EraseBytes-
#1019807	REDUCE cov: 188 ft: 920 corp: 255/132Kb lim: 4869 exec/s: 23716 rss: 419Mb L: 88/4231 MS: 1 EraseBytes-
#1019958	REDUCE cov: 188 ft: 920 corp: 255/132Kb lim: 4869 exec/s: 23719 rss: 419Mb L: 66/4231 MS: 1 EraseBytes-
#1020299	REDUCE cov: 188 ft: 920 corp: 255/132Kb lim: 4869 exec/s: 23727 rss: 419Mb L: 128/4231 MS: 1 EraseBytes-
#1020680	REDUCE cov: 188 ft: 920 corp: 255/132Kb lim: 4869 exec/s: 23736 rss: 419Mb L: 95/4231 MS: 1 EraseBytes-
#1021251	REDUCE cov: 188 ft: 920 corp: 255/132Kb lim: 4869 exec/s: 23750 rss: 419Mb L: 52/4231 MS: 1 EraseBytes-
#1021458	REDUCE cov: 188 ft: 920 corp: 255/132Kb lim: 4869 exec/s: 23754 rss: 419Mb L: 28/4231 MS: 2 InsertRepeatedBytes-EraseBytes-
#1024224	REDUCE cov: 188 ft: 920 corp: 255/132Kb lim: 4869 exec/s: 23819 rss: 419Mb L: 31/4231 MS: 1 EraseBytes-
#1024455	REDUCE cov: 188 ft: 920 corp: 255/132Kb lim: 4869 exec/s: 23824 rss: 419Mb L: 20/4231 MS: 1 EraseBytes-
#1025816	REDUCE cov: 188 ft: 920 corp: 255/132Kb lim: 4869 exec/s: 23856 rss: 419Mb L: 891/4231 MS: 1 EraseBytes-
#1025877	REDUCE cov: 188 ft: 920 corp: 255/132Kb lim: 4869 exec/s: 23857 rss: 419Mb L: 52/4231 MS: 1 EraseBytes-
#1027083	REDUCE cov: 188 ft: 920 corp: 255/132Kb lim: 4869 exec/s: 23885 rss: 419Mb L: 35/4231 MS: 1 EraseBytes-
#1028199	REDUCE cov: 188 ft: 920 corp: 255/132Kb lim: 4869 exec/s: 23911 rss: 419Mb L: 253/4231 MS: 1 EraseBytes-
#1028474	REDUCE cov: 188 ft: 920 corp: 255/132Kb lim: 4869 exec/s: 23918 rss: 419Mb L: 1967/4231 MS: 5 CMP-ShuffleBytes-ShuffleBytes-ShuffleBytes-EraseBytes- DE: "\377\377\377\322"-
#1029740	REDUCE cov: 188 ft: 920 corp: 255/132Kb lim: 4869 exec/s: 23947 rss: 419Mb L: 77/4231 MS: 1 EraseBytes-
#1030271	REDUCE cov: 188 ft: 920 corp: 255/132Kb lim: 4869 exec/s: 23959 rss: 419Mb L: 32/4231 MS: 1 EraseBytes-
#1031034	REDUCE cov: 188 ft: 920 corp: 255/132Kb lim: 4869 exec/s: 23977 rss: 419Mb L: 105/4231 MS: 3 ChangeBit-ChangeBinInt-EraseBytes-
#1034048	REDUCE cov: 188 ft: 920 corp: 255/132Kb lim: 4869 exec/s: 24047 rss: 419Mb L: 70/4231 MS: 4 ShuffleBytes-InsertByte-ChangeByte-EraseBytes-
#1035324	REDUCE cov: 188 ft: 920 corp: 255/132Kb lim: 4869 exec/s: 24077 rss: 419Mb L: 51/4231 MS: 1 EraseBytes-
#1037400	REDUCE cov: 188 ft: 920 corp: 255/132Kb lim: 4869 exec/s: 24125 rss: 419Mb L: 911/4231 MS: 1 EraseBytes-
#1038367	REDUCE cov: 188 ft: 920 corp: 255/132Kb lim: 4869 exec/s: 24148 rss: 419Mb L: 45/4231 MS: 2 ShuffleBytes-EraseBytes-
#1038808	REDUCE cov: 188 ft: 920 corp: 255/132Kb lim: 4869 exec/s: 24158 rss: 419Mb L: 68/4231 MS: 1 EraseBytes-
#1041755	REDUCE cov: 188 ft: 920 corp: 255/132Kb lim: 4869 exec/s: 23676 rss: 419Mb L: 4137/4163 MS: 2 InsertByte-EraseBytes-
#1041978	REDUCE cov: 188 ft: 920 corp: 255/132Kb lim: 4869 exec/s: 23681 rss: 419Mb L: 48/4163 MS: 3 PersAutoDict-ChangeByte-EraseBytes- DE: "[\003\000\000\000\000\000\000"-
#1042047	REDUCE cov: 188 ft: 920 corp: 255/131Kb lim: 4869 exec/s: 23682 rss: 419Mb L: 894/4163 MS: 4 InsertRepeatedBytes-ChangeByte-EraseBytes-ChangeBinInt-
#1044288	REDUCE cov: 188 ft: 920 corp: 255/131Kb lim: 4869 exec/s: 23733 rss: 419Mb L: 57/4163 MS: 1 EraseBytes-
#1044739	REDUCE cov: 188 ft: 920 corp: 255/131Kb lim: 4869 exec/s: 23744 rss: 419Mb L: 124/4163 MS: 1 EraseBytes-
#1044886	REDUCE cov: 188 ft: 920 corp: 255/131Kb lim: 4869 exec/s: 23747 rss: 419Mb L: 134/4163 MS: 2 PersAutoDict-EraseBytes- DE: "\000\000n9\323\356\332\245"-
#1044947	REDUCE cov: 188 ft: 920 corp: 255/131Kb lim: 4869 exec/s: 23748 rss: 419Mb L: 46/4163 MS: 1 EraseBytes-
#1045029	REDUCE cov: 188 ft: 920 corp: 255/131Kb lim: 4869 exec/s: 23750 rss: 419Mb L: 64/4163 MS: 2 ChangeASCIIInt-EraseBytes-
#1045364	REDUCE cov: 188 ft: 920 corp: 255/131Kb lim: 4869 exec/s: 23758 rss: 419Mb L: 79/4163 MS: 5 ChangeBit-PersAutoDict-ChangeBinInt-ChangeByte-EraseBytes- DE: "\000\000n9\323\356\332\245"-
#1045555	REDUCE cov: 188 ft: 920 corp: 255/131Kb lim: 4869 exec/s: 23762 rss: 419Mb L: 146/4163 MS: 1 EraseBytes-
#1046287	REDUCE cov: 188 ft: 920 corp: 255/131Kb lim: 4869 exec/s: 23779 rss: 419Mb L: 960/4163 MS: 2 CMP-EraseBytes- DE: "\000\000\000\000\000\000\000\000"-
#1046293	REDUCE cov: 188 ft: 920 corp: 255/131Kb lim: 4869 exec/s: 23779 rss: 419Mb L: 112/4163 MS: 1 EraseBytes-
#1046934	REDUCE cov: 188 ft: 920 corp: 255/131Kb lim: 4869 exec/s: 23793 rss: 419Mb L: 106/4163 MS: 1 EraseBytes-
#1047491	REDUCE cov: 188 ft: 920 corp: 255/131Kb lim: 4869 exec/s: 23806 rss: 419Mb L: 41/4163 MS: 2 InsertByte-EraseBytes-
#1047693	REDUCE cov: 188 ft: 920 corp: 255/131Kb lim: 4869 exec/s: 23811 rss: 419Mb L: 47/4163 MS: 2 CopyPart-EraseBytes-
#1048465	REDUCE cov: 188 ft: 920 corp: 255/131Kb lim: 4869 exec/s: 23828 rss: 419Mb L: 44/4163 MS: 2 InsertByte-EraseBytes-
#1048576	pulse  cov: 188 ft: 920 corp: 255/131Kb lim: 4869 exec/s: 23831 rss: 419Mb
#1049391	REDUCE cov: 188 ft: 920 corp: 255/131Kb lim: 4869 exec/s: 23849 rss: 419Mb L: 251/4163 MS: 1 EraseBytes-
#1049513	REDUCE cov: 188 ft: 920 corp: 255/131Kb lim: 4869 exec/s: 23852 rss: 419Mb L: 4081/4163 MS: 2 ChangeBit-EraseBytes-
#1050932	REDUCE cov: 188 ft: 920 corp: 255/131Kb lim: 4869 exec/s: 23884 rss: 419Mb L: 2788/4163 MS: 4 InsertByte-CMP-CopyPart-EraseBytes- DE: "\001\000n\271\324\336kw"-
#1051423	REDUCE cov: 188 ft: 920 corp: 255/131Kb lim: 4869 exec/s: 23895 rss: 419Mb L: 79/4163 MS: 1 EraseBytes-
#1051554	REDUCE cov: 188 ft: 920 corp: 255/131Kb lim: 4869 exec/s: 23898 rss: 419Mb L: 109/4163 MS: 1 EraseBytes-
#1052126	REDUCE cov: 188 ft: 920 corp: 255/131Kb lim: 4869 exec/s: 23911 rss: 419Mb L: 47/4163 MS: 2 ChangeASCIIInt-EraseBytes-
#1054232	REDUCE cov: 188 ft: 920 corp: 255/131Kb lim: 4869 exec/s: 23959 rss: 419Mb L: 1582/4163 MS: 1 EraseBytes-
#1055274	REDUCE cov: 188 ft: 920 corp: 255/131Kb lim: 4869 exec/s: 23983 rss: 419Mb L: 52/4163 MS: 2 ChangeASCIIInt-EraseBytes-
#1057930	REDUCE cov: 188 ft: 920 corp: 255/131Kb lim: 4869 exec/s: 24043 rss: 419Mb L: 2079/4163 MS: 1 EraseBytes-
#1057931	REDUCE cov: 188 ft: 920 corp: 255/131Kb lim: 4869 exec/s: 24043 rss: 419Mb L: 123/4163 MS: 1 EraseBytes-
#1059032	REDUCE cov: 188 ft: 920 corp: 255/131Kb lim: 4869 exec/s: 24068 rss: 419Mb L: 66/4163 MS: 1 EraseBytes-
#1059033	REDUCE cov: 188 ft: 920 corp: 255/131Kb lim: 4869 exec/s: 24068 rss: 419Mb L: 107/4163 MS: 1 EraseBytes-
#1060350	REDUCE cov: 188 ft: 920 corp: 255/131Kb lim: 4869 exec/s: 24098 rss: 419Mb L: 92/4163 MS: 2 ChangeASCIIInt-EraseBytes-
#1062252	REDUCE cov: 188 ft: 920 corp: 255/131Kb lim: 4869 exec/s: 24142 rss: 419Mb L: 56/4163 MS: 2 CMP-EraseBytes- DE: "\011\000"-
#1063463	REDUCE cov: 188 ft: 920 corp: 255/131Kb lim: 4869 exec/s: 24169 rss: 419Mb L: 42/4163 MS: 1 EraseBytes-
#1064495	REDUCE cov: 188 ft: 920 corp: 255/131Kb lim: 4869 exec/s: 23655 rss: 419Mb L: 238/4163 MS: 2 CopyPart-EraseBytes-
#1064692	REDUCE cov: 188 ft: 920 corp: 255/131Kb lim: 4869 exec/s: 23659 rss: 419Mb L: 2356/4163 MS: 2 CMP-EraseBytes- DE: ":18},{"-
#1065136	REDUCE cov: 188 ft: 920 corp: 255/131Kb lim: 4869 exec/s: 23669 rss: 419Mb L: 1813/4163 MS: 4 ChangeBit-ChangeBit-ShuffleBytes-EraseBytes-
#1067993	REDUCE cov: 188 ft: 920 corp: 255/131Kb lim: 4869 exec/s: 23733 rss: 419Mb L: 1412/4163 MS: 2 EraseBytes-CopyPart-
#1069382	REDUCE cov: 188 ft: 920 corp: 255/131Kb lim: 4869 exec/s: 23764 rss: 419Mb L: 36/4163 MS: 4 ShuffleBytes-PersAutoDict-ChangeBinInt-EraseBytes- DE: "sz"-
#1069555	REDUCE cov: 188 ft: 920 corp: 255/131Kb lim: 4869 exec/s: 23767 rss: 419Mb L: 505/4163 MS: 3 ChangeBinInt-ChangeASCIIInt-EraseBytes-
#1074079	REDUCE cov: 188 ft: 920 corp: 255/131Kb lim: 4869 exec/s: 23868 rss: 419Mb L: 55/4163 MS: 4 InsertByte-CopyPart-EraseBytes-EraseBytes-
#1074566	REDUCE cov: 188 ft: 920 corp: 255/131Kb lim: 4869 exec/s: 23879 rss: 419Mb L: 100/4163 MS: 2 ShuffleBytes-EraseBytes-
#1074692	REDUCE cov: 188 ft: 920 corp: 255/131Kb lim: 4869 exec/s: 23882 rss: 419Mb L: 124/4163 MS: 1 EraseBytes-
#1075393	REDUCE cov: 188 ft: 920 corp: 255/131Kb lim: 4869 exec/s: 23897 rss: 419Mb L: 63/4163 MS: 1 EraseBytes-
#1075714	REDUCE cov: 188 ft: 920 corp: 255/131Kb lim: 4869 exec/s: 23904 rss: 419Mb L: 131/4163 MS: 1 EraseBytes-
#1075960	REDUCE cov: 188 ft: 920 corp: 255/131Kb lim: 4869 exec/s: 23910 rss: 419Mb L: 39/4163 MS: 1 EraseBytes-
#1076556	REDUCE cov: 188 ft: 920 corp: 255/131Kb lim: 4869 exec/s: 23923 rss: 419Mb L: 63/4163 MS: 1 EraseBytes-
#1076792	REDUCE cov: 188 ft: 920 corp: 255/131Kb lim: 4869 exec/s: 23928 rss: 419Mb L: 133/4163 MS: 1 EraseBytes-
#1076823	REDUCE cov: 188 ft: 920 corp: 255/131Kb lim: 4869 exec/s: 23929 rss: 419Mb L: 27/4163 MS: 1 EraseBytes-
#1076859	REDUCE cov: 188 ft: 920 corp: 255/131Kb lim: 4869 exec/s: 23930 rss: 419Mb L: 14/4163 MS: 1 EraseBytes-
#1078620	REDUCE cov: 188 ft: 920 corp: 255/131Kb lim: 4869 exec/s: 23969 rss: 419Mb L: 252/4163 MS: 1 EraseBytes-
#1078836	REDUCE cov: 188 ft: 920 corp: 255/131Kb lim: 4869 exec/s: 23974 rss: 419Mb L: 115/4163 MS: 1 EraseBytes-
#1079017	REDUCE cov: 188 ft: 920 corp: 255/131Kb lim: 4869 exec/s: 23978 rss: 419Mb L: 88/4163 MS: 1 EraseBytes-
#1080329	REDUCE cov: 188 ft: 920 corp: 255/131Kb lim: 4869 exec/s: 24007 rss: 419Mb L: 135/4163 MS: 2 CrossOver-EraseBytes-
#1081970	REDUCE cov: 188 ft: 920 corp: 255/131Kb lim: 4869 exec/s: 24043 rss: 419Mb L: 14/4163 MS: 1 EraseBytes-
#1082231	REDUCE cov: 188 ft: 920 corp: 255/131Kb lim: 4869 exec/s: 24049 rss: 419Mb L: 14/4163 MS: 1 EraseBytes-
#1082398	REDUCE cov: 188 ft: 920 corp: 255/131Kb lim: 4869 exec/s: 24053 rss: 419Mb L: 91/4163 MS: 2 InsertByte-EraseBytes-
#1082954	REDUCE cov: 188 ft: 920 corp: 255/131Kb lim: 4869 exec/s: 24065 rss: 419Mb L: 74/4163 MS: 1 EraseBytes-
#1084595	REDUCE cov: 188 ft: 920 corp: 255/131Kb lim: 4869 exec/s: 24102 rss: 419Mb L: 88/4163 MS: 1 EraseBytes-
#1086001	REDUCE cov: 188 ft: 920 corp: 255/131Kb lim: 4869 exec/s: 24133 rss: 419Mb L: 67/4163 MS: 1 EraseBytes-
#1086953	REDUCE cov: 188 ft: 920 corp: 255/131Kb lim: 4869 exec/s: 24154 rss: 419Mb L: 57/4163 MS: 2 ShuffleBytes-EraseBytes-
#1087854	REDUCE cov: 188 ft: 920 corp: 255/131Kb lim: 4869 exec/s: 24174 rss: 419Mb L: 73/4163 MS: 1 EraseBytes-
#1088069	REDUCE cov: 188 ft: 920 corp: 255/131Kb lim: 4869 exec/s: 24179 rss: 419Mb L: 54/4163 MS: 5 CrossOver-PersAutoDict-ChangeBinInt-InsertByte-EraseBytes- DE: "ETvH"-
#1088470	REDUCE cov: 188 ft: 920 corp: 255/131Kb lim: 4869 exec/s: 24188 rss: 419Mb L: 136/4163 MS: 1 EraseBytes-
#1089588	REDUCE cov: 188 ft: 920 corp: 255/131Kb lim: 4869 exec/s: 24213 rss: 419Mb L: 2030/4163 MS: 3 ChangeByte-ChangeBinInt-EraseBytes-
#1090032	REDUCE cov: 188 ft: 920 corp: 255/131Kb lim: 4869 exec/s: 24222 rss: 419Mb L: 2162/4163 MS: 4 EraseBytes-InsertRepeatedBytes-CopyPart-InsertByte-
#1090188	REDUCE cov: 188 ft: 920 corp: 255/131Kb lim: 4869 exec/s: 23699 rss: 419Mb L: 129/4163 MS: 1 EraseBytes-
#1090309	REDUCE cov: 188 ft: 920 corp: 255/131Kb lim: 4869 exec/s: 23702 rss: 419Mb L: 57/4163 MS: 1 EraseBytes-
#1090751	REDUCE cov: 188 ft: 920 corp: 255/131Kb lim: 4869 exec/s: 23711 rss: 419Mb L: 50/4163 MS: 2 InsertByte-EraseBytes-
#1092797	REDUCE cov: 188 ft: 920 corp: 255/131Kb lim: 4869 exec/s: 23756 rss: 419Mb L: 143/4163 MS: 1 EraseBytes-
#1092883	REDUCE cov: 188 ft: 920 corp: 255/131Kb lim: 4869 exec/s: 23758 rss: 419Mb L: 82/4163 MS: 1 EraseBytes-
#1092934	REDUCE cov: 188 ft: 920 corp: 255/131Kb lim: 4869 exec/s: 23759 rss: 419Mb L: 78/4163 MS: 1 EraseBytes-
#1095950	REDUCE cov: 188 ft: 920 corp: 255/131Kb lim: 4869 exec/s: 23825 rss: 419Mb L: 140/4163 MS: 1 EraseBytes-
#1096288	REDUCE cov: 188 ft: 920 corp: 255/131Kb lim: 4869 exec/s: 23832 rss: 419Mb L: 64/4163 MS: 3 InsertByte-InsertByte-EraseBytes-
#1096425	REDUCE cov: 188 ft: 920 corp: 255/131Kb lim: 4869 exec/s: 23835 rss: 419Mb L: 46/4163 MS: 2 InsertByte-EraseBytes-
#1098034	REDUCE cov: 188 ft: 920 corp: 255/131Kb lim: 4869 exec/s: 23870 rss: 419Mb L: 127/4163 MS: 4 ShuffleBytes-ChangeBit-ChangeASCIIInt-EraseBytes-
#1098146	REDUCE cov: 188 ft: 920 corp: 255/130Kb lim: 4869 exec/s: 23872 rss: 419Mb L: 1933/4163 MS: 2 PersAutoDict-EraseBytes- DE: "\234\206\003\323\271n\000\000"-
#1100545	REDUCE cov: 188 ft: 920 corp: 255/130Kb lim: 4869 exec/s: 23924 rss: 419Mb L: 134/4163 MS: 4 InsertByte-ChangeBit-ChangeASCIIInt-EraseBytes-
#1102842	REDUCE cov: 188 ft: 920 corp: 255/130Kb lim: 4869 exec/s: 23974 rss: 419Mb L: 53/4163 MS: 2 CMP-EraseBytes- DE: "\2101,{"-
#1104287	REDUCE cov: 188 ft: 920 corp: 255/130Kb lim: 4869 exec/s: 24006 rss: 419Mb L: 132/4163 MS: 5 ShuffleBytes-ChangeBit-ChangeASCIIInt-CrossOver-EraseBytes-
#1104533	REDUCE cov: 188 ft: 920 corp: 255/130Kb lim: 4869 exec/s: 24011 rss: 419Mb L: 89/4163 MS: 1 EraseBytes-
#1105180	REDUCE cov: 188 ft: 920 corp: 255/130Kb lim: 4869 exec/s: 24025 rss: 419Mb L: 2776/4163 MS: 2 ShuffleBytes-EraseBytes-
#1105226	REDUCE cov: 188 ft: 920 corp: 255/130Kb lim: 4869 exec/s: 24026 rss: 419Mb L: 106/4163 MS: 1 EraseBytes-
#1106366	REDUCE cov: 188 ft: 920 corp: 255/130Kb lim: 4869 exec/s: 24051 rss: 419Mb L: 1798/4163 MS: 5 InsertByte-CopyPart-InsertRepeatedBytes-ChangeASCIIInt-EraseBytes-
#1107822	REDUCE cov: 188 ft: 920 corp: 255/130Kb lim: 4869 exec/s: 24083 rss: 419Mb L: 55/4163 MS: 1 EraseBytes-
#1108193	REDUCE cov: 188 ft: 920 corp: 255/130Kb lim: 4869 exec/s: 24091 rss: 419Mb L: 102/4163 MS: 1 CrossOver-
#1108306	REDUCE cov: 188 ft: 920 corp: 255/130Kb lim: 4869 exec/s: 24093 rss: 419Mb L: 93/4163 MS: 3 ChangeBinInt-CopyPart-EraseBytes-
#1108878	REDUCE cov: 188 ft: 920 corp: 255/130Kb lim: 4869 exec/s: 24106 rss: 419Mb L: 103/4163 MS: 2 ChangeBit-EraseBytes-
#1109649	REDUCE cov: 188 ft: 920 corp: 255/130Kb lim: 4869 exec/s: 24122 rss: 419Mb L: 4044/4163 MS: 1 EraseBytes-
#1110080	REDUCE cov: 188 ft: 920 corp: 255/130Kb lim: 4869 exec/s: 24132 rss: 419Mb L: 127/4163 MS: 1 EraseBytes-
#1111396	REDUCE cov: 188 ft: 920 corp: 255/130Kb lim: 4869 exec/s: 24160 rss: 419Mb L: 132/4163 MS: 1 EraseBytes-
#1113507	REDUCE cov: 188 ft: 920 corp: 255/130Kb lim: 4869 exec/s: 24206 rss: 419Mb L: 218/4163 MS: 1 EraseBytes-
#1114299	REDUCE cov: 188 ft: 920 corp: 255/130Kb lim: 4869 exec/s: 24223 rss: 419Mb L: 42/4163 MS: 2 ChangeByte-EraseBytes-
#1114435	REDUCE cov: 188 ft: 920 corp: 255/130Kb lim: 4869 exec/s: 24226 rss: 419Mb L: 85/4163 MS: 1 EraseBytes-
#1115406	REDUCE cov: 188 ft: 920 corp: 255/130Kb lim: 4869 exec/s: 23732 rss: 419Mb L: 132/4163 MS: 1 EraseBytes-
#1116329	REDUCE cov: 188 ft: 920 corp: 255/130Kb lim: 4869 exec/s: 23751 rss: 419Mb L: 112/4163 MS: 3 ShuffleBytes-ChangeASCIIInt-EraseBytes-
#1117205	REDUCE cov: 188 ft: 920 corp: 255/130Kb lim: 4869 exec/s: 23770 rss: 419Mb L: 64/4163 MS: 1 EraseBytes-
#1118907	REDUCE cov: 188 ft: 920 corp: 255/130Kb lim: 4869 exec/s: 23806 rss: 419Mb L: 37/4163 MS: 2 ChangeBinInt-EraseBytes-
#1120683	REDUCE cov: 188 ft: 920 corp: 255/130Kb lim: 4869 exec/s: 23844 rss: 419Mb L: 168/4163 MS: 1 EraseBytes-
#1120894	REDUCE cov: 188 ft: 920 corp: 255/130Kb lim: 4869 exec/s: 23848 rss: 419Mb L: 119/4163 MS: 1 EraseBytes-
#1121471	REDUCE cov: 188 ft: 920 corp: 255/130Kb lim: 4869 exec/s: 23861 rss: 419Mb L: 1756/4163 MS: 2 ChangeASCIIInt-EraseBytes-
#1122309	REDUCE cov: 188 ft: 920 corp: 255/130Kb lim: 4869 exec/s: 23878 rss: 419Mb L: 43/4163 MS: 3 InsertByte-ChangeASCIIInt-EraseBytes-
#1123785	REDUCE cov: 188 ft: 920 corp: 255/130Kb lim: 4869 exec/s: 23910 rss: 419Mb L: 29/4163 MS: 1 EraseBytes-
#1123940	REDUCE cov: 188 ft: 920 corp: 255/130Kb lim: 4869 exec/s: 23913 rss: 419Mb L: 53/4163 MS: 5 EraseBytes-ChangeBinInt-ChangeASCIIInt-InsertByte-CrossOver-
#1125006	REDUCE cov: 188 ft: 920 corp: 255/130Kb lim: 4869 exec/s: 23936 rss: 419Mb L: 26/4163 MS: 1 EraseBytes-
#1125542	REDUCE cov: 188 ft: 920 corp: 255/130Kb lim: 4869 exec/s: 23947 rss: 419Mb L: 34/4163 MS: 1 EraseBytes-
#1125638	REDUCE cov: 188 ft: 920 corp: 255/130Kb lim: 4869 exec/s: 23949 rss: 419Mb L: 89/4163 MS: 1 EraseBytes-
#1127899	REDUCE cov: 188 ft: 920 corp: 255/130Kb lim: 4869 exec/s: 23997 rss: 419Mb L: 36/4163 MS: 1 EraseBytes-
#1128165	REDUCE cov: 188 ft: 920 corp: 255/130Kb lim: 4869 exec/s: 24003 rss: 419Mb L: 113/4163 MS: 1 EraseBytes-
#1128871	REDUCE cov: 188 ft: 920 corp: 255/130Kb lim: 4869 exec/s: 24018 rss: 419Mb L: 183/4163 MS: 1 EraseBytes-
#1128912	REDUCE cov: 188 ft: 920 corp: 255/130Kb lim: 4869 exec/s: 24019 rss: 419Mb L: 39/4163 MS: 1 EraseBytes-
#1129500	REDUCE cov: 188 ft: 920 corp: 255/130Kb lim: 4869 exec/s: 24031 rss: 419Mb L: 1756/4163 MS: 3 ChangeBit-ChangeByte-EraseBytes-
#1131021	REDUCE cov: 188 ft: 920 corp: 255/130Kb lim: 4869 exec/s: 24064 rss: 419Mb L: 63/4163 MS: 1 EraseBytes-
#1133202	REDUCE cov: 188 ft: 920 corp: 255/130Kb lim: 4869 exec/s: 24110 rss: 419Mb L: 237/4163 MS: 1 EraseBytes-
#1133407	REDUCE cov: 188 ft: 920 corp: 255/130Kb lim: 4869 exec/s: 24115 rss: 419Mb L: 1745/4163 MS: 5 ChangeASCIIInt-ChangeBinInt-ChangeBit-PersAutoDict-EraseBytes- DE: "\376\377\377\310"-
#1135888	REDUCE cov: 188 ft: 920 corp: 255/130Kb lim: 4869 exec/s: 24167 rss: 419Mb L: 85/4163 MS: 1 EraseBytes-
#1136363	REDUCE cov: 188 ft: 920 corp: 255/130Kb lim: 4869 exec/s: 24177 rss: 419Mb L: 379/4163 MS: 5 InsertByte-ChangeBit-PersAutoDict-ShuffleBytes-EraseBytes- DE: "\001\000\000\000\000\000\000\000"-
#1136674	REDUCE cov: 188 ft: 920 corp: 255/130Kb lim: 4869 exec/s: 24184 rss: 419Mb L: 58/4163 MS: 1 EraseBytes-
#1136837	REDUCE cov: 188 ft: 920 corp: 255/130Kb lim: 4869 exec/s: 24188 rss: 419Mb L: 85/4163 MS: 3 CMP-CrossOver-EraseBytes- DE: "\305\377\377\377"-
#1137223	REDUCE cov: 188 ft: 920 corp: 255/130Kb lim: 4869 exec/s: 24196 rss: 419Mb L: 52/4163 MS: 1 EraseBytes-
#1138809	REDUCE cov: 188 ft: 920 corp: 255/130Kb lim: 4869 exec/s: 24229 rss: 419Mb L: 88/4163 MS: 1 EraseBytes-
#1139215	REDUCE cov: 188 ft: 920 corp: 255/130Kb lim: 4869 exec/s: 23733 rss: 419Mb L: 73/4163 MS: 1 EraseBytes-
#1139981	REDUCE cov: 188 ft: 920 corp: 255/130Kb lim: 4869 exec/s: 23749 rss: 419Mb L: 278/4163 MS: 1 EraseBytes-
#1140187	REDUCE cov: 188 ft: 920 corp: 255/130Kb lim: 4869 exec/s: 23753 rss: 419Mb L: 16/4163 MS: 1 EraseBytes-
#1142535	REDUCE cov: 188 ft: 920 corp: 255/130Kb lim: 4869 exec/s: 23802 rss: 419Mb L: 72/4163 MS: 3 CopyPart-ChangeASCIIInt-EraseBytes-
#1143126	REDUCE cov: 188 ft: 920 corp: 255/130Kb lim: 4869 exec/s: 23815 rss: 419Mb L: 110/4163 MS: 1 EraseBytes-
#1143453	REDUCE cov: 188 ft: 920 corp: 255/130Kb lim: 4869 exec/s: 23821 rss: 419Mb L: 277/4163 MS: 2 InsertByte-EraseBytes-
#1144769	REDUCE cov: 188 ft: 920 corp: 255/130Kb lim: 4869 exec/s: 23849 rss: 419Mb L: 45/4163 MS: 1 EraseBytes-
#1145445	REDUCE cov: 188 ft: 920 corp: 255/130Kb lim: 4869 exec/s: 23863 rss: 419Mb L: 44/4163 MS: 1 EraseBytes-
#1145606	REDUCE cov: 188 ft: 920 corp: 255/130Kb lim: 4869 exec/s: 23866 rss: 419Mb L: 93/4163 MS: 1 EraseBytes-
#1146892	REDUCE cov: 188 ft: 920 corp: 255/130Kb lim: 4869 exec/s: 23893 rss: 419Mb L: 34/4163 MS: 1 EraseBytes-
#1149822	REDUCE cov: 188 ft: 920 corp: 255/129Kb lim: 4869 exec/s: 23954 rss: 419Mb L: 772/4163 MS: 5 InsertByte-EraseBytes-ChangeBit-ChangeASCIIInt-EraseBytes-
#1149998	REDUCE cov: 188 ft: 920 corp: 255/129Kb lim: 4869 exec/s: 23958 rss: 419Mb L: 115/4163 MS: 1 EraseBytes-
#1150204	REDUCE cov: 188 ft: 920 corp: 255/129Kb lim: 4869 exec/s: 23962 rss: 419Mb L: 66/4163 MS: 1 EraseBytes-
#1150795	REDUCE cov: 188 ft: 920 corp: 255/129Kb lim: 4869 exec/s: 23974 rss: 419Mb L: 118/4163 MS: 1 EraseBytes-
#1150949	REDUCE cov: 188 ft: 920 corp: 255/129Kb lim: 4869 exec/s: 23978 rss: 419Mb L: 910/4163 MS: 4 ChangeBit-CMP-ChangeByte-EraseBytes- DE: "\377\377\377\377"-
#1150970	REDUCE cov: 188 ft: 920 corp: 255/129Kb lim: 4869 exec/s: 23978 rss: 419Mb L: 43/4163 MS: 1 EraseBytes-
#1151520	REDUCE cov: 188 ft: 921 corp: 256/131Kb lim: 4869 exec/s: 23990 rss: 419Mb L: 1681/4163 MS: 5 InsertRepeatedBytes-CMP-CopyPart-CopyPart-CopyPart- DE: "\376\377\377\375"-
#1151747	REDUCE cov: 188 ft: 921 corp: 256/131Kb lim: 4869 exec/s: 23994 rss: 419Mb L: 1552/4163 MS: 2 CMP-EraseBytes- DE: "\306\377\377\377"-
#1151934	REDUCE cov: 188 ft: 921 corp: 256/131Kb lim: 4869 exec/s: 23998 rss: 419Mb L: 1803/4163 MS: 2 InsertByte-EraseBytes-
#1152364	REDUCE cov: 188 ft: 921 corp: 256/131Kb lim: 4869 exec/s: 24007 rss: 419Mb L: 1547/4163 MS: 5 ChangeByte-PersAutoDict-PersAutoDict-ChangeBinInt-EraseBytes- DE: "\022\000\000\000"-"W\032\004\323\251m\000\000"-
#1152855	REDUCE cov: 188 ft: 921 corp: 256/131Kb lim: 4869 exec/s: 24017 rss: 419Mb L: 31/4163 MS: 1 EraseBytes-
#1154566	REDUCE cov: 188 ft: 921 corp: 256/131Kb lim: 4869 exec/s: 24053 rss: 419Mb L: 150/4163 MS: 1 EraseBytes-
#1155587	REDUCE cov: 188 ft: 921 corp: 256/131Kb lim: 4869 exec/s: 24074 rss: 419Mb L: 101/4163 MS: 1 EraseBytes-
#1156163	REDUCE cov: 188 ft: 921 corp: 256/131Kb lim: 4869 exec/s: 24086 rss: 419Mb L: 78/4163 MS: 1 EraseBytes-
#1156330	REDUCE cov: 188 ft: 921 corp: 256/131Kb lim: 4869 exec/s: 24090 rss: 419Mb L: 1448/4163 MS: 2 CMP-EraseBytes- DE: "\034\353\020\323\011m\000\000"-
#1156582	REDUCE cov: 188 ft: 921 corp: 256/130Kb lim: 4869 exec/s: 24095 rss: 419Mb L: 1689/4163 MS: 2 PersAutoDict-EraseBytes- DE: "\004\000\000\000"-
#1158468	REDUCE cov: 188 ft: 921 corp: 256/130Kb lim: 4869 exec/s: 24134 rss: 419Mb L: 41/4163 MS: 1 EraseBytes-
#1158711	REDUCE cov: 188 ft: 921 corp: 256/130Kb lim: 4869 exec/s: 24139 rss: 419Mb L: 1281/4163 MS: 3 CrossOver-ChangeBinInt-EraseBytes-
#1159082	REDUCE cov: 188 ft: 921 corp: 256/130Kb lim: 4869 exec/s: 24147 rss: 419Mb L: 1227/4163 MS: 1 EraseBytes-
#1159096	REDUCE cov: 188 ft: 921 corp: 256/130Kb lim: 4869 exec/s: 24147 rss: 419Mb L: 1134/4163 MS: 4 ChangeBit-ChangeBinInt-ChangeBit-EraseBytes-
#1159904	REDUCE cov: 188 ft: 921 corp: 256/130Kb lim: 4869 exec/s: 24164 rss: 419Mb L: 122/4163 MS: 3 ChangeByte-InsertRepeatedBytes-EraseBytes-
#1160426	REDUCE cov: 188 ft: 921 corp: 256/130Kb lim: 4869 exec/s: 24175 rss: 419Mb L: 40/4163 MS: 2 ChangeASCIIInt-EraseBytes-
#1161264	REDUCE cov: 188 ft: 921 corp: 256/130Kb lim: 4869 exec/s: 24193 rss: 419Mb L: 1076/4163 MS: 3 ChangeBinInt-InsertByte-EraseBytes-
#1161385	REDUCE cov: 188 ft: 921 corp: 256/130Kb lim: 4869 exec/s: 24195 rss: 419Mb L: 1914/4163 MS: 1 EraseBytes-
#1163266	REDUCE cov: 188 ft: 921 corp: 256/130Kb lim: 4869 exec/s: 24234 rss: 419Mb L: 147/4163 MS: 1 EraseBytes-
#1163657	REDUCE cov: 188 ft: 921 corp: 256/130Kb lim: 4869 exec/s: 23748 rss: 419Mb L: 30/4163 MS: 1 EraseBytes-
#1166124	REDUCE cov: 188 ft: 921 corp: 256/130Kb lim: 4869 exec/s: 23798 rss: 419Mb L: 124/4163 MS: 2 CMP-EraseBytes- DE: "\000\000\000\000\000\000\000\000"-
#1169020	REDUCE cov: 188 ft: 921 corp: 256/130Kb lim: 4869 exec/s: 23857 rss: 419Mb L: 1169/4163 MS: 1 EraseBytes-
#1170506	REDUCE cov: 188 ft: 921 corp: 256/130Kb lim: 4869 exec/s: 23887 rss: 419Mb L: 238/4163 MS: 1 EraseBytes-
#1170669	REDUCE cov: 188 ft: 921 corp: 256/130Kb lim: 4869 exec/s: 23891 rss: 419Mb L: 54/4163 MS: 3 PersAutoDict-ChangeBit-EraseBytes- DE: "\377\377\377\377\377\377\377o"-
#1172036	REDUCE cov: 188 ft: 921 corp: 256/130Kb lim: 4869 exec/s: 23919 rss: 419Mb L: 110/4163 MS: 2 ChangeBit-EraseBytes-
#1173668	REDUCE cov: 188 ft: 921 corp: 256/130Kb lim: 4869 exec/s: 23952 rss: 419Mb L: 340/4163 MS: 2 ChangeASCIIInt-EraseBytes-
#1174315	REDUCE cov: 188 ft: 921 corp: 256/130Kb lim: 4869 exec/s: 23965 rss: 419Mb L: 118/4163 MS: 2 ChangeASCIIInt-EraseBytes-
#1175386	REDUCE cov: 188 ft: 921 corp: 256/130Kb lim: 4869 exec/s: 23987 rss: 419Mb L: 49/4163 MS: 1 EraseBytes-
#1175407	REDUCE cov: 188 ft: 921 corp: 256/130Kb lim: 4869 exec/s: 23987 rss: 419Mb L: 2151/4163 MS: 1 EraseBytes-
#1177803	REDUCE cov: 188 ft: 921 corp: 256/129Kb lim: 4869 exec/s: 24036 rss: 419Mb L: 527/4163 MS: 1 EraseBytes-
#1179299	REDUCE cov: 188 ft: 921 corp: 256/129Kb lim: 4869 exec/s: 24067 rss: 419Mb L: 23/4163 MS: 1 EraseBytes-
#1181455	REDUCE cov: 188 ft: 921 corp: 256/129Kb lim: 4869 exec/s: 24111 rss: 419Mb L: 1029/4163 MS: 1 EraseBytes-
#1182636	REDUCE cov: 188 ft: 921 corp: 256/129Kb lim: 4869 exec/s: 24135 rss: 419Mb L: 124/4163 MS: 1 EraseBytes-
#1183292	REDUCE cov: 188 ft: 921 corp: 256/129Kb lim: 4869 exec/s: 24148 rss: 419Mb L: 49/4163 MS: 1 EraseBytes-
#1185371	REDUCE cov: 188 ft: 921 corp: 256/129Kb lim: 4869 exec/s: 24191 rss: 419Mb L: 47/4163 MS: 4 CopyPart-ChangeASCIIInt-ChangeBinInt-EraseBytes-
#1187628	REDUCE cov: 188 ft: 921 corp: 256/129Kb lim: 4869 exec/s: 24237 rss: 419Mb L: 121/4163 MS: 2 ShuffleBytes-EraseBytes-
#1190120	REDUCE cov: 188 ft: 921 corp: 256/129Kb lim: 4869 exec/s: 24288 rss: 419Mb L: 63/4163 MS: 2 InsertByte-EraseBytes-
#1193708	REDUCE cov: 188 ft: 921 corp: 256/129Kb lim: 4869 exec/s: 23874 rss: 419Mb L: 1476/4163 MS: 3 InsertByte-ShuffleBytes-EraseBytes-
#1193849	REDUCE cov: 188 ft: 921 corp: 256/129Kb lim: 4869 exec/s: 23876 rss: 419Mb L: 42/4163 MS: 1 EraseBytes-
#1194680	REDUCE cov: 188 ft: 921 corp: 256/129Kb lim: 4869 exec/s: 23893 rss: 419Mb L: 44/4163 MS: 1 EraseBytes-
#1194834	REDUCE cov: 188 ft: 921 corp: 256/129Kb lim: 4869 exec/s: 23896 rss: 419Mb L: 1026/4163 MS: 4 CrossOver-ChangeASCIIInt-ChangeASCIIInt-EraseBytes-
#1195235	REDUCE cov: 188 ft: 921 corp: 256/129Kb lim: 4869 exec/s: 23904 rss: 419Mb L: 34/4163 MS: 1 EraseBytes-
#1197836	REDUCE cov: 188 ft: 921 corp: 256/129Kb lim: 4869 exec/s: 23956 rss: 419Mb L: 51/4163 MS: 1 EraseBytes-
#1199082	REDUCE cov: 188 ft: 921 corp: 256/129Kb lim: 4869 exec/s: 23981 rss: 419Mb L: 2244/4163 MS: 1 EraseBytes-
#1199878	REDUCE cov: 188 ft: 921 corp: 256/129Kb lim: 4869 exec/s: 23997 rss: 419Mb L: 4099/4163 MS: 1 EraseBytes-
#1203144	REDUCE cov: 188 ft: 921 corp: 256/129Kb lim: 4869 exec/s: 24062 rss: 419Mb L: 989/4163 MS: 1 EraseBytes-
#1203495	REDUCE cov: 188 ft: 921 corp: 256/129Kb lim: 4869 exec/s: 24069 rss: 419Mb L: 218/4163 MS: 1 EraseBytes-
#1204336	REDUCE cov: 188 ft: 921 corp: 256/129Kb lim: 4869 exec/s: 24086 rss: 419Mb L: 20/4163 MS: 1 EraseBytes-
#1204672	REDUCE cov: 188 ft: 921 corp: 256/129Kb lim: 4869 exec/s: 24093 rss: 419Mb L: 26/4163 MS: 1 EraseBytes-
#1204960	REDUCE cov: 188 ft: 921 corp: 256/129Kb lim: 4869 exec/s: 24099 rss: 419Mb L: 2945/4163 MS: 3 InsertRepeatedBytes-ChangeByte-EraseBytes-
#1205926	REDUCE cov: 188 ft: 921 corp: 256/129Kb lim: 4869 exec/s: 24118 rss: 419Mb L: 98/4163 MS: 1 EraseBytes-
#1207033	REDUCE cov: 188 ft: 921 corp: 256/129Kb lim: 4869 exec/s: 24140 rss: 419Mb L: 11/4163 MS: 2 ShuffleBytes-EraseBytes-
#1208564	REDUCE cov: 188 ft: 921 corp: 256/129Kb lim: 4869 exec/s: 24171 rss: 419Mb L: 46/4163 MS: 1 EraseBytes-
#1208862	REDUCE cov: 188 ft: 921 corp: 256/129Kb lim: 4869 exec/s: 24177 rss: 419Mb L: 96/4163 MS: 3 ChangeByte-CrossOver-EraseBytes-
#1209813	REDUCE cov: 188 ft: 921 corp: 256/129Kb lim: 4869 exec/s: 24196 rss: 419Mb L: 243/4163 MS: 1 EraseBytes-
#1212224	REDUCE cov: 188 ft: 921 corp: 256/129Kb lim: 4869 exec/s: 24244 rss: 419Mb L: 109/4163 MS: 1 EraseBytes-
#1215616	REDUCE cov: 188 ft: 921 corp: 256/129Kb lim: 4869 exec/s: 24312 rss: 419Mb L: 1722/4163 MS: 2 InsertByte-EraseBytes-
#1216254	REDUCE cov: 188 ft: 921 corp: 256/129Kb lim: 4869 exec/s: 24325 rss: 419Mb L: 22/4163 MS: 3 ChangeASCIIInt-ChangeByte-EraseBytes-
#1216462	REDUCE cov: 188 ft: 921 corp: 256/129Kb lim: 4869 exec/s: 24329 rss: 419Mb L: 886/4163 MS: 3 ShuffleBytes-CopyPart-EraseBytes-
#1216724	REDUCE cov: 188 ft: 921 corp: 256/129Kb lim: 4869 exec/s: 24334 rss: 419Mb L: 272/4163 MS: 2 ShuffleBytes-EraseBytes-
#1216810	REDUCE cov: 188 ft: 921 corp: 256/129Kb lim: 4869 exec/s: 24336 rss: 419Mb L: 26/4163 MS: 1 EraseBytes-
#1221421	REDUCE cov: 188 ft: 921 corp: 256/128Kb lim: 4869 exec/s: 24428 rss: 419Mb L: 1683/4163 MS: 1 EraseBytes-
#1224792	REDUCE cov: 188 ft: 921 corp: 256/128Kb lim: 4869 exec/s: 24015 rss: 419Mb L: 23/4163 MS: 1 EraseBytes-
#1224954	REDUCE cov: 188 ft: 921 corp: 256/128Kb lim: 4869 exec/s: 24018 rss: 419Mb L: 42/4163 MS: 2 ShuffleBytes-EraseBytes-
#1226570	REDUCE cov: 188 ft: 921 corp: 256/128Kb lim: 4869 exec/s: 24050 rss: 419Mb L: 104/4163 MS: 1 EraseBytes-
#1229946	REDUCE cov: 188 ft: 921 corp: 256/128Kb lim: 4869 exec/s: 24116 rss: 419Mb L: 121/4163 MS: 1 EraseBytes-
#1230477	REDUCE cov: 188 ft: 921 corp: 256/128Kb lim: 4869 exec/s: 24127 rss: 419Mb L: 41/4163 MS: 1 EraseBytes-
#1232888	REDUCE cov: 188 ft: 921 corp: 256/128Kb lim: 4869 exec/s: 24174 rss: 419Mb L: 3854/4163 MS: 1 EraseBytes-
#1233234	REDUCE cov: 188 ft: 921 corp: 256/128Kb lim: 4869 exec/s: 24181 rss: 419Mb L: 41/4163 MS: 1 EraseBytes-
#1235180	REDUCE cov: 188 ft: 921 corp: 256/128Kb lim: 4869 exec/s: 24219 rss: 419Mb L: 41/4163 MS: 1 EraseBytes-
#1236656	REDUCE cov: 188 ft: 921 corp: 256/128Kb lim: 4869 exec/s: 24248 rss: 419Mb L: 48/4163 MS: 1 EraseBytes-
#1237534	REDUCE cov: 188 ft: 921 corp: 256/128Kb lim: 4869 exec/s: 24265 rss: 419Mb L: 134/4163 MS: 3 CopyPart-ChangeByte-EraseBytes-
#1237760	REDUCE cov: 188 ft: 921 corp: 256/128Kb lim: 4869 exec/s: 24269 rss: 419Mb L: 30/4163 MS: 1 EraseBytes-
#1239526	REDUCE cov: 188 ft: 921 corp: 256/128Kb lim: 4869 exec/s: 24304 rss: 419Mb L: 77/4163 MS: 1 EraseBytes-
#1244839	REDUCE cov: 188 ft: 921 corp: 256/128Kb lim: 4869 exec/s: 24408 rss: 419Mb L: 880/4163 MS: 3 InsertByte-ShuffleBytes-EraseBytes-
#1246255	REDUCE cov: 188 ft: 921 corp: 256/128Kb lim: 4869 exec/s: 24436 rss: 419Mb L: 861/4163 MS: 1 EraseBytes-
#1247081	REDUCE cov: 188 ft: 921 corp: 256/128Kb lim: 4869 exec/s: 24452 rss: 419Mb L: 90/4163 MS: 1 EraseBytes-
#1247498	REDUCE cov: 188 ft: 921 corp: 256/128Kb lim: 4869 exec/s: 24460 rss: 419Mb L: 124/4163 MS: 2 ShuffleBytes-EraseBytes-
#1248109	REDUCE cov: 188 ft: 921 corp: 256/128Kb lim: 4869 exec/s: 24472 rss: 419Mb L: 31/4163 MS: 1 EraseBytes-
#1249305	REDUCE cov: 188 ft: 921 corp: 256/128Kb lim: 4869 exec/s: 24496 rss: 419Mb L: 117/4163 MS: 1 EraseBytes-
#1249587	REDUCE cov: 188 ft: 921 corp: 256/128Kb lim: 4869 exec/s: 24501 rss: 419Mb L: 99/4163 MS: 2 ChangeBit-EraseBytes-
#1250253	REDUCE cov: 188 ft: 921 corp: 256/128Kb lim: 4869 exec/s: 24514 rss: 419Mb L: 99/4163 MS: 1 EraseBytes-
#1256023	REDUCE cov: 188 ft: 921 corp: 256/128Kb lim: 4869 exec/s: 24627 rss: 419Mb L: 73/4163 MS: 5 CrossOver-EraseBytes-ChangeBit-ChangeBinInt-CrossOver-
#1258614	REDUCE cov: 188 ft: 921 corp: 256/128Kb lim: 4869 exec/s: 24204 rss: 419Mb L: 65/4163 MS: 1 EraseBytes-
#1259915	REDUCE cov: 188 ft: 921 corp: 256/128Kb lim: 4869 exec/s: 24229 rss: 419Mb L: 2165/4163 MS: 1 EraseBytes-
#1260951	REDUCE cov: 188 ft: 921 corp: 256/128Kb lim: 4869 exec/s: 24249 rss: 419Mb L: 755/4163 MS: 1 EraseBytes-
#1269224	REDUCE cov: 188 ft: 921 corp: 256/128Kb lim: 4869 exec/s: 24408 rss: 419Mb L: 1653/4163 MS: 3 ChangeBinInt-ChangeASCIIInt-EraseBytes-
#1270634	REDUCE cov: 188 ft: 921 corp: 256/128Kb lim: 4869 exec/s: 24435 rss: 419Mb L: 2147/4163 MS: 5 CMP-ShuffleBytes-ChangeASCIIInt-InsertByte-EraseBytes- DE: "\000\000\000\000\000\000\000\000"-
#1273106	REDUCE cov: 188 ft: 921 corp: 256/128Kb lim: 4869 exec/s: 24482 rss: 419Mb L: 95/4163 MS: 2 ChangeByte-EraseBytes-
#1276052	REDUCE cov: 188 ft: 921 corp: 256/128Kb lim: 4869 exec/s: 24539 rss: 419Mb L: 118/4163 MS: 1 EraseBytes-
#1277414	REDUCE cov: 188 ft: 921 corp: 256/128Kb lim: 4869 exec/s: 24565 rss: 419Mb L: 101/4163 MS: 2 ChangeASCIIInt-EraseBytes-
#1281241	REDUCE cov: 188 ft: 921 corp: 256/128Kb lim: 4869 exec/s: 24639 rss: 419Mb L: 216/4163 MS: 2 InsertByte-EraseBytes-
#1281622	REDUCE cov: 188 ft: 921 corp: 256/128Kb lim: 4869 exec/s: 24646 rss: 419Mb L: 860/4163 MS: 1 EraseBytes-
#1282263	REDUCE cov: 188 ft: 921 corp: 256/128Kb lim: 4869 exec/s: 24658 rss: 419Mb L: 40/4163 MS: 1 EraseBytes-
#1282279	REDUCE cov: 188 ft: 921 corp: 256/128Kb lim: 4869 exec/s: 24659 rss: 419Mb L: 131/4163 MS: 1 EraseBytes-
#1282585	REDUCE cov: 188 ft: 921 corp: 256/128Kb lim: 4869 exec/s: 24665 rss: 419Mb L: 360/4163 MS: 1 EraseBytes-
#1283631	REDUCE cov: 188 ft: 921 corp: 256/128Kb lim: 4869 exec/s: 24685 rss: 419Mb L: 32/4163 MS: 1 EraseBytes-
#1288812	REDUCE cov: 188 ft: 921 corp: 256/128Kb lim: 4869 exec/s: 24317 rss: 419Mb L: 74/4163 MS: 1 EraseBytes-
#1290733	REDUCE cov: 188 ft: 921 corp: 256/128Kb lim: 4869 exec/s: 24353 rss: 419Mb L: 4091/4163 MS: 1 EraseBytes-
#1290806	REDUCE cov: 188 ft: 921 corp: 256/128Kb lim: 4869 exec/s: 24354 rss: 419Mb L: 32/4163 MS: 3 ChangeByte-ShuffleBytes-EraseBytes-
#1294862	REDUCE cov: 188 ft: 921 corp: 256/128Kb lim: 4869 exec/s: 24431 rss: 419Mb L: 31/4163 MS: 1 EraseBytes-
#1299458	REDUCE cov: 188 ft: 921 corp: 256/128Kb lim: 4869 exec/s: 24518 rss: 419Mb L: 1626/4163 MS: 1 EraseBytes-
#1300520	REDUCE cov: 188 ft: 921 corp: 256/128Kb lim: 4869 exec/s: 24538 rss: 419Mb L: 36/4163 MS: 2 EraseBytes-CopyPart-
#1302126	REDUCE cov: 188 ft: 921 corp: 256/128Kb lim: 4869 exec/s: 24568 rss: 419Mb L: 112/4163 MS: 1 EraseBytes-
#1303402	REDUCE cov: 188 ft: 921 corp: 256/128Kb lim: 4869 exec/s: 24592 rss: 419Mb L: 69/4163 MS: 1 EraseBytes-
#1303773	REDUCE cov: 188 ft: 921 corp: 256/128Kb lim: 4869 exec/s: 24599 rss: 419Mb L: 100/4163 MS: 1 EraseBytes-
#1304899	REDUCE cov: 188 ft: 921 corp: 256/128Kb lim: 4869 exec/s: 24620 rss: 419Mb L: 825/4163 MS: 1 EraseBytes-
#1306385	REDUCE cov: 188 ft: 921 corp: 256/128Kb lim: 4869 exec/s: 24648 rss: 419Mb L: 76/4163 MS: 1 EraseBytes-
#1309601	REDUCE cov: 188 ft: 921 corp: 256/128Kb lim: 4869 exec/s: 24251 rss: 419Mb L: 129/4163 MS: 1 EraseBytes-
#1312276	REDUCE cov: 188 ft: 921 corp: 256/128Kb lim: 4869 exec/s: 24301 rss: 419Mb L: 743/4163 MS: 5 ShuffleBytes-EraseBytes-ChangeASCIIInt-ChangeASCIIInt-ChangeBinInt-
#1317205	REDUCE cov: 188 ft: 921 corp: 256/128Kb lim: 4869 exec/s: 24392 rss: 419Mb L: 1425/4163 MS: 4 CMP-EraseBytes-ChangeBit-CrossOver- DE: "\201\010\001\323\311m\000\000"-
#1318237	REDUCE cov: 188 ft: 921 corp: 256/128Kb lim: 4869 exec/s: 24411 rss: 419Mb L: 111/4163 MS: 2 ChangeByte-EraseBytes-
#1323273	REDUCE cov: 188 ft: 921 corp: 256/128Kb lim: 4869 exec/s: 24505 rss: 419Mb L: 23/4163 MS: 1 EraseBytes-
#1324264	REDUCE cov: 188 ft: 921 corp: 256/128Kb lim: 4869 exec/s: 24523 rss: 419Mb L: 99/4163 MS: 1 EraseBytes-
#1324755	REDUCE cov: 188 ft: 921 corp: 256/128Kb lim: 4869 exec/s: 24532 rss: 419Mb L: 29/4163 MS: 1 EraseBytes-
#1325652	REDUCE cov: 188 ft: 921 corp: 256/128Kb lim: 4869 exec/s: 24549 rss: 419Mb L: 109/4163 MS: 2 ChangeASCIIInt-EraseBytes-
#1325889	REDUCE cov: 188 ft: 921 corp: 256/128Kb lim: 4869 exec/s: 24553 rss: 419Mb L: 4028/4163 MS: 2 ChangeByte-EraseBytes-
#1328745	REDUCE cov: 188 ft: 921 corp: 256/128Kb lim: 4869 exec/s: 24606 rss: 419Mb L: 54/4163 MS: 1 EraseBytes-
#1329581	REDUCE cov: 188 ft: 921 corp: 256/128Kb lim: 4869 exec/s: 24621 rss: 419Mb L: 4020/4163 MS: 1 EraseBytes-
#1329802	REDUCE cov: 188 ft: 921 corp: 256/128Kb lim: 4869 exec/s: 24625 rss: 419Mb L: 108/4163 MS: 1 EraseBytes-
#1331624	REDUCE cov: 188 ft: 921 corp: 256/128Kb lim: 4869 exec/s: 24211 rss: 419Mb L: 762/4163 MS: 2 InsertByte-EraseBytes-
#1332660	REDUCE cov: 188 ft: 921 corp: 256/128Kb lim: 4869 exec/s: 24230 rss: 419Mb L: 21/4163 MS: 1 EraseBytes-
#1339216	REDUCE cov: 188 ft: 921 corp: 256/128Kb lim: 4869 exec/s: 24349 rss: 419Mb L: 103/4163 MS: 1 EraseBytes-
#1344168	REDUCE cov: 188 ft: 921 corp: 256/128Kb lim: 4869 exec/s: 24439 rss: 422Mb L: 71/4163 MS: 2 ChangeASCIIInt-EraseBytes-
#1344439	REDUCE cov: 188 ft: 921 corp: 256/128Kb lim: 4869 exec/s: 24444 rss: 422Mb L: 218/4163 MS: 1 EraseBytes-
#1346586	REDUCE cov: 188 ft: 921 corp: 256/128Kb lim: 4869 exec/s: 24483 rss: 423Mb L: 101/4163 MS: 2 PersAutoDict-EraseBytes- DE: "\001\000\000\000"-
#1346717	REDUCE cov: 188 ft: 921 corp: 256/128Kb lim: 4869 exec/s: 24485 rss: 423Mb L: 94/4163 MS: 1 EraseBytes-
#1347279	REDUCE cov: 188 ft: 921 corp: 256/128Kb lim: 4869 exec/s: 24495 rss: 423Mb L: 196/4163 MS: 2 InsertByte-EraseBytes-
#1347320	REDUCE cov: 188 ft: 921 corp: 256/128Kb lim: 4869 exec/s: 24496 rss: 423Mb L: 53/4163 MS: 1 EraseBytes-
#1353645	REDUCE cov: 188 ft: 921 corp: 256/128Kb lim: 4869 exec/s: 24611 rss: 425Mb L: 73/4163 MS: 5 CopyPart-ShuffleBytes-PersAutoDict-CrossOver-EraseBytes- DE: "\377\377\377\375"-
#1353873	REDUCE cov: 188 ft: 921 corp: 256/128Kb lim: 4869 exec/s: 24615 rss: 425Mb L: 2570/4163 MS: 3 CMP-ChangeBit-EraseBytes- DE: "0.02"-
#1353914	REDUCE cov: 188 ft: 921 corp: 256/128Kb lim: 4869 exec/s: 24616 rss: 425Mb L: 33/4163 MS: 1 EraseBytes-
#1357765	REDUCE cov: 188 ft: 921 corp: 256/128Kb lim: 4869 exec/s: 24686 rss: 425Mb L: 92/4163 MS: 1 EraseBytes-
#1360783	REDUCE cov: 188 ft: 921 corp: 256/128Kb lim: 4869 exec/s: 24299 rss: 425Mb L: 86/4163 MS: 3 ShuffleBytes-CMP-EraseBytes- DE: "\001\001"-
#1363615	REDUCE cov: 188 ft: 921 corp: 256/128Kb lim: 4869 exec/s: 24350 rss: 425Mb L: 224/4163 MS: 2 InsertByte-EraseBytes-
#1363861	REDUCE cov: 188 ft: 921 corp: 256/128Kb lim: 4869 exec/s: 24354 rss: 425Mb L: 51/4163 MS: 1 EraseBytes-
#1365582	REDUCE cov: 188 ft: 921 corp: 256/128Kb lim: 4869 exec/s: 24385 rss: 425Mb L: 88/4163 MS: 1 EraseBytes-
#1366458	REDUCE cov: 188 ft: 921 corp: 256/128Kb lim: 4869 exec/s: 24401 rss: 425Mb L: 28/4163 MS: 1 EraseBytes-
#1369364	REDUCE cov: 188 ft: 921 corp: 256/128Kb lim: 4869 exec/s: 24452 rss: 425Mb L: 33/4163 MS: 1 EraseBytes-
#1370365	REDUCE cov: 188 ft: 921 corp: 256/128Kb lim: 4869 exec/s: 24470 rss: 425Mb L: 3998/4163 MS: 1 EraseBytes-
#1370411	REDUCE cov: 188 ft: 921 corp: 256/128Kb lim: 4869 exec/s: 24471 rss: 425Mb L: 86/4163 MS: 1 EraseBytes-
#1371662	REDUCE cov: 188 ft: 921 corp: 256/128Kb lim: 4869 exec/s: 24493 rss: 425Mb L: 30/4163 MS: 1 EraseBytes-
#1375228	REDUCE cov: 188 ft: 921 corp: 256/128Kb lim: 4869 exec/s: 24557 rss: 425Mb L: 145/4163 MS: 1 EraseBytes-
#1375859	REDUCE cov: 188 ft: 921 corp: 256/128Kb lim: 4869 exec/s: 24568 rss: 425Mb L: 66/4163 MS: 1 EraseBytes-
#1387395	REDUCE cov: 188 ft: 921 corp: 256/128Kb lim: 4869 exec/s: 24340 rss: 425Mb L: 45/4163 MS: 1 EraseBytes-
#1387902	REDUCE cov: 188 ft: 921 corp: 256/127Kb lim: 4869 exec/s: 24349 rss: 425Mb L: 3667/4163 MS: 2 PersAutoDict-EraseBytes- DE: "0.02"-
#1392050	REDUCE cov: 188 ft: 921 corp: 256/127Kb lim: 4869 exec/s: 24421 rss: 425Mb L: 3600/4163 MS: 3 ChangeBit-CopyPart-EraseBytes-
#1392962	REDUCE cov: 188 ft: 921 corp: 256/127Kb lim: 4869 exec/s: 24437 rss: 425Mb L: 57/4163 MS: 2 ChangeByte-EraseBytes-
#1398073	REDUCE cov: 188 ft: 921 corp: 256/127Kb lim: 4869 exec/s: 24527 rss: 425Mb L: 32/4163 MS: 1 EraseBytes-
#1403280	REDUCE cov: 188 ft: 921 corp: 256/127Kb lim: 4869 exec/s: 24194 rss: 425Mb L: 212/4163 MS: 2 EraseBytes-CopyPart-
#1404851	REDUCE cov: 188 ft: 921 corp: 256/127Kb lim: 4869 exec/s: 24221 rss: 425Mb L: 2001/4163 MS: 1 EraseBytes-
#1406147	REDUCE cov: 188 ft: 921 corp: 256/127Kb lim: 4869 exec/s: 24243 rss: 425Mb L: 1829/4163 MS: 1 CrossOver-
#1407793	REDUCE cov: 188 ft: 921 corp: 256/127Kb lim: 4869 exec/s: 24272 rss: 426Mb L: 1649/4163 MS: 1 EraseBytes-
#1408004	REDUCE cov: 188 ft: 921 corp: 256/127Kb lim: 4869 exec/s: 24275 rss: 426Mb L: 31/4163 MS: 1 EraseBytes-
#1409510	REDUCE cov: 188 ft: 921 corp: 256/127Kb lim: 4869 exec/s: 24301 rss: 427Mb L: 19/4163 MS: 1 EraseBytes-
#1409621	REDUCE cov: 188 ft: 921 corp: 256/127Kb lim: 4869 exec/s: 24303 rss: 427Mb L: 3975/4163 MS: 1 EraseBytes-
#1417106	REDUCE cov: 188 ft: 921 corp: 256/127Kb lim: 4869 exec/s: 24432 rss: 429Mb L: 155/4163 MS: 5 ChangeBinInt-InsertByte-ChangeBit-CMP-EraseBytes- DE: "\026\332!\323\311m\000\000"-
#1418407	REDUCE cov: 188 ft: 921 corp: 256/127Kb lim: 4869 exec/s: 24040 rss: 429Mb L: 60/4163 MS: 1 EraseBytes-
#1419684	REDUCE cov: 188 ft: 921 corp: 256/127Kb lim: 4869 exec/s: 24062 rss: 429Mb L: 68/4163 MS: 2 ChangeASCIIInt-EraseBytes-
#1419898	REDUCE cov: 188 ft: 921 corp: 256/127Kb lim: 4869 exec/s: 24066 rss: 429Mb L: 1605/4163 MS: 4 InsertByte-ChangeBinInt-ChangeASCIIInt-EraseBytes-
#1435204	REDUCE cov: 188 ft: 921 corp: 256/127Kb lim: 4869 exec/s: 23920 rss: 438Mb L: 29/4163 MS: 1 EraseBytes-
#1437100	REDUCE cov: 188 ft: 921 corp: 256/127Kb lim: 4869 exec/s: 23951 rss: 439Mb L: 231/4163 MS: 1 EraseBytes-
#1442757	REDUCE cov: 188 ft: 921 corp: 256/127Kb lim: 4869 exec/s: 24045 rss: 439Mb L: 2050/4163 MS: 2 ChangeASCIIInt-EraseBytes-
#1445809	REDUCE cov: 188 ft: 921 corp: 256/127Kb lim: 4869 exec/s: 24096 rss: 439Mb L: 166/4163 MS: 2 ChangeBinInt-EraseBytes-
#1445831	REDUCE cov: 188 ft: 921 corp: 256/127Kb lim: 4869 exec/s: 24097 rss: 439Mb L: 55/4163 MS: 2 PersAutoDict-EraseBytes- DE: "\001\005"-
#1450057	REDUCE cov: 188 ft: 921 corp: 256/127Kb lim: 4869 exec/s: 23771 rss: 442Mb L: 4032/4163 MS: 1 EraseBytes-
#1452960	REDUCE cov: 188 ft: 921 corp: 256/126Kb lim: 4869 exec/s: 23819 rss: 445Mb L: 1924/4163 MS: 3 ShuffleBytes-ChangeBinInt-EraseBytes-
#1452975	REDUCE cov: 188 ft: 921 corp: 256/126Kb lim: 4869 exec/s: 23819 rss: 445Mb L: 2139/4163 MS: 5 ChangeBit-ChangeASCIIInt-ChangeASCIIInt-ShuffleBytes-EraseBytes-
#1454352	REDUCE cov: 188 ft: 921 corp: 256/126Kb lim: 4869 exec/s: 23841 rss: 446Mb L: 3912/4163 MS: 2 ChangeBit-EraseBytes-
#1454519	REDUCE cov: 188 ft: 921 corp: 256/126Kb lim: 4869 exec/s: 23844 rss: 446Mb L: 1957/4163 MS: 2 ChangeByte-EraseBytes-
#1455601	REDUCE cov: 188 ft: 921 corp: 256/126Kb lim: 4869 exec/s: 23862 rss: 447Mb L: 65/4163 MS: 2 ChangeASCIIInt-EraseBytes-
#1457939	REDUCE cov: 188 ft: 921 corp: 256/126Kb lim: 4869 exec/s: 23900 rss: 449Mb L: 2136/4163 MS: 3 ChangeBit-ShuffleBytes-EraseBytes-
#1457957	REDUCE cov: 188 ft: 921 corp: 256/126Kb lim: 4869 exec/s: 23900 rss: 449Mb L: 2125/4163 MS: 3 CopyPart-PersAutoDict-EraseBytes- DE: "\001\000"-
#1458688	REDUCE cov: 188 ft: 921 corp: 256/126Kb lim: 4869 exec/s: 23912 rss: 449Mb L: 40/4163 MS: 1 EraseBytes-
#1468989	REDUCE cov: 188 ft: 921 corp: 256/126Kb lim: 4869 exec/s: 23693 rss: 449Mb L: 10/4163 MS: 1 EraseBytes-
#1473060	REDUCE cov: 188 ft: 921 corp: 256/126Kb lim: 4869 exec/s: 23759 rss: 449Mb L: 144/4163 MS: 1 EraseBytes-
#1479612	REDUCE cov: 188 ft: 921 corp: 256/126Kb lim: 4869 exec/s: 23485 rss: 449Mb L: 71/4163 MS: 2 ChangeASCIIInt-EraseBytes-
#1481143	REDUCE cov: 188 ft: 921 corp: 256/126Kb lim: 4869 exec/s: 23510 rss: 449Mb L: 4023/4163 MS: 1 EraseBytes-
#1481829	REDUCE cov: 188 ft: 921 corp: 256/126Kb lim: 4869 exec/s: 23521 rss: 449Mb L: 89/4163 MS: 1 EraseBytes-
#1483400	REDUCE cov: 188 ft: 921 corp: 256/126Kb lim: 4869 exec/s: 23546 rss: 449Mb L: 208/4163 MS: 1 EraseBytes-
#1487118	REDUCE cov: 188 ft: 921 corp: 256/126Kb lim: 4869 exec/s: 23605 rss: 449Mb L: 1588/4163 MS: 3 CMP-PersAutoDict-EraseBytes- DE: "\201\364\002\3239m\000\000"-"\377\377\377\272"-
#1487444	REDUCE cov: 188 ft: 921 corp: 256/126Kb lim: 4869 exec/s: 23610 rss: 449Mb L: 1549/4163 MS: 1 EraseBytes-
#1488345	REDUCE cov: 188 ft: 921 corp: 256/126Kb lim: 4869 exec/s: 23624 rss: 449Mb L: 99/4163 MS: 1 EraseBytes-
#1489582	REDUCE cov: 188 ft: 921 corp: 256/126Kb lim: 4869 exec/s: 23644 rss: 449Mb L: 214/4163 MS: 2 ChangeBinInt-EraseBytes-
#1493138	REDUCE cov: 188 ft: 921 corp: 256/126Kb lim: 4869 exec/s: 23330 rss: 449Mb L: 116/4163 MS: 1 EraseBytes-
#1495094	REDUCE cov: 188 ft: 921 corp: 256/126Kb lim: 4869 exec/s: 23360 rss: 449Mb L: 3971/4163 MS: 1 EraseBytes-
#1500660	REDUCE cov: 188 ft: 921 corp: 256/126Kb lim: 4869 exec/s: 23447 rss: 449Mb L: 72/4163 MS: 1 EraseBytes-
#1502071	REDUCE cov: 188 ft: 921 corp: 256/125Kb lim: 4869 exec/s: 23469 rss: 449Mb L: 3656/4163 MS: 1 EraseBytes-
#1503112	REDUCE cov: 188 ft: 921 corp: 256/125Kb lim: 4869 exec/s: 23486 rss: 449Mb L: 61/4163 MS: 1 EraseBytes-
#1504263	REDUCE cov: 188 ft: 921 corp: 256/125Kb lim: 4869 exec/s: 23504 rss: 449Mb L: 86/4163 MS: 1 EraseBytes-
#1505850	REDUCE cov: 188 ft: 921 corp: 256/125Kb lim: 4869 exec/s: 23528 rss: 449Mb L: 60/4163 MS: 2 ChangeASCIIInt-EraseBytes-
#1507027	REDUCE cov: 188 ft: 921 corp: 256/125Kb lim: 4869 exec/s: 23547 rss: 449Mb L: 2103/4163 MS: 2 ChangeByte-EraseBytes-
#1515119	REDUCE cov: 188 ft: 921 corp: 256/125Kb lim: 4869 exec/s: 23309 rss: 449Mb L: 4093/4163 MS: 2 ChangeByte-EraseBytes-
#1528040	REDUCE cov: 188 ft: 921 corp: 256/125Kb lim: 4869 exec/s: 23152 rss: 449Mb L: 1074/4163 MS: 1 EraseBytes-
#1531571	REDUCE cov: 188 ft: 921 corp: 256/125Kb lim: 4869 exec/s: 23205 rss: 449Mb L: 29/4163 MS: 1 EraseBytes-
#1535823	REDUCE cov: 188 ft: 921 corp: 256/125Kb lim: 4869 exec/s: 22922 rss: 449Mb L: 4048/4163 MS: 2 EraseBytes-CopyPart-
#1539828	REDUCE cov: 188 ft: 921 corp: 256/125Kb lim: 4869 exec/s: 22982 rss: 449Mb L: 2098/4163 MS: 5 ChangeBit-ChangeBit-CrossOver-ChangeASCIIInt-EraseBytes-
#1543284	REDUCE cov: 188 ft: 921 corp: 256/125Kb lim: 4869 exec/s: 23034 rss: 449Mb L: 19/4163 MS: 1 EraseBytes-
#1545360	REDUCE cov: 188 ft: 921 corp: 256/125Kb lim: 4869 exec/s: 23065 rss: 450Mb L: 28/4163 MS: 1 EraseBytes-
#1545408	REDUCE cov: 188 ft: 921 corp: 256/125Kb lim: 4869 exec/s: 23065 rss: 450Mb L: 1894/4163 MS: 3 PersAutoDict-InsertByte-EraseBytes- DE: "\377\377\377\377"-
#1545550	REDUCE cov: 188 ft: 921 corp: 256/125Kb lim: 4869 exec/s: 23067 rss: 450Mb L: 194/4163 MS: 2 ChangeBinInt-EraseBytes-
#1545867	REDUCE cov: 188 ft: 921 corp: 256/125Kb lim: 4869 exec/s: 23072 rss: 450Mb L: 55/4163 MS: 2 ChangeByte-EraseBytes-
#1555343	REDUCE cov: 188 ft: 921 corp: 256/125Kb lim: 4869 exec/s: 22872 rss: 450Mb L: 49/4163 MS: 1 EraseBytes-
#1556635	REDUCE cov: 188 ft: 921 corp: 256/125Kb lim: 4869 exec/s: 22891 rss: 450Mb L: 136/4163 MS: 2 PersAutoDict-EraseBytes- DE: "\377\377"-
#1557286	REDUCE cov: 188 ft: 921 corp: 256/125Kb lim: 4869 exec/s: 22901 rss: 450Mb L: 86/4163 MS: 1 EraseBytes-
#1558390	REDUCE cov: 188 ft: 921 corp: 256/125Kb lim: 4869 exec/s: 22917 rss: 450Mb L: 78/4163 MS: 4 CrossOver-PersAutoDict-CopyPart-EraseBytes- DE: "\377\377\377\377\377\377\377o"-
#1560281	REDUCE cov: 188 ft: 921 corp: 256/125Kb lim: 4869 exec/s: 22945 rss: 450Mb L: 19/4163 MS: 1 EraseBytes-
#1560932	REDUCE cov: 188 ft: 921 corp: 256/125Kb lim: 4869 exec/s: 22954 rss: 450Mb L: 81/4163 MS: 1 EraseBytes-
#1563593	REDUCE cov: 188 ft: 921 corp: 256/125Kb lim: 4869 exec/s: 22994 rss: 450Mb L: 63/4163 MS: 1 EraseBytes-
#1564819	REDUCE cov: 188 ft: 921 corp: 256/125Kb lim: 4869 exec/s: 22678 rss: 450Mb L: 112/4163 MS: 1 EraseBytes-
#1565249	REDUCE cov: 188 ft: 921 corp: 256/125Kb lim: 4869 exec/s: 22684 rss: 450Mb L: 3975/4163 MS: 5 ChangeBit-ChangeBit-CopyPart-ShuffleBytes-EraseBytes-
#1565945	REDUCE cov: 188 ft: 921 corp: 256/125Kb lim: 4869 exec/s: 22694 rss: 450Mb L: 95/4163 MS: 1 EraseBytes-
#1572062	REDUCE cov: 188 ft: 921 corp: 256/125Kb lim: 4869 exec/s: 22783 rss: 450Mb L: 173/4163 MS: 2 CopyPart-EraseBytes-
#1572768	REDUCE cov: 188 ft: 921 corp: 256/125Kb lim: 4869 exec/s: 22793 rss: 450Mb L: 94/4163 MS: 1 EraseBytes-
#1573774	REDUCE cov: 188 ft: 921 corp: 256/125Kb lim: 4869 exec/s: 22808 rss: 450Mb L: 3548/4163 MS: 1 EraseBytes-
#1576880	REDUCE cov: 188 ft: 921 corp: 256/125Kb lim: 4869 exec/s: 22853 rss: 450Mb L: 1557/4163 MS: 1 EraseBytes-
#1582566	REDUCE cov: 188 ft: 921 corp: 256/125Kb lim: 4869 exec/s: 22608 rss: 450Mb L: 3946/4163 MS: 1 EraseBytes-
#1588107	REDUCE cov: 188 ft: 921 corp: 256/125Kb lim: 4869 exec/s: 22687 rss: 450Mb L: 246/4163 MS: 1 EraseBytes-
#1588239	REDUCE cov: 188 ft: 921 corp: 256/125Kb lim: 4869 exec/s: 22689 rss: 450Mb L: 32/4163 MS: 2 ChangeASCIIInt-EraseBytes-
#1599121	REDUCE cov: 188 ft: 921 corp: 256/125Kb lim: 4869 exec/s: 22522 rss: 450Mb L: 43/4163 MS: 2 ChangeASCIIInt-EraseBytes-
#1599597	REDUCE cov: 188 ft: 921 corp: 256/125Kb lim: 4869 exec/s: 22529 rss: 450Mb L: 73/4163 MS: 1 EraseBytes-
#1601823	REDUCE cov: 188 ft: 921 corp: 256/125Kb lim: 4869 exec/s: 22560 rss: 450Mb L: 2093/4163 MS: 1 EraseBytes-
#1607121	REDUCE cov: 188 ft: 921 corp: 256/125Kb lim: 4869 exec/s: 22635 rss: 450Mb L: 3521/4163 MS: 3 ChangeBinInt-PersAutoDict-EraseBytes- DE: "\377\377\377\305"-
#1608522	REDUCE cov: 188 ft: 921 corp: 256/125Kb lim: 4869 exec/s: 22655 rss: 450Mb L: 97/4163 MS: 1 EraseBytes-
#1610533	REDUCE cov: 188 ft: 921 corp: 256/125Kb lim: 4869 exec/s: 22683 rss: 450Mb L: 36/4163 MS: 1 EraseBytes-
#1611089	REDUCE cov: 188 ft: 921 corp: 256/125Kb lim: 4869 exec/s: 22691 rss: 450Mb L: 72/4163 MS: 1 EraseBytes-
#1612070	REDUCE cov: 188 ft: 921 corp: 256/125Kb lim: 4869 exec/s: 22705 rss: 450Mb L: 3452/4163 MS: 1 EraseBytes-
#1613466	REDUCE cov: 188 ft: 921 corp: 256/125Kb lim: 4869 exec/s: 22409 rss: 450Mb L: 99/4163 MS: 1 EraseBytes-
#1613837	REDUCE cov: 188 ft: 921 corp: 256/125Kb lim: 4869 exec/s: 22414 rss: 450Mb L: 244/4163 MS: 1 EraseBytes-
#1616453	REDUCE cov: 188 ft: 921 corp: 256/125Kb lim: 4869 exec/s: 22450 rss: 450Mb L: 44/4163 MS: 1 EraseBytes-
#1617863	REDUCE cov: 188 ft: 921 corp: 256/124Kb lim: 4869 exec/s: 22470 rss: 450Mb L: 1734/4163 MS: 5 CopyPart-ChangeByte-ChangeASCIIInt-ShuffleBytes-EraseBytes-
#1618401	REDUCE cov: 188 ft: 921 corp: 256/124Kb lim: 4869 exec/s: 22477 rss: 450Mb L: 3310/4163 MS: 3 InsertByte-InsertByte-EraseBytes-
#1619942	REDUCE cov: 188 ft: 921 corp: 256/124Kb lim: 4869 exec/s: 22499 rss: 450Mb L: 74/4163 MS: 1 EraseBytes-
#1621324	REDUCE cov: 188 ft: 921 corp: 256/124Kb lim: 4869 exec/s: 22518 rss: 450Mb L: 1432/4163 MS: 2 CopyPart-EraseBytes-
#1625365	REDUCE cov: 188 ft: 921 corp: 256/124Kb lim: 4869 exec/s: 22574 rss: 450Mb L: 3234/4163 MS: 1 EraseBytes-
#1625434	REDUCE cov: 188 ft: 921 corp: 256/124Kb lim: 4869 exec/s: 22575 rss: 450Mb L: 69/4163 MS: 4 CrossOver-ChangeASCIIInt-InsertByte-EraseBytes-
#1625906	REDUCE cov: 188 ft: 921 corp: 256/124Kb lim: 4869 exec/s: 22582 rss: 450Mb L: 3191/4163 MS: 2 ChangeBinInt-EraseBytes-
#1635698	REDUCE cov: 188 ft: 921 corp: 256/124Kb lim: 4869 exec/s: 22406 rss: 450Mb L: 3906/4163 MS: 2 ShuffleBytes-EraseBytes-
#1638659	REDUCE cov: 188 ft: 921 corp: 256/124Kb lim: 4869 exec/s: 22447 rss: 450Mb L: 30/4163 MS: 1 EraseBytes-
#1641550	REDUCE cov: 188 ft: 921 corp: 256/124Kb lim: 4869 exec/s: 22486 rss: 450Mb L: 68/4163 MS: 1 EraseBytes-
#1641836	REDUCE cov: 188 ft: 921 corp: 256/124Kb lim: 4869 exec/s: 22490 rss: 450Mb L: 1534/4163 MS: 1 EraseBytes-
#1644918	REDUCE cov: 188 ft: 921 corp: 256/124Kb lim: 4869 exec/s: 22228 rss: 450Mb L: 241/4163 MS: 2 ShuffleBytes-EraseBytes-
#1648319	REDUCE cov: 188 ft: 921 corp: 256/124Kb lim: 4869 exec/s: 22274 rss: 450Mb L: 2448/4163 MS: 1 EraseBytes-
#1650275	REDUCE cov: 188 ft: 921 corp: 256/124Kb lim: 4869 exec/s: 22301 rss: 450Mb L: 66/4163 MS: 1 EraseBytes-
#1653763	REDUCE cov: 188 ft: 921 corp: 256/123Kb lim: 4869 exec/s: 22348 rss: 450Mb L: 1482/4163 MS: 3 CopyPart-ChangeASCIIInt-EraseBytes-
#1656919	REDUCE cov: 188 ft: 921 corp: 256/123Kb lim: 4869 exec/s: 22390 rss: 450Mb L: 57/4163 MS: 1 EraseBytes-
#1657995	REDUCE cov: 188 ft: 921 corp: 256/123Kb lim: 4869 exec/s: 22405 rss: 450Mb L: 90/4163 MS: 1 EraseBytes-
#1661593	REDUCE cov: 188 ft: 921 corp: 256/123Kb lim: 4869 exec/s: 22154 rss: 450Mb L: 233/4163 MS: 3 InsertByte-CopyPart-EraseBytes-
#1662898	REDUCE cov: 188 ft: 921 corp: 256/123Kb lim: 4869 exec/s: 22171 rss: 450Mb L: 1452/4163 MS: 5 PersAutoDict-ChangeBinInt-ChangeASCIIInt-ChangeBinInt-EraseBytes- DE: "le[{"-
#1663779	REDUCE cov: 188 ft: 921 corp: 256/123Kb lim: 4869 exec/s: 22183 rss: 450Mb L: 45/4163 MS: 1 EraseBytes-
#1664736	REDUCE cov: 188 ft: 921 corp: 256/123Kb lim: 4869 exec/s: 22196 rss: 450Mb L: 3185/4163 MS: 2 ChangeBit-EraseBytes-
#1667228	REDUCE cov: 188 ft: 921 corp: 256/123Kb lim: 4869 exec/s: 22229 rss: 450Mb L: 3140/4163 MS: 2 EraseBytes-CopyPart-
#1675469	REDUCE cov: 188 ft: 921 corp: 256/123Kb lim: 4869 exec/s: 22045 rss: 450Mb L: 3629/4163 MS: 1 EraseBytes-
#1678370	REDUCE cov: 188 ft: 921 corp: 256/123Kb lim: 4869 exec/s: 22083 rss: 450Mb L: 3101/4163 MS: 1 EraseBytes-
#1682646	REDUCE cov: 188 ft: 921 corp: 256/123Kb lim: 4869 exec/s: 22140 rss: 450Mb L: 76/4163 MS: 1 EraseBytes-
#1684237	REDUCE cov: 188 ft: 921 corp: 256/123Kb lim: 4869 exec/s: 22161 rss: 450Mb L: 1341/4163 MS: 1 EraseBytes-
#1685113	REDUCE cov: 188 ft: 921 corp: 256/123Kb lim: 4869 exec/s: 22172 rss: 450Mb L: 1296/4163 MS: 1 EraseBytes-
#1686196	REDUCE cov: 188 ft: 921 corp: 256/123Kb lim: 4869 exec/s: 22186 rss: 450Mb L: 3047/4163 MS: 3 PersAutoDict-CopyPart-EraseBytes- DE: "\377\377\377\377\377\377\377\005"-
#1687763	REDUCE cov: 188 ft: 921 corp: 256/123Kb lim: 4869 exec/s: 22207 rss: 450Mb L: 2917/4163 MS: 2 ChangeASCIIInt-EraseBytes-
#1688721	REDUCE cov: 188 ft: 921 corp: 256/123Kb lim: 4869 exec/s: 22220 rss: 450Mb L: 1234/4163 MS: 3 CopyPart-ChangeBit-EraseBytes-
#1689471	REDUCE cov: 188 ft: 921 corp: 256/123Kb lim: 4869 exec/s: 22229 rss: 450Mb L: 1221/4163 MS: 5 ShuffleBytes-ChangeASCIIInt-PersAutoDict-PersAutoDict-EraseBytes- DE: "\234\206\003\323\271n\000\000"-"]\000\000\000\000\000\000\000"-
#1689652	REDUCE cov: 188 ft: 921 corp: 256/123Kb lim: 4869 exec/s: 22232 rss: 450Mb L: 2915/4163 MS: 1 EraseBytes-
#1693896	REDUCE cov: 188 ft: 921 corp: 256/123Kb lim: 4869 exec/s: 21998 rss: 450Mb L: 1079/4163 MS: 4 PersAutoDict-InsertByte-InsertByte-EraseBytes- DE: "sz\":"-
#1696577	REDUCE cov: 188 ft: 921 corp: 256/123Kb lim: 4869 exec/s: 22033 rss: 450Mb L: 3625/4163 MS: 1 EraseBytes-
#1697363	REDUCE cov: 188 ft: 921 corp: 256/123Kb lim: 4869 exec/s: 22043 rss: 450Mb L: 40/4163 MS: 1 EraseBytes-
#1698315	REDUCE cov: 188 ft: 921 corp: 256/123Kb lim: 4869 exec/s: 22056 rss: 450Mb L: 96/4163 MS: 2 ChangeBit-EraseBytes-
#1698996	REDUCE cov: 188 ft: 921 corp: 256/123Kb lim: 4869 exec/s: 22064 rss: 450Mb L: 38/4163 MS: 1 EraseBytes-
#1699307	REDUCE cov: 188 ft: 921 corp: 256/123Kb lim: 4869 exec/s: 22068 rss: 450Mb L: 13/4163 MS: 1 EraseBytes-
#1700503	REDUCE cov: 188 ft: 921 corp: 256/123Kb lim: 4869 exec/s: 22084 rss: 450Mb L: 64/4163 MS: 1 EraseBytes-
#1700830	REDUCE cov: 188 ft: 921 corp: 256/123Kb lim: 4869 exec/s: 22088 rss: 450Mb L: 1042/4163 MS: 2 ChangeASCIIInt-EraseBytes-
#1702893	REDUCE cov: 188 ft: 921 corp: 256/123Kb lim: 4869 exec/s: 22115 rss: 450Mb L: 2853/4163 MS: 3 ChangeBit-CrossOver-EraseBytes-
#1705802	REDUCE cov: 188 ft: 921 corp: 256/123Kb lim: 4869 exec/s: 22153 rss: 450Mb L: 1072/4163 MS: 4 ChangeASCIIInt-InsertByte-InsertByte-EraseBytes-
#1706803	REDUCE cov: 188 ft: 921 corp: 256/123Kb lim: 4869 exec/s: 21882 rss: 450Mb L: 98/4163 MS: 1 EraseBytes-
#1707964	REDUCE cov: 188 ft: 921 corp: 256/123Kb lim: 4869 exec/s: 21896 rss: 450Mb L: 71/4163 MS: 1 EraseBytes-
#1708205	REDUCE cov: 188 ft: 921 corp: 256/123Kb lim: 4869 exec/s: 21900 rss: 450Mb L: 1871/4163 MS: 1 EraseBytes-
#1709536	REDUCE cov: 188 ft: 921 corp: 256/123Kb lim: 4869 exec/s: 21917 rss: 450Mb L: 184/4163 MS: 1 EraseBytes-
#1710427	REDUCE cov: 188 ft: 921 corp: 256/123Kb lim: 4869 exec/s: 21928 rss: 450Mb L: 2800/4163 MS: 1 EraseBytes-
#1712721	REDUCE cov: 188 ft: 921 corp: 256/123Kb lim: 4869 exec/s: 21957 rss: 450Mb L: 1018/4163 MS: 4 ChangeBit-CMP-CMP-EraseBytes- DE: "\201\000\022\323in\000\000"-"\271\377\377\377"-
#1715584	REDUCE cov: 188 ft: 921 corp: 256/122Kb lim: 4869 exec/s: 21994 rss: 450Mb L: 977/4163 MS: 3 InsertRepeatedBytes-InsertByte-EraseBytes-
#1716055	REDUCE cov: 188 ft: 921 corp: 256/122Kb lim: 4869 exec/s: 22000 rss: 450Mb L: 804/4163 MS: 1 EraseBytes-
#1717006	REDUCE cov: 188 ft: 921 corp: 256/122Kb lim: 4869 exec/s: 22012 rss: 450Mb L: 39/4163 MS: 1 EraseBytes-
#1718438	REDUCE cov: 188 ft: 921 corp: 256/122Kb lim: 4869 exec/s: 22031 rss: 450Mb L: 52/4163 MS: 2 InsertByte-EraseBytes-
#1720645	REDUCE cov: 188 ft: 921 corp: 256/122Kb lim: 4869 exec/s: 21780 rss: 450Mb L: 973/4163 MS: 2 InsertByte-EraseBytes-
#1721726	REDUCE cov: 188 ft: 921 corp: 256/122Kb lim: 4869 exec/s: 21794 rss: 450Mb L: 96/4163 MS: 1 EraseBytes-
#1725497	REDUCE cov: 188 ft: 921 corp: 256/122Kb lim: 4869 exec/s: 21841 rss: 450Mb L: 2782/4163 MS: 1 EraseBytes-
#1728689	REDUCE cov: 188 ft: 921 corp: 256/122Kb lim: 4869 exec/s: 21882 rss: 450Mb L: 53/4163 MS: 2 ChangeBinInt-EraseBytes-
#1729521	REDUCE cov: 188 ft: 921 corp: 256/122Kb lim: 4869 exec/s: 21892 rss: 450Mb L: 48/4163 MS: 2 ChangeBinInt-EraseBytes-
#1731192	REDUCE cov: 188 ft: 921 corp: 256/122Kb lim: 4869 exec/s: 21913 rss: 450Mb L: 230/4163 MS: 1 EraseBytes-
#1732932	REDUCE cov: 188 ft: 921 corp: 256/122Kb lim: 4869 exec/s: 21935 rss: 450Mb L: 3879/4163 MS: 5 PersAutoDict-EraseBytes-ChangeBit-CopyPart-ChangeBit- DE: "\377\377\377\272"-
#1736303	REDUCE cov: 188 ft: 921 corp: 256/122Kb lim: 4869 exec/s: 21978 rss: 450Mb L: 2769/4163 MS: 1 EraseBytes-
#1737405	REDUCE cov: 188 ft: 921 corp: 256/122Kb lim: 4869 exec/s: 21992 rss: 450Mb L: 965/4163 MS: 2 PersAutoDict-EraseBytes- DE: "book"-
#1743082	REDUCE cov: 188 ft: 921 corp: 256/122Kb lim: 4869 exec/s: 21788 rss: 450Mb L: 773/4163 MS: 2 ChangeByte-EraseBytes-
#1743165	REDUCE cov: 188 ft: 921 corp: 256/122Kb lim: 4869 exec/s: 21789 rss: 450Mb L: 2764/4163 MS: 3 ChangeByte-ChangeASCIIInt-EraseBytes-
#1743447	REDUCE cov: 188 ft: 921 corp: 256/122Kb lim: 4869 exec/s: 21793 rss: 450Mb L: 943/4163 MS: 2 ChangeASCIIInt-EraseBytes-
#1748135	REDUCE cov: 188 ft: 921 corp: 256/122Kb lim: 4869 exec/s: 21851 rss: 450Mb L: 917/4163 MS: 3 ChangeByte-ChangeByte-EraseBytes-
#1748344	REDUCE cov: 188 ft: 921 corp: 256/122Kb lim: 4869 exec/s: 21854 rss: 450Mb L: 236/4163 MS: 4 CMP-EraseBytes-PersAutoDict-CopyPart- DE: "side"-"time"-
#1748755	REDUCE cov: 188 ft: 921 corp: 256/122Kb lim: 4869 exec/s: 21859 rss: 450Mb L: 30/4163 MS: 1 EraseBytes-
#1753136	REDUCE cov: 188 ft: 921 corp: 256/122Kb lim: 4869 exec/s: 21914 rss: 450Mb L: 879/4163 MS: 1 EraseBytes-
#1761273	REDUCE cov: 188 ft: 921 corp: 256/122Kb lim: 4869 exec/s: 21744 rss: 450Mb L: 234/4163 MS: 2 ChangeASCIIInt-EraseBytes-
#1761929	REDUCE cov: 188 ft: 921 corp: 256/122Kb lim: 4869 exec/s: 21752 rss: 450Mb L: 1041/4163 MS: 1 EraseBytes-
#1761930	REDUCE cov: 188 ft: 921 corp: 256/122Kb lim: 4869 exec/s: 21752 rss: 450Mb L: 878/4163 MS: 1 EraseBytes-
#1763793	REDUCE cov: 188 ft: 921 corp: 256/122Kb lim: 4869 exec/s: 21775 rss: 450Mb L: 753/4163 MS: 3 ChangeByte-ShuffleBytes-EraseBytes-
#1764214	REDUCE cov: 188 ft: 921 corp: 256/122Kb lim: 4869 exec/s: 21780 rss: 450Mb L: 1531/4163 MS: 1 EraseBytes-
#1766961	REDUCE cov: 188 ft: 921 corp: 256/122Kb lim: 4869 exec/s: 21814 rss: 450Mb L: 1737/4163 MS: 2 ChangeBinInt-EraseBytes-
#1768027	REDUCE cov: 188 ft: 921 corp: 256/122Kb lim: 4869 exec/s: 21827 rss: 450Mb L: 47/4163 MS: 1 EraseBytes-
#1773133	REDUCE cov: 188 ft: 921 corp: 256/122Kb lim: 4869 exec/s: 21623 rss: 450Mb L: 19/4163 MS: 1 EraseBytes-
#1775414	REDUCE cov: 188 ft: 921 corp: 256/122Kb lim: 4869 exec/s: 21651 rss: 450Mb L: 2722/4163 MS: 1 EraseBytes-
#1778166	REDUCE cov: 188 ft: 921 corp: 256/122Kb lim: 4869 exec/s: 21684 rss: 450Mb L: 220/4163 MS: 2 ShuffleBytes-EraseBytes-
#1779587	REDUCE cov: 188 ft: 921 corp: 256/122Kb lim: 4869 exec/s: 21702 rss: 450Mb L: 218/4163 MS: 1 EraseBytes-
#1780694	REDUCE cov: 188 ft: 921 corp: 256/122Kb lim: 4869 exec/s: 21715 rss: 450Mb L: 46/4163 MS: 2 InsertByte-EraseBytes-
#1785461	REDUCE cov: 188 ft: 921 corp: 256/122Kb lim: 4869 exec/s: 21773 rss: 450Mb L: 120/4163 MS: 2 PersAutoDict-EraseBytes- DE: "\001\000\000\000\000\000\000\016"-
#1790063	REDUCE cov: 188 ft: 921 corp: 256/122Kb lim: 4869 exec/s: 21567 rss: 450Mb L: 873/4163 MS: 2 InsertByte-EraseBytes-
#1791504	REDUCE cov: 188 ft: 921 corp: 256/122Kb lim: 4869 exec/s: 21584 rss: 450Mb L: 841/4163 MS: 1 EraseBytes-
#1792695	REDUCE cov: 188 ft: 921 corp: 256/122Kb lim: 4869 exec/s: 21598 rss: 450Mb L: 43/4163 MS: 1 EraseBytes-
#1795201	REDUCE cov: 188 ft: 921 corp: 256/122Kb lim: 4869 exec/s: 21628 rss: 450Mb L: 28/4163 MS: 1 EraseBytes-
#1795647	REDUCE cov: 188 ft: 921 corp: 256/122Kb lim: 4869 exec/s: 21634 rss: 450Mb L: 1438/4163 MS: 1 EraseBytes-
#1796723	REDUCE cov: 188 ft: 921 corp: 256/122Kb lim: 4869 exec/s: 21647 rss: 450Mb L: 2675/4163 MS: 1 EraseBytes-
#1799109	REDUCE cov: 188 ft: 921 corp: 256/122Kb lim: 4869 exec/s: 21676 rss: 450Mb L: 2665/4163 MS: 1 EraseBytes-
#1803175	REDUCE cov: 188 ft: 921 corp: 256/122Kb lim: 4869 exec/s: 21725 rss: 450Mb L: 2565/4163 MS: 1 EraseBytes-
#1803378	REDUCE cov: 188 ft: 921 corp: 256/122Kb lim: 4869 exec/s: 21727 rss: 450Mb L: 684/4163 MS: 3 PersAutoDict-ChangeBinInt-EraseBytes- DE: ",5"-
#1804312	REDUCE cov: 188 ft: 921 corp: 256/122Kb lim: 4869 exec/s: 21738 rss: 450Mb L: 1414/4163 MS: 4 ChangeBit-PersAutoDict-ChangeBit-EraseBytes- DE: "\377\377\377\360"-
#1806094	REDUCE cov: 188 ft: 921 corp: 256/122Kb lim: 4869 exec/s: 21760 rss: 450Mb L: 840/4163 MS: 2 ChangeASCIIInt-EraseBytes-
#1807295	REDUCE cov: 188 ft: 921 corp: 256/122Kb lim: 4869 exec/s: 21515 rss: 450Mb L: 40/4163 MS: 1 EraseBytes-
#1808112	REDUCE cov: 188 ft: 921 corp: 256/122Kb lim: 4869 exec/s: 21525 rss: 450Mb L: 815/4163 MS: 2 ChangeByte-EraseBytes-
#1808219	REDUCE cov: 188 ft: 921 corp: 256/122Kb lim: 4869 exec/s: 21526 rss: 450Mb L: 2510/4163 MS: 2 CrossOver-EraseBytes-
#1808545	REDUCE cov: 188 ft: 921 corp: 256/122Kb lim: 4869 exec/s: 21530 rss: 450Mb L: 2481/4163 MS: 1 EraseBytes-
#1809034	REDUCE cov: 188 ft: 921 corp: 256/121Kb lim: 4869 exec/s: 21536 rss: 450Mb L: 1349/4163 MS: 4 ChangeBinInt-CMP-PersAutoDict-EraseBytes- DE: "\000\000\000\374"-"\001\000n\251\323\011\233M"-
#1811640	REDUCE cov: 188 ft: 921 corp: 256/121Kb lim: 4869 exec/s: 21567 rss: 450Mb L: 28/4163 MS: 1 EraseBytes-
#1813886	REDUCE cov: 188 ft: 921 corp: 256/121Kb lim: 4869 exec/s: 21593 rss: 450Mb L: 72/4163 MS: 1 EraseBytes-
#1814502	REDUCE cov: 188 ft: 921 corp: 256/121Kb lim: 4869 exec/s: 21601 rss: 450Mb L: 12/4163 MS: 1 EraseBytes-
#1817095	REDUCE cov: 188 ft: 921 corp: 256/121Kb lim: 4869 exec/s: 21632 rss: 450Mb L: 67/4163 MS: 3 ChangeASCIIInt-ChangeASCIIInt-EraseBytes-
#1822311	REDUCE cov: 188 ft: 921 corp: 256/121Kb lim: 4869 exec/s: 21694 rss: 450Mb L: 2450/4163 MS: 1 EraseBytes-
#1826462	REDUCE cov: 188 ft: 921 corp: 256/121Kb lim: 4869 exec/s: 21487 rss: 450Mb L: 44/4163 MS: 1 EraseBytes-
#1826863	REDUCE cov: 188 ft: 921 corp: 256/121Kb lim: 4869 exec/s: 21492 rss: 450Mb L: 795/4163 MS: 1 EraseBytes-
#1827490	REDUCE cov: 188 ft: 921 corp: 256/121Kb lim: 4869 exec/s: 21499 rss: 450Mb L: 2362/4163 MS: 2 CMP-EraseBytes- DE: ":8s6,\""-
#1831996	REDUCE cov: 188 ft: 921 corp: 256/121Kb lim: 4869 exec/s: 21552 rss: 450Mb L: 209/4163 MS: 1 EraseBytes-
#1837934	REDUCE cov: 188 ft: 921 corp: 256/121Kb lim: 4869 exec/s: 21622 rss: 450Mb L: 2150/4163 MS: 3 CopyPart-ChangeBit-EraseBytes-
#1839400	REDUCE cov: 188 ft: 921 corp: 256/121Kb lim: 4869 exec/s: 21640 rss: 450Mb L: 105/4163 MS: 1 EraseBytes-
#1839521	REDUCE cov: 188 ft: 921 corp: 256/121Kb lim: 4869 exec/s: 21641 rss: 450Mb L: 2149/4163 MS: 1 EraseBytes-
#1840441	REDUCE cov: 188 ft: 921 corp: 256/121Kb lim: 4869 exec/s: 21652 rss: 450Mb L: 1320/4163 MS: 5 PersAutoDict-InsertRepeatedBytes-InsertByte-ShuffleBytes-EraseBytes- DE: "\001\000n\271\324\336kw"-
#1841372	REDUCE cov: 188 ft: 921 corp: 256/121Kb lim: 4869 exec/s: 21663 rss: 450Mb L: 38/4163 MS: 1 EraseBytes-
#1851698	REDUCE cov: 188 ft: 922 corp: 257/125Kb lim: 4869 exec/s: 21531 rss: 450Mb L: 4212/4212 MS: 1 CopyPart-
#1856884	REDUCE cov: 188 ft: 922 corp: 257/125Kb lim: 4869 exec/s: 21591 rss: 450Mb L: 1309/4212 MS: 1 EraseBytes-
#1861705	REDUCE cov: 188 ft: 922 corp: 257/125Kb lim: 4869 exec/s: 21398 rss: 450Mb L: 110/4212 MS: 1 EraseBytes-
#1863486	REDUCE cov: 188 ft: 922 corp: 257/125Kb lim: 4869 exec/s: 21419 rss: 450Mb L: 753/4212 MS: 1 EraseBytes-
#1864370	REDUCE cov: 188 ft: 922 corp: 257/125Kb lim: 4869 exec/s: 21429 rss: 450Mb L: 44/4212 MS: 4 CopyPart-ChangeBit-EraseBytes-EraseBytes-
#1868631	REDUCE cov: 188 ft: 922 corp: 257/125Kb lim: 4869 exec/s: 21478 rss: 450Mb L: 81/4212 MS: 1 EraseBytes-
#1872887	REDUCE cov: 188 ft: 922 corp: 257/125Kb lim: 4869 exec/s: 21527 rss: 450Mb L: 27/4212 MS: 1 EraseBytes-
#1874973	REDUCE cov: 188 ft: 922 corp: 257/125Kb lim: 4869 exec/s: 21551 rss: 450Mb L: 746/4212 MS: 1 EraseBytes-
#1878400	REDUCE cov: 188 ft: 922 corp: 257/125Kb lim: 4869 exec/s: 21345 rss: 450Mb L: 31/4212 MS: 2 ShuffleBytes-EraseBytes-
#1879842	REDUCE cov: 188 ft: 922 corp: 257/125Kb lim: 4869 exec/s: 21361 rss: 450Mb L: 182/4212 MS: 2 ChangeBit-EraseBytes-
#1886373	REDUCE cov: 188 ft: 922 corp: 257/125Kb lim: 4869 exec/s: 21436 rss: 450Mb L: 717/4212 MS: 1 EraseBytes-
#1887394	REDUCE cov: 188 ft: 922 corp: 257/125Kb lim: 4869 exec/s: 21447 rss: 450Mb L: 65/4212 MS: 1 EraseBytes-
#1888945	REDUCE cov: 188 ft: 922 corp: 257/125Kb lim: 4869 exec/s: 21465 rss: 450Mb L: 1023/4212 MS: 1 EraseBytes-
#1894466	REDUCE cov: 188 ft: 922 corp: 257/125Kb lim: 4869 exec/s: 21528 rss: 450Mb L: 40/4212 MS: 1 EraseBytes-
#1896502	REDUCE cov: 188 ft: 922 corp: 257/125Kb lim: 4869 exec/s: 21551 rss: 450Mb L: 64/4212 MS: 1 EraseBytes-
#1903468	REDUCE cov: 188 ft: 922 corp: 257/125Kb lim: 4869 exec/s: 21387 rss: 450Mb L: 329/4212 MS: 1 EraseBytes-
#1905091	REDUCE cov: 188 ft: 924 corp: 258/125Kb lim: 4869 exec/s: 21405 rss: 450Mb L: 243/4212 MS: 3 CopyPart-CrossOver-EraseBytes-
#1919608	REDUCE cov: 188 ft: 924 corp: 258/125Kb lim: 4869 exec/s: 21328 rss: 450Mb L: 34/4212 MS: 2 ShuffleBytes-EraseBytes-
#1919874	REDUCE cov: 188 ft: 924 corp: 258/125Kb lim: 4869 exec/s: 21331 rss: 450Mb L: 26/4212 MS: 1 EraseBytes-
#1922195	REDUCE cov: 188 ft: 924 corp: 258/125Kb lim: 4869 exec/s: 21357 rss: 450Mb L: 25/4212 MS: 1 EraseBytes-
#1922514	REDUCE cov: 188 ft: 924 corp: 258/125Kb lim: 4869 exec/s: 21361 rss: 450Mb L: 1496/4212 MS: 4 InsertByte-InsertRepeatedBytes-CopyPart-EraseBytes-
#1928605	REDUCE cov: 188 ft: 924 corp: 258/125Kb lim: 4869 exec/s: 21428 rss: 450Mb L: 714/4212 MS: 1 EraseBytes-
#1934392	REDUCE cov: 188 ft: 924 corp: 258/125Kb lim: 4869 exec/s: 21493 rss: 450Mb L: 2112/4212 MS: 2 CopyPart-EraseBytes-
#1938393	REDUCE cov: 188 ft: 924 corp: 258/125Kb lim: 4869 exec/s: 21301 rss: 450Mb L: 2104/4212 MS: 1 EraseBytes-
#1940922	REDUCE cov: 188 ft: 924 corp: 258/125Kb lim: 4869 exec/s: 21328 rss: 450Mb L: 1490/4212 MS: 4 CMP-CopyPart-CMP-EraseBytes- DE: "39"-"s\206\335:"-
#1942389	REDUCE cov: 188 ft: 924 corp: 258/125Kb lim: 4869 exec/s: 21344 rss: 450Mb L: 1815/4212 MS: 2 CMP-EraseBytes- DE: "tim1"-
#1949646	REDUCE cov: 188 ft: 924 corp: 258/125Kb lim: 4869 exec/s: 21424 rss: 450Mb L: 3967/4212 MS: 2 ShuffleBytes-EraseBytes-
#1959838	REDUCE cov: 188 ft: 924 corp: 258/124Kb lim: 4869 exec/s: 21302 rss: 450Mb L: 1233/4212 MS: 2 ChangeBinInt-EraseBytes-
#1962709	REDUCE cov: 188 ft: 924 corp: 258/124Kb lim: 4869 exec/s: 21333 rss: 450Mb L: 693/4212 MS: 1 EraseBytes-
#1965293	REDUCE cov: 188 ft: 924 corp: 258/124Kb lim: 4869 exec/s: 21361 rss: 450Mb L: 247/4212 MS: 4 EraseBytes-ShuffleBytes-ChangeASCIIInt-CopyPart-
#1965812	REDUCE cov: 188 ft: 924 corp: 258/124Kb lim: 4869 exec/s: 21367 rss: 450Mb L: 1404/4212 MS: 4 ChangeASCIIInt-ChangeASCIIInt-ChangeBit-EraseBytes-
#1967228	REDUCE cov: 188 ft: 924 corp: 258/124Kb lim: 4869 exec/s: 21382 rss: 450Mb L: 36/4212 MS: 1 EraseBytes-
#1968694	REDUCE cov: 188 ft: 924 corp: 258/124Kb lim: 4869 exec/s: 21398 rss: 450Mb L: 1232/4212 MS: 1 EraseBytes-
#1970076	REDUCE cov: 188 ft: 924 corp: 258/124Kb lim: 4869 exec/s: 21413 rss: 450Mb L: 51/4212 MS: 2 ChangeBinInt-EraseBytes-
#1970179	REDUCE cov: 188 ft: 924 corp: 258/124Kb lim: 4869 exec/s: 21414 rss: 450Mb L: 1935/4212 MS: 3 ChangeBit-CrossOver-EraseBytes-
#1973522	REDUCE cov: 188 ft: 924 corp: 258/124Kb lim: 4869 exec/s: 21220 rss: 450Mb L: 1335/4212 MS: 3 ChangeBit-InsertByte-EraseBytes-
#1975950	REDUCE cov: 188 ft: 924 corp: 258/124Kb lim: 4869 exec/s: 21246 rss: 450Mb L: 4164/4164 MS: 3 PersAutoDict-ChangeBit-EraseBytes- DE: "px\":"-
#1976001	REDUCE cov: 188 ft: 924 corp: 258/124Kb lim: 4869 exec/s: 21247 rss: 450Mb L: 1140/4164 MS: 1 EraseBytes-
#1981882	REDUCE cov: 188 ft: 924 corp: 258/124Kb lim: 4869 exec/s: 21310 rss: 450Mb L: 1127/4164 MS: 1 EraseBytes-
#1985218	REDUCE cov: 188 ft: 924 corp: 258/124Kb lim: 4869 exec/s: 21346 rss: 450Mb L: 17/4164 MS: 1 EraseBytes-
#1995154	REDUCE cov: 188 ft: 924 corp: 258/124Kb lim: 4869 exec/s: 21225 rss: 450Mb L: 692/4164 MS: 1 EraseBytes-
#1996930	REDUCE cov: 188 ft: 924 corp: 258/124Kb lim: 4869 exec/s: 21243 rss: 450Mb L: 678/4164 MS: 1 EraseBytes-
#1998836	REDUCE cov: 188 ft: 924 corp: 258/124Kb lim: 4869 exec/s: 21264 rss: 450Mb L: 4111/4164 MS: 1 EraseBytes-
#2003787	REDUCE cov: 188 ft: 924 corp: 258/124Kb lim: 4869 exec/s: 21316 rss: 450Mb L: 1034/4164 MS: 1 EraseBytes-
#2006573	REDUCE cov: 188 ft: 924 corp: 258/124Kb lim: 4869 exec/s: 21121 rss: 450Mb L: 39/4164 MS: 1 EraseBytes-
#2006664	REDUCE cov: 188 ft: 924 corp: 258/124Kb lim: 4869 exec/s: 21122 rss: 450Mb L: 30/4164 MS: 1 EraseBytes-
#2007353	REDUCE cov: 188 ft: 924 corp: 258/124Kb lim: 4869 exec/s: 21130 rss: 450Mb L: 655/4164 MS: 4 InsertByte-ChangeASCIIInt-ChangeBinInt-EraseBytes-
#2009051	REDUCE cov: 188 ft: 924 corp: 258/124Kb lim: 4869 exec/s: 21147 rss: 450Mb L: 1814/4164 MS: 3 CrossOver-PersAutoDict-EraseBytes- DE: "\001\000\000\003"-
#2010293	REDUCE cov: 188 ft: 924 corp: 258/124Kb lim: 4869 exec/s: 21160 rss: 450Mb L: 13/4164 MS: 2 ShuffleBytes-EraseBytes-
#2010740	REDUCE cov: 188 ft: 924 corp: 258/124Kb lim: 4869 exec/s: 21165 rss: 450Mb L: 641/4164 MS: 2 ChangeASCIIInt-EraseBytes-
#2011456	REDUCE cov: 188 ft: 924 corp: 258/124Kb lim: 4869 exec/s: 21173 rss: 450Mb L: 12/4164 MS: 1 EraseBytes-
#2014923	REDUCE cov: 188 ft: 924 corp: 258/124Kb lim: 4869 exec/s: 21209 rss: 450Mb L: 11/4164 MS: 2 InsertByte-EraseBytes-
#2020744	REDUCE cov: 188 ft: 924 corp: 258/124Kb lim: 4869 exec/s: 21270 rss: 450Mb L: 10/4164 MS: 1 EraseBytes-
#2023857	REDUCE cov: 188 ft: 924 corp: 258/123Kb lim: 4869 exec/s: 21081 rss: 450Mb L: 1320/4164 MS: 3 ChangeByte-ChangeBinInt-EraseBytes-
#2025659	REDUCE cov: 188 ft: 924 corp: 258/123Kb lim: 4869 exec/s: 21100 rss: 450Mb L: 921/4164 MS: 2 InsertByte-EraseBytes-
#2027155	REDUCE cov: 188 ft: 924 corp: 258/123Kb lim: 4869 exec/s: 21116 rss: 450Mb L: 228/4164 MS: 1 EraseBytes-
#2028818	REDUCE cov: 188 ft: 924 corp: 258/123Kb lim: 4869 exec/s: 21133 rss: 450Mb L: 596/4164 MS: 3 ChangeBinInt-ChangeByte-EraseBytes-
#2034354	REDUCE cov: 188 ft: 924 corp: 258/123Kb lim: 4869 exec/s: 21191 rss: 450Mb L: 22/4164 MS: 1 EraseBytes-
#2034791	REDUCE cov: 188 ft: 924 corp: 258/123Kb lim: 4869 exec/s: 21195 rss: 450Mb L: 175/4164 MS: 2 ChangeASCIIInt-EraseBytes-
#2035036	REDUCE cov: 188 ft: 924 corp: 258/123Kb lim: 4869 exec/s: 21198 rss: 450Mb L: 813/4164 MS: 5 ChangeASCIIInt-CopyPart-ChangeBinInt-ChangeBinInt-EraseBytes-
#2039959	REDUCE cov: 188 ft: 924 corp: 258/123Kb lim: 4869 exec/s: 21030 rss: 450Mb L: 3883/4164 MS: 3 CMP-EraseBytes-CopyPart- DE: "\251\377\324\334"-
#2040878	REDUCE cov: 188 ft: 924 corp: 258/123Kb lim: 4869 exec/s: 21039 rss: 450Mb L: 295/4164 MS: 4 InsertByte-ChangeBit-ChangeASCIIInt-EraseBytes-
#2044254	REDUCE cov: 188 ft: 924 corp: 258/123Kb lim: 4869 exec/s: 21074 rss: 450Mb L: 786/4164 MS: 1 EraseBytes-
#2045670	REDUCE cov: 188 ft: 924 corp: 258/123Kb lim: 4869 exec/s: 21089 rss: 450Mb L: 1208/4164 MS: 1 EraseBytes-
#2047960	REDUCE cov: 188 ft: 924 corp: 258/123Kb lim: 4869 exec/s: 21112 rss: 450Mb L: 69/4164 MS: 5 InsertByte-ChangeBit-ChangeBinInt-ChangeASCIIInt-EraseBytes-
#2049351	REDUCE cov: 188 ft: 924 corp: 258/123Kb lim: 4869 exec/s: 21127 rss: 450Mb L: 15/4164 MS: 1 EraseBytes-
#2049818	REDUCE cov: 188 ft: 924 corp: 258/123Kb lim: 4869 exec/s: 21132 rss: 450Mb L: 1019/4164 MS: 2 ChangeBinInt-EraseBytes-
#2056649	REDUCE cov: 188 ft: 924 corp: 258/123Kb lim: 4869 exec/s: 20986 rss: 450Mb L: 4082/4164 MS: 1 EraseBytes-
#2057429	REDUCE cov: 188 ft: 924 corp: 258/123Kb lim: 4869 exec/s: 20994 rss: 450Mb L: 1173/4164 MS: 5 ChangeBit-ChangeByte-ChangeASCIIInt-ChangeBit-EraseBytes-
#2058176	REDUCE cov: 188 ft: 924 corp: 258/123Kb lim: 4869 exec/s: 21001 rss: 450Mb L: 1711/4164 MS: 2 ShuffleBytes-EraseBytes-
#2060682	REDUCE cov: 188 ft: 924 corp: 258/123Kb lim: 4869 exec/s: 21027 rss: 450Mb L: 1702/4164 MS: 1 EraseBytes-
#2061083	REDUCE cov: 188 ft: 924 corp: 258/123Kb lim: 4869 exec/s: 21031 rss: 450Mb L: 2446/4164 MS: 1 EraseBytes-
#2061807	REDUCE cov: 188 ft: 924 corp: 258/123Kb lim: 4869 exec/s: 21038 rss: 450Mb L: 3864/4164 MS: 4 InsertByte-ChangeASCIIInt-InsertRepeatedBytes-EraseBytes-
#2064553	REDUCE cov: 188 ft: 924 corp: 258/123Kb lim: 4869 exec/s: 21066 rss: 450Mb L: 46/4164 MS: 1 EraseBytes-
#2067500	REDUCE cov: 188 ft: 924 corp: 258/123Kb lim: 4869 exec/s: 21096 rss: 450Mb L: 13/4164 MS: 2 ShuffleBytes-EraseBytes-
#2068507	REDUCE cov: 188 ft: 924 corp: 258/123Kb lim: 4869 exec/s: 21107 rss: 450Mb L: 1154/4164 MS: 2 ChangeASCIIInt-EraseBytes-
#2069068	REDUCE cov: 188 ft: 924 corp: 258/123Kb lim: 4869 exec/s: 21112 rss: 450Mb L: 61/4164 MS: 1 EraseBytes-
#2076134	REDUCE cov: 188 ft: 924 corp: 258/123Kb lim: 4869 exec/s: 20971 rss: 450Mb L: 69/4164 MS: 1 EraseBytes-
#2086655	REDUCE cov: 188 ft: 924 corp: 258/123Kb lim: 4869 exec/s: 21077 rss: 450Mb L: 1018/4164 MS: 1 EraseBytes-
#2090311	REDUCE cov: 188 ft: 924 corp: 258/123Kb lim: 4869 exec/s: 20903 rss: 450Mb L: 677/4164 MS: 1 EraseBytes-
#2090312	REDUCE cov: 188 ft: 924 corp: 258/123Kb lim: 4869 exec/s: 20903 rss: 450Mb L: 4057/4164 MS: 1 EraseBytes-
#2093134	REDUCE cov: 188 ft: 924 corp: 258/123Kb lim: 4869 exec/s: 20931 rss: 450Mb L: 1706/4164 MS: 2 ChangeBit-EraseBytes-
#2097152	pulse  cov: 188 ft: 924 corp: 258/123Kb lim: 4869 exec/s: 20971 rss: 450Mb
#2100177	REDUCE cov: 188 ft: 924 corp: 258/123Kb lim: 4869 exec/s: 21001 rss: 450Mb L: 588/4164 MS: 3 CopyPart-InsertByte-EraseBytes-
#2103913	REDUCE cov: 188 ft: 924 corp: 258/123Kb lim: 4869 exec/s: 21039 rss: 450Mb L: 750/4164 MS: 1 EraseBytes-
#2106081	REDUCE cov: 188 ft: 924 corp: 258/123Kb lim: 4869 exec/s: 20852 rss: 450Mb L: 568/4164 MS: 3 InsertByte-ShuffleBytes-EraseBytes-
#2114277	REDUCE cov: 188 ft: 924 corp: 258/123Kb lim: 4869 exec/s: 20933 rss: 450Mb L: 60/4164 MS: 1 EraseBytes-
#2120639	REDUCE cov: 188 ft: 924 corp: 258/123Kb lim: 4869 exec/s: 20996 rss: 450Mb L: 57/4164 MS: 2 ChangeBinInt-EraseBytes-
#2122528	REDUCE cov: 188 ft: 924 corp: 258/123Kb lim: 4869 exec/s: 21015 rss: 450Mb L: 1398/4164 MS: 4 CopyPart-ShuffleBytes-ChangeByte-EraseBytes-
#2125049	REDUCE cov: 188 ft: 924 corp: 258/123Kb lim: 4869 exec/s: 21040 rss: 450Mb L: 226/4164 MS: 1 EraseBytes-
#2125135	REDUCE cov: 188 ft: 924 corp: 258/123Kb lim: 4869 exec/s: 21040 rss: 450Mb L: 9/4164 MS: 1 EraseBytes-
#2127067	REDUCE cov: 188 ft: 924 corp: 258/123Kb lim: 4869 exec/s: 20853 rss: 450Mb L: 1690/4164 MS: 2 ShuffleBytes-EraseBytes-
#2127793	REDUCE cov: 188 ft: 924 corp: 258/123Kb lim: 4869 exec/s: 20860 rss: 450Mb L: 740/4164 MS: 1 EraseBytes-
#2128845	REDUCE cov: 188 ft: 924 corp: 258/123Kb lim: 4869 exec/s: 20871 rss: 450Mb L: 169/4164 MS: 2 CopyPart-EraseBytes-
#2132231	REDUCE cov: 188 ft: 924 corp: 258/123Kb lim: 4869 exec/s: 20904 rss: 450Mb L: 27/4164 MS: 1 EraseBytes-
#2137632	REDUCE cov: 188 ft: 924 corp: 258/123Kb lim: 4869 exec/s: 20957 rss: 450Mb L: 67/4164 MS: 1 EraseBytes-
#2138838	REDUCE cov: 188 ft: 924 corp: 258/123Kb lim: 4869 exec/s: 20969 rss: 450Mb L: 1126/4164 MS: 1 EraseBytes-
#2139394	REDUCE cov: 188 ft: 924 corp: 258/123Kb lim: 4869 exec/s: 20974 rss: 450Mb L: 1116/4164 MS: 1 EraseBytes-
#2140825	REDUCE cov: 188 ft: 924 corp: 258/123Kb lim: 4869 exec/s: 20988 rss: 450Mb L: 1684/4164 MS: 1 EraseBytes-
#2143189	REDUCE cov: 188 ft: 924 corp: 258/123Kb lim: 4869 exec/s: 21011 rss: 450Mb L: 557/4164 MS: 4 InsertByte-ChangeASCIIInt-CrossOver-EraseBytes-
#2144480	REDUCE cov: 188 ft: 924 corp: 258/122Kb lim: 4869 exec/s: 20820 rss: 450Mb L: 1608/4164 MS: 1 EraseBytes-
#2144596	REDUCE cov: 188 ft: 924 corp: 258/122Kb lim: 4869 exec/s: 20821 rss: 450Mb L: 57/4164 MS: 1 EraseBytes-
#2145852	REDUCE cov: 188 ft: 924 corp: 258/122Kb lim: 4869 exec/s: 20833 rss: 450Mb L: 222/4164 MS: 1 EraseBytes-
#2146484	REDUCE cov: 188 ft: 924 corp: 258/122Kb lim: 4869 exec/s: 20839 rss: 450Mb L: 1603/4164 MS: 2 PersAutoDict-EraseBytes- DE: "\271\377\377\377"-
#2148165	REDUCE cov: 188 ft: 924 corp: 258/122Kb lim: 4869 exec/s: 20855 rss: 450Mb L: 537/4164 MS: 1 EraseBytes-
#2149301	REDUCE cov: 188 ft: 924 corp: 258/122Kb lim: 4869 exec/s: 20867 rss: 450Mb L: 33/4164 MS: 1 EraseBytes-
#2161872	REDUCE cov: 188 ft: 924 corp: 258/122Kb lim: 4869 exec/s: 20989 rss: 450Mb L: 3901/4164 MS: 1 EraseBytes-
#2162958	REDUCE cov: 188 ft: 924 corp: 258/122Kb lim: 4869 exec/s: 20999 rss: 450Mb L: 536/4164 MS: 1 EraseBytes-
#2174190	REDUCE cov: 188 ft: 924 corp: 258/122Kb lim: 4869 exec/s: 20905 rss: 450Mb L: 1303/4164 MS: 2 InsertByte-EraseBytes-
#2183706	REDUCE cov: 188 ft: 924 corp: 258/122Kb lim: 4869 exec/s: 20797 rss: 450Mb L: 523/4164 MS: 1 EraseBytes-
#2188569	REDUCE cov: 188 ft: 924 corp: 258/122Kb lim: 4869 exec/s: 20843 rss: 450Mb L: 1477/4164 MS: 3 PersAutoDict-ChangeBit-EraseBytes- DE: "\003\000\000\000\000\000\000\000"-
#2189490	REDUCE cov: 188 ft: 924 corp: 258/122Kb lim: 4869 exec/s: 20852 rss: 450Mb L: 1095/4164 MS: 1 EraseBytes-
#2197071	REDUCE cov: 188 ft: 924 corp: 258/122Kb lim: 4869 exec/s: 20924 rss: 450Mb L: 39/4164 MS: 1 EraseBytes-
#2197237	REDUCE cov: 188 ft: 924 corp: 258/122Kb lim: 4869 exec/s: 20926 rss: 450Mb L: 189/4164 MS: 1 EraseBytes-
#2197883	REDUCE cov: 188 ft: 924 corp: 258/122Kb lim: 4869 exec/s: 20932 rss: 450Mb L: 219/4164 MS: 1 EraseBytes-
#2199714	REDUCE cov: 188 ft: 924 corp: 258/122Kb lim: 4869 exec/s: 20949 rss: 450Mb L: 30/4164 MS: 1 EraseBytes-
#2205000	REDUCE cov: 188 ft: 924 corp: 258/122Kb lim: 4869 exec/s: 20801 rss: 450Mb L: 8/4164 MS: 1 EraseBytes-
#2209561	REDUCE cov: 188 ft: 924 corp: 258/122Kb lim: 4869 exec/s: 20844 rss: 450Mb L: 35/4164 MS: 1 EraseBytes-
#2210858	REDUCE cov: 188 ft: 924 corp: 258/122Kb lim: 4869 exec/s: 20857 rss: 450Mb L: 511/4164 MS: 2 CMP-EraseBytes- DE: "tid"-
#2217270	REDUCE cov: 188 ft: 924 corp: 258/122Kb lim: 4869 exec/s: 20917 rss: 450Mb L: 507/4164 MS: 2 InsertRepeatedBytes-EraseBytes-
#2221846	REDUCE cov: 188 ft: 924 corp: 258/122Kb lim: 4869 exec/s: 20764 rss: 450Mb L: 714/4164 MS: 1 EraseBytes-
#2223569	REDUCE cov: 188 ft: 924 corp: 258/122Kb lim: 4869 exec/s: 20781 rss: 450Mb L: 9/4164 MS: 3 EraseBytes-CMP-EraseBytes- DE: "sz"-
#2226317	REDUCE cov: 188 ft: 924 corp: 258/122Kb lim: 4869 exec/s: 20806 rss: 450Mb L: 475/4164 MS: 3 PersAutoDict-ChangeASCIIInt-EraseBytes- DE: "\001\000\000\010"-
#2229089	REDUCE cov: 188 ft: 924 corp: 258/122Kb lim: 4869 exec/s: 20832 rss: 450Mb L: 1088/4164 MS: 2 PersAutoDict-EraseBytes- DE: "\232>\002\323\371l\000\000"-
#2231482	REDUCE cov: 188 ft: 924 corp: 258/122Kb lim: 4869 exec/s: 20854 rss: 450Mb L: 24/4164 MS: 3 ShuffleBytes-InsertByte-EraseBytes-
#2235184	REDUCE cov: 188 ft: 924 corp: 258/122Kb lim: 4869 exec/s: 20889 rss: 450Mb L: 68/4164 MS: 2 ChangeBit-EraseBytes-
#2237859	REDUCE cov: 188 ft: 924 corp: 258/122Kb lim: 4869 exec/s: 20914 rss: 450Mb L: 1077/4164 MS: 5 ChangeByte-PersAutoDict-ShuffleBytes-ChangeBinInt-EraseBytes- DE: "0.03"-
#2243875	REDUCE cov: 188 ft: 924 corp: 258/122Kb lim: 4869 exec/s: 20776 rss: 450Mb L: 55/4164 MS: 1 EraseBytes-
#2245211	REDUCE cov: 188 ft: 924 corp: 258/122Kb lim: 4869 exec/s: 20788 rss: 450Mb L: 70/4164 MS: 1 EraseBytes-
#2248094	REDUCE cov: 188 ft: 924 corp: 258/122Kb lim: 4869 exec/s: 20815 rss: 450Mb L: 689/4164 MS: 3 ChangeByte-ChangeByte-EraseBytes-
#2248472	REDUCE cov: 188 ft: 924 corp: 258/122Kb lim: 4869 exec/s: 20819 rss: 450Mb L: 684/4164 MS: 3 ChangeBit-ChangeBinInt-EraseBytes-
#2249251	REDUCE cov: 188 ft: 924 corp: 258/122Kb lim: 4869 exec/s: 20826 rss: 450Mb L: 1448/4164 MS: 4 ShuffleBytes-PersAutoDict-ChangeBit-EraseBytes- DE: "0n"-
#2252847	REDUCE cov: 188 ft: 924 corp: 258/122Kb lim: 4869 exec/s: 20859 rss: 450Mb L: 64/4164 MS: 1 EraseBytes-
#2254193	REDUCE cov: 188 ft: 924 corp: 258/122Kb lim: 4869 exec/s: 20872 rss: 450Mb L: 682/4164 MS: 1 EraseBytes-
#2264534	REDUCE cov: 188 ft: 924 corp: 258/122Kb lim: 4869 exec/s: 20775 rss: 450Mb L: 1224/4164 MS: 1 EraseBytes-
#2269490	REDUCE cov: 188 ft: 924 corp: 258/122Kb lim: 4869 exec/s: 20821 rss: 450Mb L: 4021/4164 MS: 1 EraseBytes-
#2270831	REDUCE cov: 188 ft: 924 corp: 258/122Kb lim: 4869 exec/s: 20833 rss: 450Mb L: 6/4164 MS: 1 EraseBytes-
#2272513	REDUCE cov: 188 ft: 924 corp: 258/122Kb lim: 4869 exec/s: 20848 rss: 450Mb L: 470/4164 MS: 2 ChangeBit-EraseBytes-
#2275875	REDUCE cov: 188 ft: 924 corp: 258/122Kb lim: 4869 exec/s: 20879 rss: 450Mb L: 680/4164 MS: 2 PersAutoDict-EraseBytes- DE: "\377\377\377\373"-
#2285331	REDUCE cov: 188 ft: 924 corp: 258/122Kb lim: 4869 exec/s: 20775 rss: 450Mb L: 208/4164 MS: 1 EraseBytes-
#2285508	REDUCE cov: 188 ft: 924 corp: 258/122Kb lim: 4869 exec/s: 20777 rss: 450Mb L: 52/4164 MS: 2 ChangeBit-EraseBytes-
#2289849	REDUCE cov: 188 ft: 924 corp: 258/122Kb lim: 4869 exec/s: 20816 rss: 450Mb L: 450/4164 MS: 1 EraseBytes-
#2296335	REDUCE cov: 188 ft: 924 corp: 258/122Kb lim: 4869 exec/s: 20875 rss: 450Mb L: 1437/4164 MS: 1 EraseBytes-
#2301882	REDUCE cov: 188 ft: 924 corp: 258/122Kb lim: 4869 exec/s: 20737 rss: 450Mb L: 43/4164 MS: 2 CMP-EraseBytes- DE: "sz"-
#2306098	REDUCE cov: 188 ft: 924 corp: 258/122Kb lim: 4869 exec/s: 20775 rss: 450Mb L: 65/4164 MS: 1 EraseBytes-
#2306109	REDUCE cov: 188 ft: 924 corp: 258/122Kb lim: 4869 exec/s: 20775 rss: 450Mb L: 673/4164 MS: 1 EraseBytes-
#2311705	REDUCE cov: 188 ft: 924 corp: 258/122Kb lim: 4869 exec/s: 20826 rss: 450Mb L: 4020/4164 MS: 1 EraseBytes-
#2314371	REDUCE cov: 188 ft: 924 corp: 258/122Kb lim: 4869 exec/s: 20850 rss: 450Mb L: 1412/4164 MS: 1 EraseBytes-
#2317622	REDUCE cov: 188 ft: 924 corp: 258/122Kb lim: 4869 exec/s: 20879 rss: 450Mb L: 42/4164 MS: 1 EraseBytes-
#2317678	REDUCE cov: 188 ft: 924 corp: 258/122Kb lim: 4869 exec/s: 20879 rss: 450Mb L: 669/4164 MS: 1 EraseBytes-
#2318064	REDUCE cov: 188 ft: 924 corp: 258/122Kb lim: 4869 exec/s: 20883 rss: 450Mb L: 42/4164 MS: 1 EraseBytes-
#2318416	REDUCE cov: 188 ft: 924 corp: 258/122Kb lim: 4869 exec/s: 20886 rss: 450Mb L: 130/4164 MS: 2 ChangeBit-EraseBytes-
#2324842	REDUCE cov: 188 ft: 924 corp: 258/122Kb lim: 4869 exec/s: 20757 rss: 450Mb L: 55/4164 MS: 1 EraseBytes-
#2327270	REDUCE cov: 188 ft: 924 corp: 258/122Kb lim: 4869 exec/s: 20779 rss: 450Mb L: 1386/4164 MS: 3 ChangeByte-CrossOver-EraseBytes-
#2328701	REDUCE cov: 188 ft: 924 corp: 258/122Kb lim: 4869 exec/s: 20791 rss: 450Mb L: 1038/4164 MS: 1 EraseBytes-
#2330463	REDUCE cov: 188 ft: 924 corp: 258/122Kb lim: 4869 exec/s: 20807 rss: 450Mb L: 657/4164 MS: 2 InsertByte-EraseBytes-
#2339275	REDUCE cov: 188 ft: 924 corp: 258/122Kb lim: 4869 exec/s: 20701 rss: 450Mb L: 218/4164 MS: 2 ChangeBinInt-EraseBytes-
#2353301	REDUCE cov: 188 ft: 924 corp: 258/122Kb lim: 4869 exec/s: 20825 rss: 450Mb L: 94/4164 MS: 1 EraseBytes-
#2359332	REDUCE cov: 188 ft: 924 corp: 258/122Kb lim: 4869 exec/s: 20695 rss: 450Mb L: 2445/4164 MS: 1 EraseBytes-
#2363258	REDUCE cov: 188 ft: 924 corp: 258/122Kb lim: 4869 exec/s: 20730 rss: 450Mb L: 1375/4164 MS: 1 EraseBytes-
#2368234	REDUCE cov: 188 ft: 924 corp: 258/122Kb lim: 4869 exec/s: 20773 rss: 450Mb L: 993/4164 MS: 1 CrossOver-
#2373100	REDUCE cov: 188 ft: 924 corp: 258/122Kb lim: 4869 exec/s: 20816 rss: 450Mb L: 53/4164 MS: 1 EraseBytes-
#2373237	REDUCE cov: 188 ft: 924 corp: 258/122Kb lim: 4869 exec/s: 20817 rss: 450Mb L: 57/4164 MS: 2 ChangeASCIIInt-EraseBytes-
#2376859	REDUCE cov: 188 ft: 924 corp: 258/122Kb lim: 4869 exec/s: 20849 rss: 450Mb L: 636/4164 MS: 2 ShuffleBytes-EraseBytes-
#2378530	REDUCE cov: 188 ft: 924 corp: 258/122Kb lim: 4869 exec/s: 20682 rss: 450Mb L: 201/4164 MS: 1 EraseBytes-
#2379311	REDUCE cov: 188 ft: 924 corp: 258/122Kb lim: 4869 exec/s: 20689 rss: 450Mb L: 45/4164 MS: 1 EraseBytes-
#2382870	REDUCE cov: 188 ft: 924 corp: 258/122Kb lim: 4869 exec/s: 20720 rss: 450Mb L: 39/4164 MS: 4 ChangeBit-CrossOver-ChangeBit-EraseBytes-
#2386416	REDUCE cov: 188 ft: 924 corp: 258/122Kb lim: 4869 exec/s: 20751 rss: 450Mb L: 628/4164 MS: 1 EraseBytes-
#2386662	REDUCE cov: 188 ft: 924 corp: 258/122Kb lim: 4869 exec/s: 20753 rss: 450Mb L: 976/4164 MS: 1 EraseBytes-
#2388433	REDUCE cov: 188 ft: 924 corp: 258/122Kb lim: 4869 exec/s: 20768 rss: 450Mb L: 434/4164 MS: 1 EraseBytes-
#2393784	REDUCE cov: 188 ft: 924 corp: 258/122Kb lim: 4869 exec/s: 20815 rss: 450Mb L: 87/4164 MS: 1 EraseBytes-
#2394465	REDUCE cov: 188 ft: 924 corp: 258/122Kb lim: 4869 exec/s: 20821 rss: 450Mb L: 62/4164 MS: 1 EraseBytes-
#2396811	REDUCE cov: 188 ft: 924 corp: 258/122Kb lim: 4869 exec/s: 20841 rss: 450Mb L: 1025/4164 MS: 1 EraseBytes-
#2401592	REDUCE cov: 188 ft: 924 corp: 258/122Kb lim: 4869 exec/s: 20703 rss: 450Mb L: 93/4164 MS: 1 EraseBytes-
#2401618	REDUCE cov: 188 ft: 924 corp: 258/122Kb lim: 4869 exec/s: 20703 rss: 450Mb L: 71/4164 MS: 1 EraseBytes-
#2402696	REDUCE cov: 188 ft: 924 corp: 258/122Kb lim: 4869 exec/s: 20712 rss: 450Mb L: 1002/4164 MS: 3 InsertByte-PersAutoDict-EraseBytes- DE: "[\003\000\000\000\000\000\000"-
#2407417	REDUCE cov: 188 ft: 924 corp: 258/122Kb lim: 4869 exec/s: 20753 rss: 450Mb L: 23/4164 MS: 1 EraseBytes-
#2414853	REDUCE cov: 188 ft: 924 corp: 258/121Kb lim: 4869 exec/s: 20817 rss: 450Mb L: 617/4164 MS: 1 EraseBytes-
#2417401	REDUCE cov: 188 ft: 924 corp: 258/121Kb lim: 4869 exec/s: 20839 rss: 450Mb L: 53/4164 MS: 3 CopyPart-CMP-EraseBytes- DE: "\263\377\377\377"-
#2418133	REDUCE cov: 188 ft: 924 corp: 258/121Kb lim: 4869 exec/s: 20845 rss: 450Mb L: 1345/4164 MS: 2 InsertByte-EraseBytes-
#2438859	REDUCE cov: 188 ft: 924 corp: 258/121Kb lim: 4869 exec/s: 20844 rss: 450Mb L: 26/4164 MS: 1 EraseBytes-
#2439740	REDUCE cov: 188 ft: 924 corp: 258/121Kb lim: 4869 exec/s: 20675 rss: 450Mb L: 972/4164 MS: 1 EraseBytes-
#2446097	REDUCE cov: 188 ft: 924 corp: 258/121Kb lim: 4869 exec/s: 20729 rss: 450Mb L: 598/4164 MS: 2 ChangeASCIIInt-EraseBytes-
#2447777	REDUCE cov: 188 ft: 924 corp: 258/121Kb lim: 4869 exec/s: 20743 rss: 450Mb L: 3881/4164 MS: 5 CopyPart-ChangeBinInt-PersAutoDict-CopyPart-EraseBytes- DE: "\377\377\377\373"-
#2449612	REDUCE cov: 188 ft: 924 corp: 258/121Kb lim: 4869 exec/s: 20759 rss: 450Mb L: 937/4164 MS: 5 ChangeByte-ChangeASCIIInt-EraseBytes-PersAutoDict-CrossOver- DE: "\342\334\177\316"-
#2451429	REDUCE cov: 188 ft: 924 corp: 258/121Kb lim: 4869 exec/s: 20774 rss: 450Mb L: 907/4164 MS: 2 CMP-EraseBytes- DE: "\376\377\377\276"-
#2454970	REDUCE cov: 188 ft: 924 corp: 258/121Kb lim: 4869 exec/s: 20804 rss: 450Mb L: 582/4164 MS: 1 EraseBytes-
#2461721	REDUCE cov: 188 ft: 924 corp: 258/121Kb lim: 4869 exec/s: 20686 rss: 450Mb L: 1679/4164 MS: 1 EraseBytes-
#2462872	REDUCE cov: 188 ft: 924 corp: 258/121Kb lim: 4869 exec/s: 20696 rss: 450Mb L: 100/4164 MS: 1 EraseBytes-
#2468739	REDUCE cov: 188 ft: 924 corp: 258/121Kb lim: 4869 exec/s: 20745 rss: 450Mb L: 38/4164 MS: 2 ChangeASCIIInt-EraseBytes-
#2469040	REDUCE cov: 188 ft: 924 corp: 258/121Kb lim: 4869 exec/s: 20748 rss: 450Mb L: 391/4164 MS: 1 EraseBytes-
#2469961	REDUCE cov: 188 ft: 924 corp: 258/121Kb lim: 4869 exec/s: 20755 rss: 450Mb L: 37/4164 MS: 1 EraseBytes-
#2478204	REDUCE cov: 188 ft: 924 corp: 258/121Kb lim: 4869 exec/s: 20825 rss: 450Mb L: 566/4164 MS: 3 ChangeASCIIInt-PersAutoDict-EraseBytes- DE: "sx"-
#2478960	REDUCE cov: 188 ft: 924 corp: 258/121Kb lim: 4869 exec/s: 20658 rss: 450Mb L: 1330/4164 MS: 1 EraseBytes-
#2482996	REDUCE cov: 188 ft: 924 corp: 258/121Kb lim: 4869 exec/s: 20691 rss: 450Mb L: 69/4164 MS: 1 EraseBytes-
#2483118	REDUCE cov: 188 ft: 924 corp: 258/121Kb lim: 4869 exec/s: 20692 rss: 450Mb L: 44/4164 MS: 2 ChangeASCIIInt-EraseBytes-
#2486984	REDUCE cov: 188 ft: 924 corp: 258/121Kb lim: 4869 exec/s: 20724 rss: 450Mb L: 119/4164 MS: 1 EraseBytes-
#2490350	REDUCE cov: 188 ft: 924 corp: 258/121Kb lim: 4869 exec/s: 20752 rss: 450Mb L: 3882/4164 MS: 1 EraseBytes-
#2490601	REDUCE cov: 188 ft: 924 corp: 258/121Kb lim: 4869 exec/s: 20755 rss: 450Mb L: 52/4164 MS: 1 EraseBytes-
#2490810	REDUCE cov: 188 ft: 925 corp: 259/125Kb lim: 4869 exec/s: 20756 rss: 450Mb L: 4054/4164 MS: 4 CrossOver-PersAutoDict-CopyPart-CrossOver- DE: "\2101,{"-
#2491687	NEW    cov: 188 ft: 926 corp: 260/129Kb lim: 4869 exec/s: 20764 rss: 450Mb L: 4055/4164 MS: 2 InsertByte-CopyPart-
#2496296	REDUCE cov: 188 ft: 926 corp: 260/129Kb lim: 4869 exec/s: 20802 rss: 450Mb L: 903/4164 MS: 4 ChangeBinInt-CrossOver-ChangeBit-EraseBytes-
#2497990	REDUCE cov: 188 ft: 926 corp: 260/129Kb lim: 4869 exec/s: 20644 rss: 450Mb L: 3740/4164 MS: 4 ShuffleBytes-ChangeASCIIInt-CopyPart-EraseBytes-
#2503981	REDUCE cov: 188 ft: 926 corp: 260/129Kb lim: 4869 exec/s: 20694 rss: 450Mb L: 240/4164 MS: 1 EraseBytes-
#2505743	REDUCE cov: 188 ft: 926 corp: 260/129Kb lim: 4869 exec/s: 20708 rss: 450Mb L: 168/4164 MS: 2 ShuffleBytes-EraseBytes-
#2511319	REDUCE cov: 188 ft: 926 corp: 260/129Kb lim: 4869 exec/s: 20754 rss: 450Mb L: 3664/4164 MS: 1 EraseBytes-
#2521585	REDUCE cov: 188 ft: 926 corp: 260/129Kb lim: 4869 exec/s: 20668 rss: 450Mb L: 94/4164 MS: 1 EraseBytes-
#2522392	REDUCE cov: 188 ft: 926 corp: 260/127Kb lim: 4869 exec/s: 20675 rss: 450Mb L: 2918/4164 MS: 2 CrossOver-CrossOver-
#2526508	REDUCE cov: 188 ft: 926 corp: 260/127Kb lim: 4869 exec/s: 20709 rss: 450Mb L: 3717/4164 MS: 1 EraseBytes-
#2533739	REDUCE cov: 188 ft: 926 corp: 260/127Kb lim: 4869 exec/s: 20768 rss: 450Mb L: 564/4164 MS: 1 EraseBytes-
#2534188	REDUCE cov: 188 ft: 926 corp: 260/127Kb lim: 4869 exec/s: 20772 rss: 450Mb L: 2291/4164 MS: 4 PersAutoDict-CopyPart-InsertRepeatedBytes-EraseBytes- DE: "]\000\000\000\000\000\000\000"-
#2538824	REDUCE cov: 188 ft: 926 corp: 260/127Kb lim: 4869 exec/s: 20640 rss: 450Mb L: 3600/4164 MS: 1 EraseBytes-
#2541383	REDUCE cov: 188 ft: 926 corp: 260/127Kb lim: 4869 exec/s: 20661 rss: 450Mb L: 836/4164 MS: 4 ChangeASCIIInt-ChangeASCIIInt-ChangeASCIIInt-EraseBytes-
#2542138	REDUCE cov: 188 ft: 926 corp: 260/126Kb lim: 4869 exec/s: 20667 rss: 450Mb L: 1893/4164 MS: 5 ChangeASCIIInt-ChangeBit-InsertRepeatedBytes-ShuffleBytes-EraseBytes-
#2544360	REDUCE cov: 188 ft: 926 corp: 260/126Kb lim: 4869 exec/s: 20685 rss: 450Mb L: 92/4164 MS: 2 ChangeBit-EraseBytes-
#2545401	REDUCE cov: 188 ft: 926 corp: 260/126Kb lim: 4869 exec/s: 20694 rss: 450Mb L: 2425/4164 MS: 1 EraseBytes-
#2547919	REDUCE cov: 188 ft: 926 corp: 260/126Kb lim: 4869 exec/s: 20714 rss: 450Mb L: 31/4164 MS: 3 PersAutoDict-CopyPart-EraseBytes- DE: "rx"-
#2549465	REDUCE cov: 188 ft: 926 corp: 260/126Kb lim: 4869 exec/s: 20727 rss: 450Mb L: 214/4164 MS: 1 EraseBytes-
#2557711	REDUCE cov: 188 ft: 926 corp: 260/126Kb lim: 4869 exec/s: 20626 rss: 450Mb L: 85/4164 MS: 1 EraseBytes-
#2562692	REDUCE cov: 188 ft: 926 corp: 260/126Kb lim: 4869 exec/s: 20666 rss: 450Mb L: 1323/4164 MS: 1 EraseBytes-
#2568818	REDUCE cov: 188 ft: 926 corp: 260/126Kb lim: 4869 exec/s: 20716 rss: 450Mb L: 742/4164 MS: 1 EraseBytes-
#2573819	REDUCE cov: 188 ft: 926 corp: 260/126Kb lim: 4869 exec/s: 20756 rss: 450Mb L: 1315/4164 MS: 1 EraseBytes-
#2575670	REDUCE cov: 188 ft: 926 corp: 260/126Kb lim: 4869 exec/s: 20605 rss: 450Mb L: 1338/4164 MS: 1 EraseBytes-
#2578818	REDUCE cov: 188 ft: 926 corp: 260/126Kb lim: 4869 exec/s: 20630 rss: 450Mb L: 4012/4164 MS: 3 PersAutoDict-ChangeASCIIInt-EraseBytes- DE: "\000\000\000\005"-
#2587813	REDUCE cov: 188 ft: 926 corp: 260/124Kb lim: 4869 exec/s: 20702 rss: 450Mb L: 1896/4164 MS: 5 CMP-ChangeASCIIInt-ShuffleBytes-CrossOver-EraseBytes- DE: "l,"-
#2590095	REDUCE cov: 188 ft: 926 corp: 260/124Kb lim: 4869 exec/s: 20720 rss: 450Mb L: 2745/4164 MS: 2 ChangeByte-EraseBytes-
#2592283	REDUCE cov: 188 ft: 926 corp: 260/124Kb lim: 4869 exec/s: 20738 rss: 450Mb L: 831/4164 MS: 3 InsertByte-CrossOver-EraseBytes-
#2594649	REDUCE cov: 188 ft: 926 corp: 260/124Kb lim: 4869 exec/s: 20757 rss: 450Mb L: 29/4164 MS: 1 EraseBytes-
#2601864	REDUCE cov: 188 ft: 926 corp: 260/124Kb lim: 4869 exec/s: 20649 rss: 450Mb L: 321/4164 MS: 5 CopyPart-PersAutoDict-ChangeBinInt-EraseBytes-CopyPart- DE: "\377\377"-
#2604204	REDUCE cov: 188 ft: 926 corp: 260/124Kb lim: 4869 exec/s: 20668 rss: 450Mb L: 1810/4164 MS: 5 PersAutoDict-CMP-InsertByte-PersAutoDict-EraseBytes- DE: "0.03"-"\366\377\377\377"-"0.03"-
#2605665	REDUCE cov: 188 ft: 926 corp: 260/124Kb lim: 4869 exec/s: 20679 rss: 450Mb L: 311/4164 MS: 1 EraseBytes-
#2606491	REDUCE cov: 188 ft: 926 corp: 260/124Kb lim: 4869 exec/s: 20686 rss: 450Mb L: 305/4164 MS: 1 EraseBytes-
#2611912	REDUCE cov: 188 ft: 926 corp: 260/124Kb lim: 4869 exec/s: 20729 rss: 450Mb L: 80/4164 MS: 1 EraseBytes-
#2618598	REDUCE cov: 188 ft: 926 corp: 260/124Kb lim: 4869 exec/s: 20618 rss: 450Mb L: 79/4164 MS: 1 EraseBytes-
#2618970	REDUCE cov: 188 ft: 926 corp: 260/124Kb lim: 4869 exec/s: 20621 rss: 450Mb L: 3580/4164 MS: 2 ChangeByte-EraseBytes-
#2619916	REDUCE cov: 188 ft: 926 corp: 260/124Kb lim: 4869 exec/s: 20629 rss: 450Mb L: 50/4164 MS: 1 EraseBytes-
#2621127	REDUCE cov: 188 ft: 926 corp: 260/124Kb lim: 4869 exec/s: 20638 rss: 450Mb L: 975/4164 MS: 1 EraseBytes-
#2622821	REDUCE cov: 188 ft: 926 corp: 260/124Kb lim: 4869 exec/s: 20652 rss: 450Mb L: 3929/4164 MS: 4 CrossOver-ChangeByte-ChangeASCIIInt-EraseBytes-
#2623104	REDUCE cov: 188 ft: 926 corp: 260/124Kb lim: 4869 exec/s: 20654 rss: 450Mb L: 41/4164 MS: 3 CopyPart-ShuffleBytes-EraseBytes-
#2626630	REDUCE cov: 188 ft: 926 corp: 260/124Kb lim: 4869 exec/s: 20682 rss: 450Mb L: 44/4164 MS: 1 EraseBytes-
#2629431	REDUCE cov: 188 ft: 926 corp: 260/124Kb lim: 4869 exec/s: 20704 rss: 450Mb L: 1301/4164 MS: 1 EraseBytes-
#2642212	REDUCE cov: 188 ft: 926 corp: 260/124Kb lim: 4869 exec/s: 20642 rss: 450Mb L: 1257/4164 MS: 1 EraseBytes-
#2643813	REDUCE cov: 188 ft: 926 corp: 260/124Kb lim: 4869 exec/s: 20654 rss: 450Mb L: 824/4164 MS: 1 EraseBytes-
#2644679	REDUCE cov: 188 ft: 926 corp: 260/124Kb lim: 4869 exec/s: 20661 rss: 450Mb L: 42/4164 MS: 1 EraseBytes-
#2647271	REDUCE cov: 188 ft: 926 corp: 260/123Kb lim: 4869 exec/s: 20681 rss: 450Mb L: 549/4164 MS: 2 InsertByte-EraseBytes-
#2660900	REDUCE cov: 188 ft: 926 corp: 260/123Kb lim: 4869 exec/s: 20627 rss: 450Mb L: 1238/4164 MS: 4 ShuffleBytes-ChangeASCIIInt-EraseBytes-CopyPart-
#2661620	REDUCE cov: 188 ft: 926 corp: 260/123Kb lim: 4869 exec/s: 20632 rss: 450Mb L: 1562/4164 MS: 5 CMP-PersAutoDict-ChangeBit-ShuffleBytes-EraseBytes- DE: "\000\000\000\000\000\000\000\031"-"\000\000\000\367"-
#2674486	REDUCE cov: 188 ft: 926 corp: 260/123Kb lim: 4869 exec/s: 20732 rss: 450Mb L: 300/4164 MS: 1 EraseBytes-
#2674632	REDUCE cov: 188 ft: 926 corp: 260/123Kb lim: 4869 exec/s: 20733 rss: 450Mb L: 546/4164 MS: 1 EraseBytes-
#2678653	REDUCE cov: 188 ft: 926 corp: 260/123Kb lim: 4869 exec/s: 20605 rss: 450Mb L: 535/4164 MS: 1 EraseBytes-
#2680186	REDUCE cov: 188 ft: 926 corp: 260/123Kb lim: 4869 exec/s: 20616 rss: 450Mb L: 1675/4164 MS: 3 PersAutoDict-ChangeBit-EraseBytes- DE: "'n"-
#2680495	REDUCE cov: 188 ft: 926 corp: 260/123Kb lim: 4869 exec/s: 20619 rss: 450Mb L: 1120/4164 MS: 4 InsertByte-ChangeBinInt-ChangeByte-EraseBytes-
#2684197	REDUCE cov: 188 ft: 926 corp: 260/123Kb lim: 4869 exec/s: 20647 rss: 450Mb L: 1196/4164 MS: 2 ChangeBit-EraseBytes-
#2686428	REDUCE cov: 188 ft: 926 corp: 260/123Kb lim: 4869 exec/s: 20664 rss: 450Mb L: 1222/4164 MS: 1 EraseBytes-
#2689806	REDUCE cov: 188 ft: 926 corp: 260/123Kb lim: 4869 exec/s: 20690 rss: 450Mb L: 84/4164 MS: 3 CMP-CopyPart-EraseBytes- DE: "\303\377\377\377"-
#2700747	REDUCE cov: 188 ft: 926 corp: 260/123Kb lim: 4869 exec/s: 20616 rss: 450Mb L: 299/4164 MS: 1 EraseBytes-
#2707208	REDUCE cov: 188 ft: 926 corp: 260/123Kb lim: 4869 exec/s: 20665 rss: 450Mb L: 78/4164 MS: 1 EraseBytes-
#2708104	REDUCE cov: 188 ft: 926 corp: 260/123Kb lim: 4869 exec/s: 20672 rss: 450Mb L: 36/4164 MS: 1 EraseBytes-
#2713775	REDUCE cov: 188 ft: 926 corp: 260/123Kb lim: 4869 exec/s: 20715 rss: 450Mb L: 1665/4164 MS: 1 EraseBytes-
#2716076	REDUCE cov: 188 ft: 926 corp: 260/123Kb lim: 4869 exec/s: 20733 rss: 450Mb L: 95/4164 MS: 1 EraseBytes-
#2717227	REDUCE cov: 188 ft: 926 corp: 260/123Kb lim: 4869 exec/s: 20742 rss: 450Mb L: 28/4164 MS: 1 EraseBytes-
#2719144	REDUCE cov: 188 ft: 926 corp: 260/123Kb lim: 4869 exec/s: 20756 rss: 450Mb L: 517/4164 MS: 2 ChangeBit-EraseBytes-
#2722040	REDUCE cov: 188 ft: 926 corp: 260/123Kb lim: 4869 exec/s: 20621 rss: 450Mb L: 29/4164 MS: 1 EraseBytes-
#2731746	REDUCE cov: 188 ft: 926 corp: 260/123Kb lim: 4869 exec/s: 20695 rss: 450Mb L: 86/4164 MS: 1 EraseBytes-
#2732872	REDUCE cov: 188 ft: 926 corp: 260/123Kb lim: 4869 exec/s: 20703 rss: 450Mb L: 515/4164 MS: 1 EraseBytes-
#2733443	REDUCE cov: 188 ft: 926 corp: 260/123Kb lim: 4869 exec/s: 20707 rss: 450Mb L: 298/4164 MS: 1 EraseBytes-
#2738694	REDUCE cov: 188 ft: 926 corp: 260/123Kb lim: 4869 exec/s: 20747 rss: 450Mb L: 961/4164 MS: 1 EraseBytes-
#2745076	REDUCE cov: 188 ft: 926 corp: 260/123Kb lim: 4869 exec/s: 20639 rss: 450Mb L: 1110/4164 MS: 2 ShuffleBytes-EraseBytes-
#2745332	REDUCE cov: 188 ft: 926 corp: 260/123Kb lim: 4869 exec/s: 20641 rss: 450Mb L: 1203/4164 MS: 1 EraseBytes-
#2748693	REDUCE cov: 188 ft: 926 corp: 260/123Kb lim: 4869 exec/s: 20666 rss: 450Mb L: 29/4164 MS: 1 EraseBytes-
#2749149	REDUCE cov: 188 ft: 926 corp: 260/123Kb lim: 4869 exec/s: 20670 rss: 450Mb L: 821/4164 MS: 1 EraseBytes-
#2759195	REDUCE cov: 188 ft: 926 corp: 260/123Kb lim: 4869 exec/s: 20745 rss: 450Mb L: 48/4164 MS: 1 EraseBytes-
#2765991	REDUCE cov: 188 ft: 926 corp: 260/123Kb lim: 4869 exec/s: 20641 rss: 450Mb L: 78/4164 MS: 1 EraseBytes-
#2766492	REDUCE cov: 188 ft: 926 corp: 260/123Kb lim: 4869 exec/s: 20645 rss: 450Mb L: 813/4164 MS: 1 EraseBytes-
#2766558	REDUCE cov: 188 ft: 926 corp: 260/123Kb lim: 4869 exec/s: 20645 rss: 450Mb L: 295/4164 MS: 1 EraseBytes-
#2766930	REDUCE cov: 188 ft: 926 corp: 260/123Kb lim: 4869 exec/s: 20648 rss: 450Mb L: 796/4164 MS: 2 ChangeByte-EraseBytes-
#2768006	REDUCE cov: 188 ft: 926 corp: 260/123Kb lim: 4869 exec/s: 20656 rss: 450Mb L: 75/4164 MS: 1 EraseBytes-
#2772603	REDUCE cov: 188 ft: 926 corp: 260/122Kb lim: 4869 exec/s: 20691 rss: 450Mb L: 2695/4164 MS: 2 ChangeByte-EraseBytes-
#2787029	REDUCE cov: 188 ft: 926 corp: 260/122Kb lim: 4869 exec/s: 20644 rss: 450Mb L: 35/4164 MS: 1 EraseBytes-
#2792018	REDUCE cov: 188 ft: 926 corp: 260/122Kb lim: 4869 exec/s: 20681 rss: 450Mb L: 3851/4164 MS: 4 ChangeASCIIInt-ChangeBit-InsertByte-EraseBytes-
#2794319	REDUCE cov: 188 ft: 926 corp: 260/122Kb lim: 4869 exec/s: 20698 rss: 450Mb L: 3848/4164 MS: 1 EraseBytes-
#2800105	REDUCE cov: 188 ft: 926 corp: 260/122Kb lim: 4869 exec/s: 20741 rss: 450Mb L: 69/4164 MS: 1 EraseBytes-
#2802436	REDUCE cov: 188 ft: 926 corp: 260/122Kb lim: 4869 exec/s: 20758 rss: 450Mb L: 287/4164 MS: 1 EraseBytes-
#2812895	REDUCE cov: 188 ft: 926 corp: 260/122Kb lim: 4869 exec/s: 20683 rss: 450Mb L: 764/4164 MS: 4 ChangeBit-ChangeBinInt-ChangeByte-EraseBytes-
#2815906	REDUCE cov: 188 ft: 926 corp: 260/122Kb lim: 4869 exec/s: 20705 rss: 450Mb L: 67/4164 MS: 1 EraseBytes-
#2818627	REDUCE cov: 188 ft: 926 corp: 260/122Kb lim: 4869 exec/s: 20725 rss: 450Mb L: 54/4164 MS: 1 EraseBytes-
#2830483	REDUCE cov: 188 ft: 926 corp: 260/122Kb lim: 4869 exec/s: 20660 rss: 450Mb L: 206/4164 MS: 1 EraseBytes-
#2831529	REDUCE cov: 188 ft: 926 corp: 260/122Kb lim: 4869 exec/s: 20668 rss: 450Mb L: 1152/4164 MS: 1 EraseBytes-
#2834115	REDUCE cov: 188 ft: 926 corp: 260/122Kb lim: 4869 exec/s: 20686 rss: 450Mb L: 125/4164 MS: 1 EraseBytes-
#2836931	REDUCE cov: 188 ft: 926 corp: 260/122Kb lim: 4869 exec/s: 20707 rss: 450Mb L: 3732/4164 MS: 1 EraseBytes-
#2837440	REDUCE cov: 188 ft: 926 corp: 260/122Kb lim: 4869 exec/s: 20711 rss: 450Mb L: 2662/4164 MS: 4 ShuffleBytes-ChangeASCIIInt-ChangeBit-CrossOver-
#2854106	REDUCE cov: 188 ft: 926 corp: 260/122Kb lim: 4869 exec/s: 20681 rss: 450Mb L: 2619/4164 MS: 1 EraseBytes-
#2857147	REDUCE cov: 188 ft: 926 corp: 260/122Kb lim: 4869 exec/s: 20703 rss: 450Mb L: 960/4164 MS: 1 EraseBytes-
#2858008	REDUCE cov: 188 ft: 926 corp: 260/122Kb lim: 4869 exec/s: 20710 rss: 450Mb L: 753/4164 MS: 1 EraseBytes-
#2863929	REDUCE cov: 188 ft: 926 corp: 260/122Kb lim: 4869 exec/s: 20753 rss: 450Mb L: 121/4164 MS: 1 EraseBytes-
#2872310	REDUCE cov: 188 ft: 926 corp: 260/122Kb lim: 4869 exec/s: 20664 rss: 450Mb L: 732/4164 MS: 1 EraseBytes-
#2873693	REDUCE cov: 188 ft: 926 corp: 260/122Kb lim: 4869 exec/s: 20674 rss: 450Mb L: 916/4164 MS: 3 ChangeASCIIInt-InsertByte-EraseBytes-
#2877234	REDUCE cov: 188 ft: 926 corp: 260/122Kb lim: 4869 exec/s: 20699 rss: 450Mb L: 3701/4164 MS: 1 EraseBytes-
#2877850	REDUCE cov: 188 ft: 926 corp: 260/122Kb lim: 4869 exec/s: 20703 rss: 450Mb L: 836/4164 MS: 1 EraseBytes-
#2887181	REDUCE cov: 188 ft: 926 corp: 260/122Kb lim: 4869 exec/s: 20771 rss: 450Mb L: 166/4164 MS: 1 EraseBytes-
#2887762	REDUCE cov: 188 ft: 926 corp: 260/122Kb lim: 4869 exec/s: 20775 rss: 450Mb L: 28/4164 MS: 1 EraseBytes-
#2888633	REDUCE cov: 188 ft: 926 corp: 260/122Kb lim: 4869 exec/s: 20781 rss: 450Mb L: 34/4164 MS: 1 EraseBytes-
#2890675	REDUCE cov: 188 ft: 926 corp: 260/122Kb lim: 4869 exec/s: 20796 rss: 450Mb L: 116/4164 MS: 2 PersAutoDict-EraseBytes- DE: "634"-
#2891297	REDUCE cov: 188 ft: 926 corp: 260/122Kb lim: 4869 exec/s: 20800 rss: 450Mb L: 285/4164 MS: 2 CopyPart-EraseBytes-
#2891839	REDUCE cov: 188 ft: 926 corp: 260/122Kb lim: 4869 exec/s: 20655 rss: 450Mb L: 731/4164 MS: 2 CopyPart-EraseBytes-
#2892411	REDUCE cov: 188 ft: 926 corp: 260/122Kb lim: 4869 exec/s: 20660 rss: 450Mb L: 181/4164 MS: 2 ShuffleBytes-EraseBytes-
#2893427	REDUCE cov: 188 ft: 926 corp: 260/122Kb lim: 4869 exec/s: 20667 rss: 450Mb L: 254/4164 MS: 1 EraseBytes-
#2899408	REDUCE cov: 188 ft: 926 corp: 260/122Kb lim: 4869 exec/s: 20710 rss: 450Mb L: 2616/4164 MS: 1 EraseBytes-
#2900144	REDUCE cov: 188 ft: 926 corp: 260/122Kb lim: 4869 exec/s: 20715 rss: 450Mb L: 44/4164 MS: 1 EraseBytes-
#2900885	REDUCE cov: 188 ft: 926 corp: 260/122Kb lim: 4869 exec/s: 20720 rss: 450Mb L: 15/4164 MS: 1 EraseBytes-
#2903276	REDUCE cov: 188 ft: 926 corp: 260/122Kb lim: 4869 exec/s: 20737 rss: 450Mb L: 74/4164 MS: 1 EraseBytes-
#2907699	REDUCE cov: 188 ft: 926 corp: 260/122Kb lim: 4869 exec/s: 20769 rss: 450Mb L: 723/4164 MS: 3 ChangeASCIIInt-CrossOver-EraseBytes-
#2910610	REDUCE cov: 188 ft: 926 corp: 260/122Kb lim: 4869 exec/s: 20790 rss: 450Mb L: 616/4164 MS: 1 EraseBytes-
#2912466	REDUCE cov: 188 ft: 926 corp: 260/122Kb lim: 4869 exec/s: 20803 rss: 450Mb L: 2603/4164 MS: 1 EraseBytes-
#2920658	REDUCE cov: 188 ft: 926 corp: 260/122Kb lim: 4869 exec/s: 20713 rss: 450Mb L: 91/4164 MS: 2 InsertRepeatedBytes-EraseBytes-
#2923975	REDUCE cov: 188 ft: 926 corp: 260/122Kb lim: 4869 exec/s: 20737 rss: 450Mb L: 1023/4164 MS: 2 ChangeASCIIInt-EraseBytes-
#2928037	REDUCE cov: 188 ft: 926 corp: 260/122Kb lim: 4869 exec/s: 20766 rss: 450Mb L: 915/4164 MS: 2 ChangeByte-EraseBytes-
#2937978	REDUCE cov: 188 ft: 926 corp: 260/122Kb lim: 4869 exec/s: 20689 rss: 450Mb L: 40/4164 MS: 1 EraseBytes-
#2940919	REDUCE cov: 188 ft: 926 corp: 260/122Kb lim: 4869 exec/s: 20710 rss: 450Mb L: 39/4164 MS: 1 EraseBytes-
#2943701	REDUCE cov: 188 ft: 926 corp: 260/122Kb lim: 4869 exec/s: 20730 rss: 450Mb L: 38/4164 MS: 2 InsertByte-EraseBytes-
#2945142	REDUCE cov: 188 ft: 926 corp: 260/121Kb lim: 4869 exec/s: 20740 rss: 450Mb L: 699/4164 MS: 1 EraseBytes-
#2946768	REDUCE cov: 188 ft: 926 corp: 260/121Kb lim: 4869 exec/s: 20751 rss: 450Mb L: 1662/4164 MS: 1 CrossOver-
#2949225	REDUCE cov: 188 ft: 926 corp: 260/121Kb lim: 4869 exec/s: 20769 rss: 450Mb L: 779/4164 MS: 2 CrossOver-EraseBytes-
#2950576	REDUCE cov: 188 ft: 926 corp: 260/121Kb lim: 4869 exec/s: 20778 rss: 450Mb L: 112/4164 MS: 1 EraseBytes-
#2950577	REDUCE cov: 188 ft: 926 corp: 260/121Kb lim: 4869 exec/s: 20778 rss: 450Mb L: 2541/4164 MS: 1 EraseBytes-
#2951191	REDUCE cov: 188 ft: 926 corp: 260/121Kb lim: 4869 exec/s: 20783 rss: 450Mb L: 652/4164 MS: 4 InsertRepeatedBytes-CrossOver-InsertRepeatedBytes-EraseBytes-
#2951607	REDUCE cov: 188 ft: 926 corp: 260/121Kb lim: 4869 exec/s: 20785 rss: 450Mb L: 92/4164 MS: 1 EraseBytes-
#2962279	REDUCE cov: 188 ft: 926 corp: 260/121Kb lim: 4869 exec/s: 20715 rss: 450Mb L: 33/4164 MS: 2 ChangeASCIIInt-EraseBytes-
#2963231	REDUCE cov: 188 ft: 926 corp: 260/121Kb lim: 4869 exec/s: 20721 rss: 450Mb L: 711/4164 MS: 2 CopyPart-CrossOver-
#2963533	REDUCE cov: 188 ft: 926 corp: 260/121Kb lim: 4869 exec/s: 20724 rss: 450Mb L: 119/4164 MS: 2 InsertByte-EraseBytes-
#2964754	REDUCE cov: 188 ft: 926 corp: 260/121Kb lim: 4869 exec/s: 20732 rss: 450Mb L: 72/4164 MS: 1 EraseBytes-
#2966495	REDUCE cov: 188 ft: 926 corp: 260/121Kb lim: 4869 exec/s: 20744 rss: 450Mb L: 1092/4164 MS: 1 EraseBytes-
#2970607	REDUCE cov: 188 ft: 926 corp: 260/121Kb lim: 4869 exec/s: 20773 rss: 450Mb L: 43/4164 MS: 2 ShuffleBytes-EraseBytes-
#2972513	REDUCE cov: 188 ft: 926 corp: 260/121Kb lim: 4869 exec/s: 20786 rss: 450Mb L: 69/4164 MS: 1 EraseBytes-
#2976261	REDUCE cov: 188 ft: 927 corp: 261/126Kb lim: 4869 exec/s: 20668 rss: 450Mb L: 4817/4817 MS: 3 CopyPart-ChangeASCIIInt-ChangeBinInt-
#2976828	REDUCE cov: 188 ft: 927 corp: 261/126Kb lim: 4869 exec/s: 20672 rss: 450Mb L: 47/4817 MS: 2 CopyPart-EraseBytes-
#2979034	REDUCE cov: 188 ft: 927 corp: 261/126Kb lim: 4869 exec/s: 20687 rss: 450Mb L: 18/4817 MS: 1 EraseBytes-
#2982836	REDUCE cov: 188 ft: 927 corp: 261/126Kb lim: 4869 exec/s: 20714 rss: 450Mb L: 639/4817 MS: 2 ChangeBinInt-CrossOver-
#2983767	REDUCE cov: 188 ft: 927 corp: 261/126Kb lim: 4869 exec/s: 20720 rss: 450Mb L: 630/4817 MS: 1 EraseBytes-
#2984084	REDUCE cov: 188 ft: 927 corp: 261/126Kb lim: 4869 exec/s: 20722 rss: 450Mb L: 958/4817 MS: 2 ChangeASCIIInt-EraseBytes-
#2985037	REDUCE cov: 188 ft: 927 corp: 261/126Kb lim: 4869 exec/s: 20729 rss: 450Mb L: 722/4817 MS: 3 ChangeASCIIInt-ChangeByte-EraseBytes-
#2988725	REDUCE cov: 188 ft: 927 corp: 261/125Kb lim: 4869 exec/s: 20755 rss: 450Mb L: 565/4817 MS: 3 CopyPart-ChangeByte-EraseBytes-
#2990891	REDUCE cov: 188 ft: 927 corp: 261/125Kb lim: 4869 exec/s: 20770 rss: 450Mb L: 38/4817 MS: 1 EraseBytes-
#2991907	REDUCE cov: 188 ft: 927 corp: 261/125Kb lim: 4869 exec/s: 20777 rss: 450Mb L: 79/4817 MS: 1 EraseBytes-
#2992125	REDUCE cov: 188 ft: 927 corp: 261/125Kb lim: 4869 exec/s: 20778 rss: 450Mb L: 628/4817 MS: 3 ChangeByte-ChangeASCIIInt-EraseBytes-
#2992257	REDUCE cov: 188 ft: 927 corp: 261/125Kb lim: 4869 exec/s: 20779 rss: 450Mb L: 1155/4817 MS: 2 ChangeASCIIInt-EraseBytes-
#2998583	REDUCE cov: 188 ft: 927 corp: 261/125Kb lim: 4869 exec/s: 20823 rss: 450Mb L: 61/4817 MS: 1 EraseBytes-
#3000005	REDUCE cov: 188 ft: 927 corp: 261/125Kb lim: 4869 exec/s: 20689 rss: 450Mb L: 3904/4817 MS: 2 ChangeASCIIInt-EraseBytes-
#3002787	REDUCE cov: 188 ft: 927 corp: 261/125Kb lim: 4869 exec/s: 20708 rss: 450Mb L: 30/4817 MS: 2 ChangeASCIIInt-EraseBytes-
#3005448	REDUCE cov: 188 ft: 927 corp: 261/125Kb lim: 4869 exec/s: 20727 rss: 450Mb L: 37/4817 MS: 1 EraseBytes-
#3007730	REDUCE cov: 188 ft: 927 corp: 261/125Kb lim: 4869 exec/s: 20742 rss: 450Mb L: 515/4817 MS: 2 InsertByte-EraseBytes-
#3011887	REDUCE cov: 188 ft: 927 corp: 261/125Kb lim: 4869 exec/s: 20771 rss: 450Mb L: 41/4817 MS: 2 ChangeBit-EraseBytes-
#3021613	REDUCE cov: 188 ft: 927 corp: 261/125Kb lim: 4869 exec/s: 20695 rss: 450Mb L: 36/4817 MS: 1 EraseBytes-
#3026954	REDUCE cov: 188 ft: 927 corp: 261/125Kb lim: 4869 exec/s: 20732 rss: 450Mb L: 40/4817 MS: 1 EraseBytes-
#3027620	REDUCE cov: 188 ft: 927 corp: 261/125Kb lim: 4869 exec/s: 20737 rss: 450Mb L: 35/4817 MS: 1 EraseBytes-
#3030691	REDUCE cov: 188 ft: 927 corp: 261/125Kb lim: 4869 exec/s: 20758 rss: 450Mb L: 508/4817 MS: 1 EraseBytes-
#3030704	REDUCE cov: 188 ft: 927 corp: 261/125Kb lim: 4869 exec/s: 20758 rss: 450Mb L: 500/4817 MS: 3 ChangeBit-ChangeASCIIInt-EraseBytes-
#3047165	REDUCE cov: 188 ft: 927 corp: 261/125Kb lim: 4869 exec/s: 20729 rss: 450Mb L: 1614/4817 MS: 1 CrossOver-
#3047861	REDUCE cov: 188 ft: 927 corp: 261/125Kb lim: 4869 exec/s: 20733 rss: 450Mb L: 120/4817 MS: 1 EraseBytes-
#3049527	REDUCE cov: 188 ft: 927 corp: 261/125Kb lim: 4869 exec/s: 20745 rss: 450Mb L: 68/4817 MS: 1 EraseBytes-
#3054554	REDUCE cov: 188 ft: 927 corp: 261/125Kb lim: 4869 exec/s: 20779 rss: 450Mb L: 35/4817 MS: 2 ChangeASCIIInt-EraseBytes-
#3057395	REDUCE cov: 188 ft: 927 corp: 261/125Kb lim: 4869 exec/s: 20798 rss: 450Mb L: 31/4817 MS: 1 EraseBytes-
#3058336	REDUCE cov: 188 ft: 927 corp: 261/125Kb lim: 4869 exec/s: 20805 rss: 450Mb L: 2518/4817 MS: 1 EraseBytes-
#3065657	REDUCE cov: 188 ft: 927 corp: 261/125Kb lim: 4869 exec/s: 20713 rss: 450Mb L: 2513/4817 MS: 1 EraseBytes-
#3066023	REDUCE cov: 188 ft: 927 corp: 261/125Kb lim: 4869 exec/s: 20716 rss: 450Mb L: 59/4817 MS: 1 EraseBytes-
#3066587	REDUCE cov: 188 ft: 927 corp: 261/125Kb lim: 4869 exec/s: 20720 rss: 450Mb L: 494/4817 MS: 4 ShuffleBytes-InsertByte-ChangeBit-EraseBytes-
#3068353	REDUCE cov: 188 ft: 927 corp: 261/125Kb lim: 4869 exec/s: 20732 rss: 450Mb L: 957/4817 MS: 1 EraseBytes-
#3075035	REDUCE cov: 188 ft: 927 corp: 261/125Kb lim: 4869 exec/s: 20777 rss: 450Mb L: 75/4817 MS: 2 ChangeBinInt-EraseBytes-
#3076978	REDUCE cov: 188 ft: 929 corp: 262/125Kb lim: 4869 exec/s: 20790 rss: 450Mb L: 160/4817 MS: 3 CMP-EraseBytes-InsertRepeatedBytes- DE: "\001\000n\251\323O\016\200"-
#3082024	REDUCE cov: 188 ft: 929 corp: 262/125Kb lim: 4869 exec/s: 20684 rss: 450Mb L: 48/4817 MS: 1 EraseBytes-
#3085635	REDUCE cov: 188 ft: 929 corp: 262/125Kb lim: 4869 exec/s: 20708 rss: 450Mb L: 2025/4817 MS: 1 EraseBytes-
#3086022	REDUCE cov: 188 ft: 929 corp: 262/125Kb lim: 4869 exec/s: 20711 rss: 450Mb L: 499/4817 MS: 2 InsertByte-EraseBytes-
#3095045	REDUCE cov: 188 ft: 929 corp: 262/125Kb lim: 4869 exec/s: 20772 rss: 450Mb L: 249/4817 MS: 3 EraseBytes-ShuffleBytes-CopyPart-
#3096731	REDUCE cov: 188 ft: 929 corp: 262/125Kb lim: 4869 exec/s: 20783 rss: 450Mb L: 67/4817 MS: 1 EraseBytes-
#3098193	REDUCE cov: 188 ft: 929 corp: 262/125Kb lim: 4869 exec/s: 20793 rss: 450Mb L: 66/4817 MS: 2 ChangeBit-EraseBytes-
#3098641	REDUCE cov: 188 ft: 929 corp: 262/125Kb lim: 4869 exec/s: 20796 rss: 450Mb L: 106/4817 MS: 3 ShuffleBytes-ChangeASCIIInt-EraseBytes-
#3102937	REDUCE cov: 188 ft: 929 corp: 262/125Kb lim: 4869 exec/s: 20825 rss: 450Mb L: 2489/4817 MS: 1 EraseBytes-
#3105003	REDUCE cov: 188 ft: 929 corp: 262/125Kb lim: 4869 exec/s: 20700 rss: 450Mb L: 105/4817 MS: 1 EraseBytes-
#3109909	REDUCE cov: 188 ft: 929 corp: 262/125Kb lim: 4869 exec/s: 20732 rss: 450Mb L: 623/4817 MS: 1 EraseBytes-
#3112056	REDUCE cov: 188 ft: 929 corp: 262/125Kb lim: 4869 exec/s: 20747 rss: 450Mb L: 241/4817 MS: 2 ChangeBit-EraseBytes-
#3112614	REDUCE cov: 188 ft: 929 corp: 262/125Kb lim: 4869 exec/s: 20750 rss: 450Mb L: 687/4817 MS: 3 ChangeBit-InsertRepeatedBytes-EraseBytes-
#3123370	REDUCE cov: 188 ft: 929 corp: 262/125Kb lim: 4869 exec/s: 20822 rss: 450Mb L: 58/4817 MS: 1 EraseBytes-
#3126521	REDUCE cov: 188 ft: 929 corp: 262/125Kb lim: 4869 exec/s: 20705 rss: 450Mb L: 22/4817 MS: 1 EraseBytes-
#3132498	REDUCE cov: 188 ft: 929 corp: 262/125Kb lim: 4869 exec/s: 20745 rss: 450Mb L: 620/4817 MS: 2 InsertRepeatedBytes-EraseBytes-
#3137380	REDUCE cov: 188 ft: 929 corp: 262/125Kb lim: 4869 exec/s: 20777 rss: 450Mb L: 2412/4817 MS: 2 CMP-EraseBytes- DE: "\001\000ny\323\005m\002"-
#3139211	REDUCE cov: 188 ft: 929 corp: 262/125Kb lim: 4869 exec/s: 20789 rss: 450Mb L: 29/4817 MS: 1 CrossOver-
#3149098	REDUCE cov: 188 ft: 929 corp: 262/125Kb lim: 4869 exec/s: 20717 rss: 450Mb L: 43/4817 MS: 2 CMP-EraseBytes- DE: "sz"-
#3152344	REDUCE cov: 188 ft: 929 corp: 262/125Kb lim: 4869 exec/s: 20739 rss: 450Mb L: 469/4817 MS: 1 EraseBytes-
#3170197	REDUCE cov: 188 ft: 929 corp: 262/125Kb lim: 4869 exec/s: 20856 rss: 450Mb L: 2416/4817 MS: 3 CopyPart-ChangeBit-EraseBytes-
#3172358	REDUCE cov: 188 ft: 929 corp: 262/125Kb lim: 4869 exec/s: 20734 rss: 450Mb L: 2414/4817 MS: 1 EraseBytes-
#3178154	REDUCE cov: 188 ft: 929 corp: 262/125Kb lim: 4869 exec/s: 20772 rss: 450Mb L: 1085/4817 MS: 1 EraseBytes-
#3180475	REDUCE cov: 188 ft: 929 corp: 262/125Kb lim: 4869 exec/s: 20787 rss: 450Mb L: 2407/4817 MS: 1 EraseBytes-
#3181257	REDUCE cov: 188 ft: 929 corp: 262/125Kb lim: 4869 exec/s: 20792 rss: 450Mb L: 198/4817 MS: 2 ShuffleBytes-EraseBytes-
#3186530	REDUCE cov: 188 ft: 929 corp: 262/125Kb lim: 4869 exec/s: 20826 rss: 450Mb L: 465/4817 MS: 3 CrossOver-ChangeByte-EraseBytes-
#3187841	REDUCE cov: 188 ft: 929 corp: 262/125Kb lim: 4869 exec/s: 20835 rss: 450Mb L: 407/4817 MS: 1 EraseBytes-
#3190152	REDUCE cov: 188 ft: 929 corp: 262/125Kb lim: 4869 exec/s: 20850 rss: 450Mb L: 778/4817 MS: 1 EraseBytes-
#3196812	REDUCE cov: 188 ft: 929 corp: 262/125Kb lim: 4869 exec/s: 20758 rss: 450Mb L: 2326/4817 MS: 5 PersAutoDict-PersAutoDict-ShuffleBytes-PersAutoDict-EraseBytes- DE: "\000\000\000\374"-"\234\206\003\323\271n\000\000"-"\001\005"-
#3201753	REDUCE cov: 188 ft: 929 corp: 262/125Kb lim: 4869 exec/s: 20790 rss: 450Mb L: 32/4817 MS: 1 EraseBytes-
#3205130	REDUCE cov: 188 ft: 929 corp: 262/125Kb lim: 4869 exec/s: 20812 rss: 450Mb L: 777/4817 MS: 2 ChangeASCIIInt-EraseBytes-
#3208346	REDUCE cov: 188 ft: 929 corp: 262/125Kb lim: 4869 exec/s: 20833 rss: 450Mb L: 28/4817 MS: 1 EraseBytes-
#3225153	REDUCE cov: 188 ft: 929 corp: 262/125Kb lim: 4869 exec/s: 20807 rss: 450Mb L: 101/4817 MS: 2 ChangeASCIIInt-EraseBytes-
#3225549	REDUCE cov: 188 ft: 929 corp: 262/125Kb lim: 4869 exec/s: 20809 rss: 450Mb L: 240/4817 MS: 1 EraseBytes-
#3233301	REDUCE cov: 188 ft: 929 corp: 262/125Kb lim: 4869 exec/s: 20860 rss: 450Mb L: 757/4817 MS: 2 ChangeBinInt-EraseBytes-
#3237297	REDUCE cov: 188 ft: 929 corp: 262/125Kb lim: 4869 exec/s: 20885 rss: 450Mb L: 403/4817 MS: 1 EraseBytes-
#3237878	REDUCE cov: 188 ft: 929 corp: 262/125Kb lim: 4869 exec/s: 20889 rss: 450Mb L: 395/4817 MS: 1 EraseBytes-
#3242722	REDUCE cov: 188 ft: 931 corp: 263/126Kb lim: 4869 exec/s: 20786 rss: 450Mb L: 1150/4817 MS: 4 ChangeBit-CopyPart-CopyPart-CopyPart-
#3248246	REDUCE cov: 188 ft: 931 corp: 263/126Kb lim: 4869 exec/s: 20822 rss: 450Mb L: 742/4817 MS: 4 InsertByte-EraseBytes-ChangeBinInt-ChangeBinInt-
#3254802	REDUCE cov: 188 ft: 931 corp: 263/126Kb lim: 4869 exec/s: 20864 rss: 450Mb L: 738/4817 MS: 1 EraseBytes-
#3258368	REDUCE cov: 188 ft: 931 corp: 263/126Kb lim: 4869 exec/s: 20886 rss: 450Mb L: 90/4817 MS: 1 EraseBytes-
#3262420	REDUCE cov: 188 ft: 931 corp: 263/126Kb lim: 4869 exec/s: 20779 rss: 450Mb L: 57/4817 MS: 2 ChangeASCIIInt-EraseBytes-
#3266252	REDUCE cov: 188 ft: 931 corp: 263/126Kb lim: 4869 exec/s: 20804 rss: 450Mb L: 74/4817 MS: 2 ChangeASCIIInt-EraseBytes-
#3268488	REDUCE cov: 188 ft: 931 corp: 263/126Kb lim: 4869 exec/s: 20818 rss: 450Mb L: 1062/4817 MS: 1 EraseBytes-
#3269441	REDUCE cov: 188 ft: 931 corp: 263/126Kb lim: 4869 exec/s: 20824 rss: 450Mb L: 733/4817 MS: 3 ChangeBinInt-ChangeBit-EraseBytes-
#3274677	REDUCE cov: 188 ft: 931 corp: 263/126Kb lim: 4869 exec/s: 20857 rss: 450Mb L: 39/4817 MS: 1 EraseBytes-
#3279803	REDUCE cov: 188 ft: 931 corp: 263/126Kb lim: 4869 exec/s: 20890 rss: 450Mb L: 619/4817 MS: 1 EraseBytes-
#3280916	REDUCE cov: 188 ft: 931 corp: 263/126Kb lim: 4869 exec/s: 20897 rss: 450Mb L: 608/4817 MS: 3 ChangeBinInt-CMP-EraseBytes- DE: "\011\000"-
#3284734	REDUCE cov: 188 ft: 931 corp: 263/126Kb lim: 4869 exec/s: 20789 rss: 450Mb L: 91/4817 MS: 3 ChangeASCIIInt-InsertByte-EraseBytes-
#3285995	REDUCE cov: 188 ft: 931 corp: 263/126Kb lim: 4869 exec/s: 20797 rss: 450Mb L: 98/4817 MS: 1 EraseBytes-
#3287919	REDUCE cov: 188 ft: 931 corp: 263/126Kb lim: 4869 exec/s: 20809 rss: 450Mb L: 706/4817 MS: 4 PersAutoDict-CopyPart-InsertByte-CrossOver- DE: "\365\377\377\377"-
#3292095	REDUCE cov: 188 ft: 931 corp: 263/126Kb lim: 4869 exec/s: 20836 rss: 450Mb L: 885/4817 MS: 1 EraseBytes-
#3300626	REDUCE cov: 188 ft: 931 corp: 263/126Kb lim: 4869 exec/s: 20890 rss: 450Mb L: 117/4817 MS: 1 EraseBytes-
#3300922	REDUCE cov: 188 ft: 931 corp: 263/126Kb lim: 4869 exec/s: 20891 rss: 450Mb L: 2316/4817 MS: 1 EraseBytes-
#3302548	REDUCE cov: 188 ft: 931 corp: 263/126Kb lim: 4869 exec/s: 20902 rss: 450Mb L: 28/4817 MS: 1 EraseBytes-
#3305037	REDUCE cov: 188 ft: 931 corp: 263/126Kb lim: 4869 exec/s: 20917 rss: 450Mb L: 476/4817 MS: 4 ChangeASCIIInt-InsertByte-ShuffleBytes-EraseBytes-
#3316838	REDUCE cov: 188 ft: 931 corp: 263/126Kb lim: 4869 exec/s: 20860 rss: 450Mb L: 64/4817 MS: 1 EraseBytes-
#3318414	REDUCE cov: 188 ft: 931 corp: 263/126Kb lim: 4869 exec/s: 20870 rss: 450Mb L: 95/4817 MS: 1 EraseBytes-
#3322963	REDUCE cov: 188 ft: 931 corp: 263/126Kb lim: 4869 exec/s: 20899 rss: 450Mb L: 408/4817 MS: 4 ChangeASCIIInt-InsertByte-ChangeBinInt-EraseBytes-
#3322989	REDUCE cov: 188 ft: 931 corp: 263/126Kb lim: 4869 exec/s: 20899 rss: 450Mb L: 386/4817 MS: 1 EraseBytes-
#3323025	REDUCE cov: 188 ft: 931 corp: 263/126Kb lim: 4869 exec/s: 20899 rss: 450Mb L: 376/4817 MS: 1 EraseBytes-
#3323328	REDUCE cov: 188 ft: 931 corp: 263/126Kb lim: 4869 exec/s: 20901 rss: 450Mb L: 1124/4817 MS: 3 InsertByte-ChangeByte-EraseBytes-
#3323938	REDUCE cov: 188 ft: 931 corp: 263/126Kb lim: 4869 exec/s: 20905 rss: 450Mb L: 1072/4817 MS: 5 ChangeByte-ChangeASCIIInt-ChangeASCIIInt-CopyPart-EraseBytes-
#3333139	REDUCE cov: 188 ft: 931 corp: 263/126Kb lim: 4869 exec/s: 20832 rss: 450Mb L: 386/4817 MS: 1 EraseBytes-
#3333190	REDUCE cov: 188 ft: 931 corp: 263/126Kb lim: 4869 exec/s: 20832 rss: 450Mb L: 122/4817 MS: 1 EraseBytes-
#3333236	REDUCE cov: 188 ft: 931 corp: 263/126Kb lim: 4869 exec/s: 20832 rss: 450Mb L: 374/4817 MS: 1 EraseBytes-
#3341412	REDUCE cov: 188 ft: 931 corp: 263/126Kb lim: 4869 exec/s: 20883 rss: 450Mb L: 147/4817 MS: 1 EraseBytes-
#3343328	REDUCE cov: 188 ft: 931 corp: 263/126Kb lim: 4869 exec/s: 20895 rss: 450Mb L: 591/4817 MS: 1 EraseBytes-
#3348625	REDUCE cov: 188 ft: 931 corp: 263/126Kb lim: 4869 exec/s: 20928 rss: 450Mb L: 319/4817 MS: 2 PersAutoDict-EraseBytes- DE: "+\":,"-
#3348839	REDUCE cov: 188 ft: 931 corp: 263/126Kb lim: 4869 exec/s: 20930 rss: 450Mb L: 1658/4817 MS: 4 CMP-ShuffleBytes-ChangeByte-EraseBytes- DE: "\377\377\377\007"-
#3351025	REDUCE cov: 188 ft: 931 corp: 263/126Kb lim: 4869 exec/s: 20943 rss: 450Mb L: 213/4817 MS: 1 EraseBytes-
#3362635	REDUCE cov: 188 ft: 931 corp: 263/125Kb lim: 4869 exec/s: 20885 rss: 450Mb L: 585/4817 MS: 5 ChangeBinInt-PersAutoDict-InsertByte-ChangeBinInt-EraseBytes- DE: "side"-
#3366309	REDUCE cov: 188 ft: 931 corp: 263/125Kb lim: 4869 exec/s: 20908 rss: 450Mb L: 3847/4817 MS: 4 ChangeByte-CMP-ChangeASCIIInt-EraseBytes- DE: "side"-
#3369115	REDUCE cov: 188 ft: 931 corp: 263/125Kb lim: 4869 exec/s: 20926 rss: 450Mb L: 309/4817 MS: 1 EraseBytes-
#3392012	REDUCE cov: 188 ft: 931 corp: 263/125Kb lim: 4869 exec/s: 20938 rss: 450Mb L: 51/4817 MS: 2 ChangeASCIIInt-EraseBytes-
#3393020	REDUCE cov: 188 ft: 931 corp: 263/125Kb lim: 4869 exec/s: 20944 rss: 450Mb L: 1026/4817 MS: 3 ChangeByte-ChangeASCIIInt-EraseBytes-
#3393331	REDUCE cov: 188 ft: 931 corp: 263/125Kb lim: 4869 exec/s: 20946 rss: 450Mb L: 2282/4817 MS: 1 EraseBytes-
#3399262	REDUCE cov: 188 ft: 931 corp: 263/125Kb lim: 4869 exec/s: 20854 rss: 450Mb L: 874/4817 MS: 1 EraseBytes-
#3411453	REDUCE cov: 188 ft: 931 corp: 263/125Kb lim: 4869 exec/s: 20929 rss: 450Mb L: 875/4817 MS: 1 EraseBytes-
#3415020	REDUCE cov: 188 ft: 931 corp: 263/125Kb lim: 4869 exec/s: 20951 rss: 450Mb L: 46/4817 MS: 2 InsertByte-EraseBytes-
#3418942	REDUCE cov: 188 ft: 931 corp: 263/125Kb lim: 4869 exec/s: 20975 rss: 450Mb L: 555/4817 MS: 2 ChangeBinInt-EraseBytes-
#3420232	REDUCE cov: 188 ft: 931 corp: 263/125Kb lim: 4869 exec/s: 20855 rss: 450Mb L: 554/4817 MS: 5 EraseBytes-CrossOver-CMP-InsertByte-EraseBytes- DE: "\377\377\377\264"-
#3422015	REDUCE cov: 188 ft: 931 corp: 263/125Kb lim: 4869 exec/s: 20865 rss: 450Mb L: 551/4817 MS: 3 EraseBytes-ChangeBit-PersAutoDict- DE: "px\":\"z"-
#3425111	REDUCE cov: 188 ft: 931 corp: 263/125Kb lim: 4869 exec/s: 20884 rss: 450Mb L: 13/4817 MS: 1 EraseBytes-
#3441573	REDUCE cov: 188 ft: 931 corp: 263/125Kb lim: 4869 exec/s: 20858 rss: 450Mb L: 219/4817 MS: 2 ChangeByte-EraseBytes-
#3459650	REDUCE cov: 188 ft: 931 corp: 263/125Kb lim: 4869 exec/s: 20967 rss: 450Mb L: 2260/4817 MS: 2 InsertByte-EraseBytes-
#3461357	REDUCE cov: 188 ft: 931 corp: 263/125Kb lim: 4869 exec/s: 20977 rss: 450Mb L: 3846/4817 MS: 2 ChangeBinInt-EraseBytes-
#3485438	REDUCE cov: 188 ft: 931 corp: 263/125Kb lim: 4869 exec/s: 20996 rss: 450Mb L: 86/4817 MS: 1 EraseBytes-
#3485886	REDUCE cov: 188 ft: 931 corp: 263/125Kb lim: 4869 exec/s: 20999 rss: 450Mb L: 2253/4817 MS: 3 InsertByte-ChangeBit-EraseBytes-
#3488433	REDUCE cov: 188 ft: 931 corp: 263/125Kb lim: 4869 exec/s: 20888 rss: 450Mb L: 3836/4817 MS: 2 EraseBytes-CopyPart-
#3513269	REDUCE cov: 188 ft: 932 corp: 264/129Kb lim: 4869 exec/s: 20912 rss: 450Mb L: 3753/4817 MS: 1 InsertRepeatedBytes-
#3517251	REDUCE cov: 188 ft: 932 corp: 264/129Kb lim: 4869 exec/s: 20936 rss: 450Mb L: 119/4817 MS: 2 ShuffleBytes-EraseBytes-
#3519817	REDUCE cov: 188 ft: 932 corp: 264/129Kb lim: 4869 exec/s: 20951 rss: 450Mb L: 36/4817 MS: 1 EraseBytes-
#3520413	REDUCE cov: 188 ft: 932 corp: 264/129Kb lim: 4869 exec/s: 20954 rss: 450Mb L: 2059/4817 MS: 1 EraseBytes-
#3521295	REDUCE cov: 188 ft: 932 corp: 264/129Kb lim: 4869 exec/s: 20960 rss: 450Mb L: 62/4817 MS: 2 ChangeBit-EraseBytes-
#3524719	REDUCE cov: 188 ft: 932 corp: 264/129Kb lim: 4869 exec/s: 20980 rss: 450Mb L: 1651/4817 MS: 4 ChangeBinInt-ChangeBit-PersAutoDict-EraseBytes- DE: "\001\000ny\323\005m\002"-
#3526593	REDUCE cov: 188 ft: 932 corp: 264/129Kb lim: 4869 exec/s: 20991 rss: 450Mb L: 555/4817 MS: 4 ChangeByte-InsertByte-ShuffleBytes-EraseBytes-
#3527004	REDUCE cov: 188 ft: 932 corp: 264/129Kb lim: 4869 exec/s: 20994 rss: 450Mb L: 552/4817 MS: 1 EraseBytes-
#3540840	REDUCE cov: 188 ft: 932 corp: 264/129Kb lim: 4869 exec/s: 20951 rss: 450Mb L: 86/4817 MS: 1 EraseBytes-
#3545626	REDUCE cov: 188 ft: 932 corp: 264/129Kb lim: 4869 exec/s: 20980 rss: 450Mb L: 2244/4817 MS: 1 EraseBytes-
#3552548	REDUCE cov: 188 ft: 932 corp: 264/129Kb lim: 4869 exec/s: 20897 rss: 450Mb L: 549/4817 MS: 2 ShuffleBytes-EraseBytes-
#3553319	REDUCE cov: 188 ft: 932 corp: 264/129Kb lim: 4869 exec/s: 20901 rss: 450Mb L: 100/4817 MS: 1 EraseBytes-
#3554126	REDUCE cov: 188 ft: 932 corp: 264/129Kb lim: 4869 exec/s: 20906 rss: 450Mb L: 545/4817 MS: 2 ChangeBinInt-EraseBytes-
#3563297	REDUCE cov: 188 ft: 932 corp: 264/129Kb lim: 4869 exec/s: 20960 rss: 450Mb L: 91/4817 MS: 1 EraseBytes-
#3563414	REDUCE cov: 188 ft: 932 corp: 264/129Kb lim: 4869 exec/s: 20961 rss: 450Mb L: 35/4817 MS: 2 ChangeBit-EraseBytes-
#3581410	REDUCE cov: 188 ft: 932 corp: 264/129Kb lim: 4869 exec/s: 20943 rss: 450Mb L: 193/4817 MS: 1 EraseBytes-
#3582808	REDUCE cov: 188 ft: 932 corp: 264/129Kb lim: 4869 exec/s: 20952 rss: 450Mb L: 301/4817 MS: 3 PersAutoDict-InsertByte-EraseBytes- DE: "px"-
#3586909	REDUCE cov: 188 ft: 932 corp: 264/129Kb lim: 4869 exec/s: 20976 rss: 450Mb L: 72/4817 MS: 1 EraseBytes-
#3588821	REDUCE cov: 188 ft: 932 corp: 264/128Kb lim: 4869 exec/s: 20987 rss: 450Mb L: 492/4817 MS: 2 CrossOver-EraseBytes-
#3588922	REDUCE cov: 188 ft: 932 corp: 264/128Kb lim: 4869 exec/s: 20987 rss: 450Mb L: 550/4817 MS: 1 EraseBytes-
#3589283	REDUCE cov: 188 ft: 932 corp: 264/128Kb lim: 4869 exec/s: 20989 rss: 450Mb L: 1080/4817 MS: 1 EraseBytes-
#3601541	REDUCE cov: 188 ft: 932 corp: 264/128Kb lim: 4869 exec/s: 20939 rss: 450Mb L: 2235/4817 MS: 3 ShuffleBytes-ChangeBinInt-EraseBytes-
#3601768	REDUCE cov: 188 ft: 932 corp: 264/128Kb lim: 4869 exec/s: 20940 rss: 450Mb L: 2217/4817 MS: 2 ShuffleBytes-EraseBytes-
#3604438	REDUCE cov: 188 ft: 932 corp: 264/128Kb lim: 4869 exec/s: 20956 rss: 450Mb L: 976/4817 MS: 5 ChangeBit-PersAutoDict-ChangeBit-ChangeByte-EraseBytes- DE: "\377\377\377\374"-
#3605369	REDUCE cov: 188 ft: 932 corp: 264/128Kb lim: 4869 exec/s: 20961 rss: 450Mb L: 3597/4817 MS: 1 EraseBytes-
#3610175	REDUCE cov: 188 ft: 932 corp: 264/128Kb lim: 4869 exec/s: 20989 rss: 450Mb L: 1034/4817 MS: 1 EraseBytes-
#3628856	REDUCE cov: 188 ft: 932 corp: 264/128Kb lim: 4869 exec/s: 20976 rss: 450Mb L: 2214/4817 MS: 1 EraseBytes-
#3630882	REDUCE cov: 188 ft: 932 corp: 264/128Kb lim: 4869 exec/s: 20987 rss: 450Mb L: 3809/4817 MS: 1 EraseBytes-
#3633099	REDUCE cov: 188 ft: 932 corp: 264/128Kb lim: 4869 exec/s: 21000 rss: 450Mb L: 356/4817 MS: 2 ChangeASCIIInt-EraseBytes-
#3636795	REDUCE cov: 188 ft: 932 corp: 264/128Kb lim: 4869 exec/s: 21021 rss: 450Mb L: 1913/4817 MS: 1 EraseBytes-
#3636816	REDUCE cov: 188 ft: 932 corp: 264/128Kb lim: 4869 exec/s: 21022 rss: 450Mb L: 549/4817 MS: 1 EraseBytes-
#3638862	REDUCE cov: 188 ft: 932 corp: 264/128Kb lim: 4869 exec/s: 21033 rss: 450Mb L: 1641/4817 MS: 1 EraseBytes-
#3640269	REDUCE cov: 188 ft: 932 corp: 264/128Kb lim: 4869 exec/s: 21042 rss: 450Mb L: 93/4817 MS: 2 CopyPart-EraseBytes-
#3645596	REDUCE cov: 188 ft: 932 corp: 264/128Kb lim: 4869 exec/s: 20951 rss: 450Mb L: 344/4817 MS: 2 ChangeASCIIInt-EraseBytes-
#3646023	REDUCE cov: 188 ft: 932 corp: 264/128Kb lim: 4869 exec/s: 20954 rss: 450Mb L: 550/4817 MS: 2 ShuffleBytes-EraseBytes-
#3651149	REDUCE cov: 188 ft: 932 corp: 264/128Kb lim: 4869 exec/s: 20983 rss: 450Mb L: 980/4817 MS: 1 EraseBytes-
#3654878	REDUCE cov: 188 ft: 932 corp: 264/127Kb lim: 4869 exec/s: 21005 rss: 450Mb L: 1007/4817 MS: 4 ShuffleBytes-CMP-ChangeByte-EraseBytes- DE: "i\325\232\323in\000\000"-
#3661125	REDUCE cov: 188 ft: 932 corp: 264/127Kb lim: 4869 exec/s: 21040 rss: 450Mb L: 37/4817 MS: 2 ChangeASCIIInt-EraseBytes-
#3666496	REDUCE cov: 188 ft: 932 corp: 264/127Kb lim: 4869 exec/s: 20951 rss: 450Mb L: 90/4817 MS: 1 EraseBytes-
#3667872	REDUCE cov: 188 ft: 932 corp: 264/127Kb lim: 4869 exec/s: 20959 rss: 450Mb L: 590/4817 MS: 1 EraseBytes-
#3670545	REDUCE cov: 188 ft: 932 corp: 264/127Kb lim: 4869 exec/s: 20974 rss: 450Mb L: 122/4817 MS: 3 ChangeBinInt-ChangeByte-EraseBytes-
#3679122	REDUCE cov: 188 ft: 932 corp: 264/127Kb lim: 4869 exec/s: 21023 rss: 450Mb L: 954/4817 MS: 2 ChangeASCIIInt-EraseBytes-
#3679963	REDUCE cov: 188 ft: 932 corp: 264/127Kb lim: 4869 exec/s: 21028 rss: 450Mb L: 3549/4817 MS: 1 EraseBytes-
#3690336	REDUCE cov: 188 ft: 932 corp: 264/127Kb lim: 4869 exec/s: 20967 rss: 450Mb L: 227/4817 MS: 3 ChangeBit-PersAutoDict-EraseBytes- DE: "6\006\011\323)n\000\000"-
#3694557	REDUCE cov: 188 ft: 932 corp: 264/127Kb lim: 4869 exec/s: 20991 rss: 450Mb L: 165/4817 MS: 1 EraseBytes-
#3709899	REDUCE cov: 188 ft: 932 corp: 264/127Kb lim: 4869 exec/s: 20959 rss: 450Mb L: 3688/4817 MS: 2 ChangeBinInt-EraseBytes-
#3710746	REDUCE cov: 188 ft: 932 corp: 264/127Kb lim: 4869 exec/s: 20964 rss: 450Mb L: 25/4817 MS: 2 CopyPart-EraseBytes-
#3711410	REDUCE cov: 188 ft: 932 corp: 264/127Kb lim: 4869 exec/s: 20968 rss: 450Mb L: 181/4817 MS: 4 ChangeByte-ChangeByte-ChangeBinInt-EraseBytes-
#3711905	REDUCE cov: 188 ft: 932 corp: 264/127Kb lim: 4869 exec/s: 20971 rss: 450Mb L: 209/4817 MS: 5 CMP-ShuffleBytes-ChangeASCIIInt-ChangeByte-EraseBytes- DE: "\001\000\000\000\000\000\000\006"-
#3712182	REDUCE cov: 188 ft: 932 corp: 264/127Kb lim: 4869 exec/s: 20972 rss: 450Mb L: 2140/4817 MS: 2 InsertByte-EraseBytes-
#3722054	REDUCE cov: 188 ft: 932 corp: 264/127Kb lim: 4869 exec/s: 21028 rss: 450Mb L: 45/4817 MS: 2 ChangeASCIIInt-EraseBytes-
#3722186	REDUCE cov: 188 ft: 932 corp: 264/127Kb lim: 4869 exec/s: 21029 rss: 450Mb L: 57/4817 MS: 2 CrossOver-EraseBytes-
#3724109	REDUCE cov: 188 ft: 932 corp: 264/127Kb lim: 4869 exec/s: 21040 rss: 450Mb L: 210/4817 MS: 3 ChangeASCIIInt-CopyPart-EraseBytes-
#3727461	REDUCE cov: 188 ft: 932 corp: 264/127Kb lim: 4869 exec/s: 21059 rss: 450Mb L: 341/4817 MS: 2 ChangeASCIIInt-EraseBytes-
#3728687	REDUCE cov: 188 ft: 932 corp: 264/127Kb lim: 4869 exec/s: 21066 rss: 450Mb L: 38/4817 MS: 1 EraseBytes-
#3737373	REDUCE cov: 188 ft: 932 corp: 264/127Kb lim: 4869 exec/s: 20996 rss: 450Mb L: 999/4817 MS: 1 EraseBytes-
#3737884	REDUCE cov: 188 ft: 932 corp: 264/127Kb lim: 4869 exec/s: 20999 rss: 450Mb L: 1593/4817 MS: 1 EraseBytes-
#3741085	REDUCE cov: 188 ft: 932 corp: 264/127Kb lim: 4869 exec/s: 21017 rss: 450Mb L: 89/4817 MS: 1 EraseBytes-
#3745231	REDUCE cov: 188 ft: 932 corp: 264/127Kb lim: 4869 exec/s: 21040 rss: 450Mb L: 30/4817 MS: 1 EraseBytes-
#3755272	REDUCE cov: 188 ft: 932 corp: 264/127Kb lim: 4869 exec/s: 20979 rss: 450Mb L: 485/4817 MS: 1 CrossOver-
#3759453	REDUCE cov: 188 ft: 932 corp: 264/127Kb lim: 4869 exec/s: 21002 rss: 450Mb L: 548/4817 MS: 1 EraseBytes-
#3760640	REDUCE cov: 188 ft: 932 corp: 264/127Kb lim: 4869 exec/s: 21009 rss: 450Mb L: 143/4817 MS: 2 ChangeBit-EraseBytes-
#3764681	REDUCE cov: 188 ft: 932 corp: 264/127Kb lim: 4869 exec/s: 21031 rss: 450Mb L: 330/4817 MS: 1 EraseBytes-
#3768815	REDUCE cov: 188 ft: 932 corp: 264/127Kb lim: 4869 exec/s: 21054 rss: 450Mb L: 2086/4817 MS: 4 InsertByte-ChangeByte-ChangeByte-EraseBytes-
#3769431	REDUCE cov: 188 ft: 932 corp: 264/127Kb lim: 4869 exec/s: 21058 rss: 450Mb L: 38/4817 MS: 1 EraseBytes-
#3772182	REDUCE cov: 188 ft: 932 corp: 264/127Kb lim: 4869 exec/s: 21073 rss: 450Mb L: 1302/4817 MS: 1 EraseBytes-
#3776778	REDUCE cov: 188 ft: 932 corp: 264/127Kb lim: 4869 exec/s: 20982 rss: 450Mb L: 32/4817 MS: 1 EraseBytes-
#3778088	REDUCE cov: 188 ft: 932 corp: 264/127Kb lim: 4869 exec/s: 20989 rss: 450Mb L: 3710/4817 MS: 5 ShuffleBytes-ChangeByte-CMP-ChangeASCIIInt-EraseBytes- DE: "1879.9"-
#3780469	REDUCE cov: 188 ft: 932 corp: 264/127Kb lim: 4869 exec/s: 21002 rss: 450Mb L: 972/4817 MS: 1 EraseBytes-
#3783465	REDUCE cov: 188 ft: 932 corp: 264/127Kb lim: 4869 exec/s: 21019 rss: 450Mb L: 545/4817 MS: 1 EraseBytes-
#3785316	REDUCE cov: 188 ft: 932 corp: 264/127Kb lim: 4869 exec/s: 21029 rss: 450Mb L: 3881/4817 MS: 1 EraseBytes-
#3789782	REDUCE cov: 188 ft: 932 corp: 264/127Kb lim: 4869 exec/s: 21054 rss: 450Mb L: 850/4817 MS: 1 EraseBytes-
#3794576	REDUCE cov: 188 ft: 932 corp: 264/127Kb lim: 4869 exec/s: 21080 rss: 450Mb L: 2479/4817 MS: 4 ChangeBit-ChangeASCIIInt-InsertByte-EraseBytes-
#3796067	REDUCE cov: 188 ft: 932 corp: 264/127Kb lim: 4869 exec/s: 21089 rss: 450Mb L: 34/4817 MS: 1 EraseBytes-
#3802760	REDUCE cov: 188 ft: 932 corp: 264/127Kb lim: 4869 exec/s: 21009 rss: 450Mb L: 99/4817 MS: 3 InsertByte-InsertByte-EraseBytes-
#3814411	REDUCE cov: 188 ft: 932 corp: 264/127Kb lim: 4869 exec/s: 21074 rss: 450Mb L: 947/4817 MS: 1 EraseBytes-
#3822552	REDUCE cov: 188 ft: 932 corp: 264/127Kb lim: 4869 exec/s: 21003 rss: 450Mb L: 111/4817 MS: 1 EraseBytes-
#3824323	REDUCE cov: 188 ft: 932 corp: 264/127Kb lim: 4869 exec/s: 21012 rss: 450Mb L: 43/4817 MS: 1 EraseBytes-
#3825411	REDUCE cov: 188 ft: 932 corp: 264/127Kb lim: 4869 exec/s: 21018 rss: 450Mb L: 2040/4817 MS: 3 ShuffleBytes-ChangeBinInt-EraseBytes-
#3826007	REDUCE cov: 188 ft: 932 corp: 264/127Kb lim: 4869 exec/s: 21022 rss: 450Mb L: 110/4817 MS: 1 EraseBytes-
#3827413	REDUCE cov: 188 ft: 932 corp: 264/127Kb lim: 4869 exec/s: 21029 rss: 450Mb L: 3998/4817 MS: 1 EraseBytes-
#3830504	REDUCE cov: 188 ft: 932 corp: 264/127Kb lim: 4869 exec/s: 21046 rss: 450Mb L: 105/4817 MS: 1 EraseBytes-
#3832701	REDUCE cov: 188 ft: 932 corp: 264/127Kb lim: 4869 exec/s: 21058 rss: 450Mb L: 62/4817 MS: 2 ChangeBit-EraseBytes-
#3834161	REDUCE cov: 188 ft: 932 corp: 264/127Kb lim: 4869 exec/s: 21066 rss: 450Mb L: 937/4817 MS: 5 ChangeBit-ChangeASCIIInt-ChangeASCIIInt-ChangeByte-EraseBytes-
#3836853	REDUCE cov: 188 ft: 932 corp: 264/127Kb lim: 4869 exec/s: 21081 rss: 450Mb L: 537/4817 MS: 2 ChangeBinInt-EraseBytes-
#3844069	REDUCE cov: 188 ft: 932 corp: 264/127Kb lim: 4869 exec/s: 21121 rss: 450Mb L: 2349/4817 MS: 1 EraseBytes-
#3853827	REDUCE cov: 188 ft: 932 corp: 264/127Kb lim: 4869 exec/s: 21059 rss: 450Mb L: 54/4817 MS: 3 ChangeBit-ChangeBit-EraseBytes-
#3860321	REDUCE cov: 188 ft: 932 corp: 264/127Kb lim: 4869 exec/s: 21094 rss: 450Mb L: 894/4817 MS: 4 ChangeASCIIInt-PersAutoDict-InsertByte-EraseBytes- DE: "\377\377\377\325"-
#3863186	REDUCE cov: 188 ft: 932 corp: 264/127Kb lim: 4869 exec/s: 21110 rss: 450Mb L: 956/4817 MS: 5 CopyPart-ShuffleBytes-ShuffleBytes-ChangeBinInt-EraseBytes-
#3881482	REDUCE cov: 188 ft: 932 corp: 264/127Kb lim: 4869 exec/s: 21095 rss: 450Mb L: 2012/4817 MS: 1 EraseBytes-
#3882364	REDUCE cov: 188 ft: 932 corp: 264/127Kb lim: 4869 exec/s: 21099 rss: 450Mb L: 104/4817 MS: 2 ShuffleBytes-EraseBytes-
#3885230	REDUCE cov: 188 ft: 932 corp: 264/127Kb lim: 4869 exec/s: 21115 rss: 450Mb L: 954/4817 MS: 1 CrossOver-
#3887626	REDUCE cov: 188 ft: 932 corp: 264/127Kb lim: 4869 exec/s: 21128 rss: 450Mb L: 88/4817 MS: 1 EraseBytes-
#3891597	REDUCE cov: 188 ft: 932 corp: 264/126Kb lim: 4869 exec/s: 21035 rss: 450Mb L: 524/4817 MS: 1 EraseBytes-
#3892738	REDUCE cov: 188 ft: 932 corp: 264/126Kb lim: 4869 exec/s: 21041 rss: 450Mb L: 33/4817 MS: 1 EraseBytes-
#3898115	REDUCE cov: 188 ft: 932 corp: 264/126Kb lim: 4869 exec/s: 21070 rss: 450Mb L: 84/4817 MS: 2 ChangeASCIIInt-EraseBytes-
#3904021	REDUCE cov: 188 ft: 932 corp: 264/126Kb lim: 4869 exec/s: 21102 rss: 450Mb L: 323/4817 MS: 1 EraseBytes-
#3907869	REDUCE cov: 188 ft: 932 corp: 264/126Kb lim: 4869 exec/s: 21123 rss: 450Mb L: 319/4817 MS: 3 ChangeASCIIInt-PersAutoDict-EraseBytes- DE: "\305\377\377\377"-
#3917161	REDUCE cov: 188 ft: 932 corp: 264/126Kb lim: 4869 exec/s: 21060 rss: 450Mb L: 538/4817 MS: 2 ShuffleBytes-EraseBytes-
#3917932	REDUCE cov: 188 ft: 932 corp: 264/126Kb lim: 4869 exec/s: 21064 rss: 450Mb L: 1942/4817 MS: 1 EraseBytes-
#3923689	REDUCE cov: 188 ft: 932 corp: 264/126Kb lim: 4869 exec/s: 21095 rss: 450Mb L: 243/4817 MS: 2 ShuffleBytes-EraseBytes-
#3931630	REDUCE cov: 188 ft: 932 corp: 264/126Kb lim: 4869 exec/s: 21137 rss: 450Mb L: 507/4817 MS: 1 EraseBytes-
#3938819	REDUCE cov: 188 ft: 932 corp: 264/126Kb lim: 4869 exec/s: 21063 rss: 450Mb L: 3787/4817 MS: 4 CrossOver-ChangeASCIIInt-ChangeASCIIInt-EraseBytes-
#3939705	REDUCE cov: 188 ft: 932 corp: 264/126Kb lim: 4869 exec/s: 21067 rss: 450Mb L: 458/4817 MS: 1 EraseBytes-
#3945851	REDUCE cov: 188 ft: 932 corp: 264/126Kb lim: 4869 exec/s: 21100 rss: 450Mb L: 87/4817 MS: 1 EraseBytes-
#3950972	REDUCE cov: 188 ft: 932 corp: 264/126Kb lim: 4869 exec/s: 21128 rss: 450Mb L: 504/4817 MS: 1 EraseBytes-
#3951883	REDUCE cov: 188 ft: 932 corp: 264/126Kb lim: 4869 exec/s: 21133 rss: 450Mb L: 129/4817 MS: 1 EraseBytes-
#3953159	REDUCE cov: 188 ft: 932 corp: 264/126Kb lim: 4869 exec/s: 21139 rss: 450Mb L: 503/4817 MS: 1 EraseBytes-
#3955636	REDUCE cov: 188 ft: 932 corp: 264/126Kb lim: 4869 exec/s: 21153 rss: 450Mb L: 3504/4817 MS: 2 ChangeASCIIInt-EraseBytes-
#3958347	REDUCE cov: 188 ft: 932 corp: 264/126Kb lim: 4869 exec/s: 21167 rss: 450Mb L: 303/4817 MS: 1 EraseBytes-
#3962433	REDUCE cov: 188 ft: 932 corp: 264/126Kb lim: 4869 exec/s: 21076 rss: 450Mb L: 89/4817 MS: 1 EraseBytes-
#3964329	REDUCE cov: 188 ft: 932 corp: 264/126Kb lim: 4869 exec/s: 21086 rss: 450Mb L: 239/4817 MS: 1 EraseBytes-
#3976785	REDUCE cov: 188 ft: 932 corp: 264/126Kb lim: 4869 exec/s: 21153 rss: 450Mb L: 31/4817 MS: 1 EraseBytes-
#3977926	REDUCE cov: 188 ft: 932 corp: 264/126Kb lim: 4869 exec/s: 21159 rss: 450Mb L: 953/4817 MS: 1 EraseBytes-
#3980912	REDUCE cov: 188 ft: 932 corp: 264/126Kb lim: 4869 exec/s: 21175 rss: 450Mb L: 69/4817 MS: 1 EraseBytes-
#3983644	REDUCE cov: 188 ft: 932 corp: 264/126Kb lim: 4869 exec/s: 21189 rss: 450Mb L: 99/4817 MS: 2 ChangeByte-EraseBytes-
#3988130	REDUCE cov: 188 ft: 932 corp: 264/126Kb lim: 4869 exec/s: 21101 rss: 450Mb L: 192/4817 MS: 1 EraseBytes-
#3988191	REDUCE cov: 188 ft: 932 corp: 264/126Kb lim: 4869 exec/s: 21101 rss: 450Mb L: 237/4817 MS: 1 EraseBytes-
#3996637	REDUCE cov: 188 ft: 932 corp: 264/126Kb lim: 4869 exec/s: 21146 rss: 450Mb L: 234/4817 MS: 1 EraseBytes-
#4004983	REDUCE cov: 188 ft: 932 corp: 264/126Kb lim: 4869 exec/s: 21190 rss: 450Mb L: 233/4817 MS: 1 EraseBytes-
#4007174	REDUCE cov: 188 ft: 932 corp: 264/126Kb lim: 4869 exec/s: 21201 rss: 450Mb L: 481/4817 MS: 1 EraseBytes-
#4034995	REDUCE cov: 188 ft: 932 corp: 264/126Kb lim: 4869 exec/s: 21125 rss: 450Mb L: 229/4817 MS: 1 EraseBytes-
#4046092	REDUCE cov: 188 ft: 932 corp: 264/126Kb lim: 4869 exec/s: 21183 rss: 450Mb L: 1628/4817 MS: 2 ChangeBinInt-EraseBytes-
#4046613	REDUCE cov: 188 ft: 932 corp: 264/126Kb lim: 4869 exec/s: 21186 rss: 450Mb L: 133/4817 MS: 1 EraseBytes-
#4052209	REDUCE cov: 188 ft: 932 corp: 264/126Kb lim: 4869 exec/s: 21215 rss: 450Mb L: 3996/4817 MS: 1 EraseBytes-
#4053611	REDUCE cov: 188 ft: 932 corp: 264/126Kb lim: 4869 exec/s: 21223 rss: 450Mb L: 82/4817 MS: 2 ChangeByte-EraseBytes-
#4055792	REDUCE cov: 188 ft: 932 corp: 264/126Kb lim: 4869 exec/s: 21123 rss: 450Mb L: 97/4817 MS: 1 EraseBytes-
#4058228	REDUCE cov: 188 ft: 932 corp: 264/126Kb lim: 4869 exec/s: 21136 rss: 450Mb L: 3805/4817 MS: 1 EraseBytes-
#4060654	REDUCE cov: 188 ft: 932 corp: 264/126Kb lim: 4869 exec/s: 21149 rss: 450Mb L: 944/4817 MS: 1 EraseBytes-
#4066055	REDUCE cov: 188 ft: 932 corp: 264/126Kb lim: 4869 exec/s: 21177 rss: 450Mb L: 47/4817 MS: 1 EraseBytes-
#4066357	REDUCE cov: 188 ft: 932 corp: 264/126Kb lim: 4869 exec/s: 21178 rss: 450Mb L: 30/4817 MS: 2 ChangeBit-EraseBytes-
#4068523	REDUCE cov: 188 ft: 932 corp: 264/126Kb lim: 4869 exec/s: 21190 rss: 450Mb L: 3540/4817 MS: 1 EraseBytes-
#4068549	REDUCE cov: 188 ft: 932 corp: 264/126Kb lim: 4869 exec/s: 21190 rss: 450Mb L: 232/4817 MS: 1 EraseBytes-
#4076071	REDUCE cov: 188 ft: 932 corp: 264/126Kb lim: 4869 exec/s: 21229 rss: 450Mb L: 90/4817 MS: 2 ChangeASCIIInt-EraseBytes-
#4088118	REDUCE cov: 188 ft: 932 corp: 264/126Kb lim: 4869 exec/s: 21181 rss: 450Mb L: 88/4817 MS: 2 ChangeASCIIInt-EraseBytes-
#4088329	REDUCE cov: 188 ft: 932 corp: 264/126Kb lim: 4869 exec/s: 21183 rss: 450Mb L: 87/4817 MS: 1 EraseBytes-
#4095085	REDUCE cov: 188 ft: 932 corp: 264/126Kb lim: 4869 exec/s: 21218 rss: 450Mb L: 227/4817 MS: 1 EraseBytes-
#4103346	REDUCE cov: 188 ft: 932 corp: 264/126Kb lim: 4869 exec/s: 21151 rss: 450Mb L: 24/4817 MS: 1 EraseBytes-
#4103952	REDUCE cov: 188 ft: 932 corp: 264/126Kb lim: 4869 exec/s: 21154 rss: 450Mb L: 113/4817 MS: 1 EraseBytes-
#4116035	REDUCE cov: 188 ft: 932 corp: 264/126Kb lim: 4869 exec/s: 21216 rss: 450Mb L: 825/4817 MS: 3 CopyPart-ChangeASCIIInt-EraseBytes-
#4121711	REDUCE cov: 188 ft: 932 corp: 264/126Kb lim: 4869 exec/s: 21245 rss: 450Mb L: 56/4817 MS: 1 EraseBytes-
#4127062	REDUCE cov: 188 ft: 932 corp: 264/126Kb lim: 4869 exec/s: 21164 rss: 450Mb L: 70/4817 MS: 1 EraseBytes-
#4140253	REDUCE cov: 188 ft: 932 corp: 264/126Kb lim: 4869 exec/s: 21232 rss: 450Mb L: 89/4817 MS: 1 EraseBytes-
#4142235	REDUCE cov: 188 ft: 932 corp: 264/126Kb lim: 4869 exec/s: 21242 rss: 450Mb L: 109/4817 MS: 2 ChangeBit-EraseBytes-
#4150336	REDUCE cov: 188 ft: 932 corp: 264/126Kb lim: 4869 exec/s: 21175 rss: 450Mb L: 301/4817 MS: 1 EraseBytes-
#4153148	REDUCE cov: 188 ft: 932 corp: 264/126Kb lim: 4869 exec/s: 21189 rss: 450Mb L: 20/4817 MS: 2 ChangeASCIIInt-EraseBytes-
#4158019	REDUCE cov: 188 ft: 932 corp: 264/126Kb lim: 4869 exec/s: 21214 rss: 450Mb L: 86/4817 MS: 1 EraseBytes-
#4158280	REDUCE cov: 188 ft: 932 corp: 264/126Kb lim: 4869 exec/s: 21215 rss: 450Mb L: 377/4817 MS: 1 EraseBytes-
#4159143	REDUCE cov: 188 ft: 932 corp: 264/126Kb lim: 4869 exec/s: 21220 rss: 450Mb L: 196/4817 MS: 3 ShuffleBytes-ChangeBit-EraseBytes-
#4160999	REDUCE cov: 188 ft: 932 corp: 264/126Kb lim: 4869 exec/s: 21229 rss: 450Mb L: 41/4817 MS: 1 EraseBytes-
#4171880	REDUCE cov: 188 ft: 932 corp: 264/126Kb lim: 4869 exec/s: 21285 rss: 450Mb L: 174/4817 MS: 1 EraseBytes-
#4174186	REDUCE cov: 188 ft: 932 corp: 264/126Kb lim: 4869 exec/s: 21188 rss: 450Mb L: 478/4817 MS: 1 EraseBytes-
#4178327	REDUCE cov: 188 ft: 932 corp: 264/126Kb lim: 4869 exec/s: 21209 rss: 450Mb L: 115/4817 MS: 1 EraseBytes-
#4178959	REDUCE cov: 188 ft: 932 corp: 264/126Kb lim: 4869 exec/s: 21212 rss: 450Mb L: 472/4817 MS: 2 ChangeBit-EraseBytes-
#4194304	pulse  cov: 188 ft: 932 corp: 264/126Kb lim: 4869 exec/s: 21290 rss: 450Mb
#4221635	REDUCE cov: 188 ft: 932 corp: 264/126Kb lim: 4869 exec/s: 21214 rss: 450Mb L: 84/4817 MS: 1 EraseBytes-
#4230736	REDUCE cov: 188 ft: 932 corp: 264/126Kb lim: 4869 exec/s: 21259 rss: 450Mb L: 946/4817 MS: 1 EraseBytes-
#4236043	REDUCE cov: 188 ft: 932 corp: 264/126Kb lim: 4869 exec/s: 21286 rss: 450Mb L: 363/4817 MS: 2 PersAutoDict-EraseBytes- DE: "2\324a\323\211n\000\000"-
#4236701	REDUCE cov: 188 ft: 932 corp: 264/126Kb lim: 4869 exec/s: 21289 rss: 450Mb L: 56/4817 MS: 3 PersAutoDict-ChangeByte-EraseBytes- DE: "\001\000ny\323\005m\002"-
#4237052	REDUCE cov: 188 ft: 932 corp: 264/126Kb lim: 4869 exec/s: 21291 rss: 450Mb L: 46/4817 MS: 1 EraseBytes-
#4237634	REDUCE cov: 188 ft: 932 corp: 264/126Kb lim: 4869 exec/s: 21294 rss: 450Mb L: 284/4817 MS: 2 EraseBytes-CopyPart-
#4240410	REDUCE cov: 188 ft: 932 corp: 264/126Kb lim: 4869 exec/s: 21308 rss: 450Mb L: 1941/4817 MS: 1 EraseBytes-
#4241521	REDUCE cov: 188 ft: 932 corp: 264/126Kb lim: 4869 exec/s: 21207 rss: 450Mb L: 42/4817 MS: 1 EraseBytes-
#4242244	REDUCE cov: 188 ft: 932 corp: 264/126Kb lim: 4869 exec/s: 21211 rss: 450Mb L: 897/4817 MS: 3 CopyPart-CrossOver-EraseBytes-
#4243977	REDUCE cov: 188 ft: 932 corp: 264/126Kb lim: 4869 exec/s: 21219 rss: 450Mb L: 61/4817 MS: 3 CrossOver-ChangeBit-EraseBytes-
#4246440	REDUCE cov: 188 ft: 932 corp: 264/126Kb lim: 4869 exec/s: 21232 rss: 450Mb L: 172/4817 MS: 3 CMP-InsertByte-EraseBytes- DE: "\000\000\000\004"-
#4250691	REDUCE cov: 188 ft: 932 corp: 264/126Kb lim: 4869 exec/s: 21253 rss: 450Mb L: 331/4817 MS: 1 EraseBytes-
#4256958	REDUCE cov: 188 ft: 932 corp: 264/125Kb lim: 4869 exec/s: 21284 rss: 450Mb L: 96/4817 MS: 2 ChangeASCIIInt-EraseBytes-
#4260017	REDUCE cov: 188 ft: 932 corp: 264/125Kb lim: 4869 exec/s: 21300 rss: 450Mb L: 19/4817 MS: 4 ShuffleBytes-PersAutoDict-EraseBytes-EraseBytes- DE: "\377\377\377\374"-
#4265417	DONE   cov: 188 ft: 932 corp: 264/125Kb lim: 4869 exec/s: 21220 rss: 450Mb
###### Recommended dictionary. ######
"sz\":" # Uses: 2459
"\013\000\000\000\000\000\000\000" # Uses: 2408
"\001\000\000\000" # Uses: 2430
"\376\377\377\270" # Uses: 2449
"\001\000" # Uses: 2525
"time" # Uses: 2502
"rx" # Uses: 2485
"side" # Uses: 2579
"\001\000\000\000\000\000\000\000" # Uses: 2458
"px" # Uses: 2538
"\310\377\377\377" # Uses: 2452
"\377\377\377\272" # Uses: 2511
"\234\206\003\323\271n\000\000" # Uses: 2484
"\377\377\377\360" # Uses: 2459
"\000\000\000\000" # Uses: 2483
"[\003\000\000\000\000\000\000" # Uses: 2434
"hash\":" # Uses: 2399
"tid" # Uses: 2353
"\000\000\000\000\000\000\000\000" # Uses: 2417
"\262\027\011\323\251n\000\000" # Uses: 2316
"sx" # Uses: 2538
"\001\000n\251\323\011\233M" # Uses: 2390
"\306\377\377\377" # Uses: 2468
"\001\000\000\000\000\000\000\027" # Uses: 2379
"\001\000\000\001" # Uses: 2431
"\377\377\377\377\377\377\377\377" # Uses: 2469
"levels" # Uses: 2332
"\377\002" # Uses: 2549
".9" # Uses: 2481
"\011\000" # Uses: 2467
"\002\000" # Uses: 2516
"6\006\011\323)n\000\000" # Uses: 2339
"sz" # Uses: 2494
"b\371+\323\251n\000\000" # Uses: 2396
"ETvH" # Uses: 2320
"\316\377\377\377" # Uses: 2389
"\373\377\377\377" # Uses: 2485
"px\":\"z" # Uses: 2461
"\377\377\377\377\377\377\000C" # Uses: 2426
"\365\351;\323\271n\000\000" # Uses: 2469
"\377\377\377\377\377\377\377\005" # Uses: 2419
"D*>\323\271n\000\000" # Uses: 2444
"\377\377\377\305" # Uses: 2482
"\324\013\006\323\371n\000\000" # Uses: 2358
"3c2c\"," # Uses: 2420
"\007\000\000\000" # Uses: 2438
"\000\000\000\010" # Uses: 2358
"\377\377m9\3230\314\343" # Uses: 2303
"\000\000n\211\323\026cc" # Uses: 2395
"\377\377mi\323@\363/" # Uses: 2378
"\377\377\377\373" # Uses: 2384
"\377\377\377\377" # Uses: 2377
"\007\000\000\000\000\000\000\000" # Uses: 2386
":{" # Uses: 2511
"s\"px" # Uses: 2390
"\265\026\011\323\031n\000\000" # Uses: 2393
"\000\005" # Uses: 2333
"\000\003" # Uses: 2401
"\223\347\012\323\031n\000\000" # Uses: 2404
"\377\377\377\325" # Uses: 2374
"\377\377m\251\323\317\217w" # Uses: 2282
",5" # Uses: 2436
"\376\377\377\367" # Uses: 2436
"\377\377\377\374" # Uses: 2295
"\377\377\377\375" # Uses: 2383
"\000\000\000\307" # Uses: 2395
"\315\277\017\323\031n\000\000" # Uses: 2257
"]\000\000\000\000\000\000\000" # Uses: 2328
"\001\000\000\000\000\000\0006" # Uses: 2344
"\376\377\377\356" # Uses: 2315
"px\":" # Uses: 2280
"\000\000mI\322\377\212~" # Uses: 2331
"\022\000\000\000" # Uses: 2367
"\322\377\377\377" # Uses: 2297
"\000\000nI\323/\334\001" # Uses: 2308
"\001\202" # Uses: 2370
"\377\377\377\377\377\377\377\016" # Uses: 2410
"2\324a\323\211n\000\000" # Uses: 2370
"H\231\002\323\311m\000\000" # Uses: 2321
"\377\377\377\377\377\377\377o" # Uses: 2239
"\000\000\000\000\000\000\000\006" # Uses: 2292
"\000\000\000\005" # Uses: 2264
"W\032\004\323\251m\000\000" # Uses: 2347
"\000\000m\371\323\"@D" # Uses: 2273
"\"," # Uses: 2389
"\377\377\377\271" # Uses: 2269
"\377\377m\031\323&D@" # Uses: 2267
"\004\000\000\000" # Uses: 2274
"\001\000\000\003" # Uses: 2374
"\344\177u\350" # Uses: 2386
"\001\015" # Uses: 2340
"\000\000m\251\323\006\177\253" # Uses: 2258
"side\":" # Uses: 2198
"634" # Uses: 2291
"\360\377\377\377" # Uses: 2283
"\005\000\000\000\000\000\000\000" # Uses: 2239
"\203_\022\324\271n\000\000" # Uses: 2244
"\000\000m\371\3232\276\315" # Uses: 2159
"\314\245\010\323\251m\000\000" # Uses: 2268
"\253\3227\323\371m\000\000" # Uses: 2232
"P\000\000\000\000\000\000\000" # Uses: 2212
"\317\260\006\323Im\000\000" # Uses: 2178
"\337u\355\3239n\000\000" # Uses: 2271
"\000\000n9\323\356\332\245" # Uses: 2096
"\374\377\377\377" # Uses: 2156
"\000\000n\251\323@>\220" # Uses: 2127
"\313\377\377\377" # Uses: 2215
"\001\000\000\000\000\000\000\004" # Uses: 2148
"\311\305\027\323\311m\000\000" # Uses: 2108
"\001\000m\231\323\004\302\216" # Uses: 2138
"0.03" # Uses: 2124
"+\":," # Uses: 2151
"\000\000m\351\323\244\337\232" # Uses: 2166
"n8\"," # Uses: 2065
"\342\334\177\316" # Uses: 2145
"\271\377\377\377" # Uses: 2030
"book" # Uses: 2143
"\377\377" # Uses: 2103
"\001\000\000\010" # Uses: 2097
"\010\000\000\000" # Uses: 2137
"\000\000" # Uses: 2071
"0n" # Uses: 2087
"\263\377\377\377" # Uses: 2114
"-x\005\323Im\000\000" # Uses: 1941
"le[{" # Uses: 2036
"\000\000\000\272" # Uses: 1918
"\001\000\000\000\000\000\000\016" # Uses: 1935
"\001\000\000\000\000\000\014\372" # Uses: 1916
"\200|\264\323\271n\000\000" # Uses: 1823
"\232>\002\323\371l\000\000" # Uses: 1891
"\323\377\377\377" # Uses: 1948
"\377\377\377\304" # Uses: 1874
"\376\377\377\310" # Uses: 1910
"\365\377\377\377" # Uses: 1835
"\000\000\000\367" # Uses: 1846
"\244\0036\323\371m\000\000" # Uses: 1795
"\275\377\377\377" # Uses: 1762
"\001\000\000\002" # Uses: 1801
"\003\000\000\000\000\000\000\000" # Uses: 1769
"}z\":" # Uses: 1804
"\001\005" # Uses: 1777
"\304\377\377\377" # Uses: 1768
"'n" # Uses: 1794
"\312\255^\323\251n\000\000" # Uses: 1725
"\213A\246\324\251n\000\000" # Uses: 1616
"\377\377\377\377\377\377\377\000" # Uses: 1676
"\377\377\377\322" # Uses: 1650
"\001\000n\271\324\336kw" # Uses: 1635
":18},{" # Uses: 1665
"\2101,{" # Uses: 1656
"\305\377\377\377" # Uses: 1647
"\376\377\377\375" # Uses: 1620
"\034\353\020\323\011m\000\000" # Uses: 1602
"\201\010\001\323\311m\000\000" # Uses: 1499
"0.02" # Uses: 1482
"\001\001" # Uses: 1466
"\026\332!\323\311m\000\000" # Uses: 1352
"\201\364\002\3239m\000\000" # Uses: 1388
"\201\000\022\323in\000\000" # Uses: 1244
"\000\000\000\374" # Uses: 1328
":8s6,\"" # Uses: 1210
"39" # Uses: 1270
"s\206\335:" # Uses: 1187
"tim1" # Uses: 1140
"\251\377\324\334" # Uses: 1056
"\376\377\377\276" # Uses: 852
"l," # Uses: 808
"\366\377\377\377" # Uses: 802
"\000\000\000\000\000\000\000\031" # Uses: 791
"\303\377\377\377" # Uses: 780
"\001\000n\251\323O\016\200" # Uses: 571
"\001\000ny\323\005m\002" # Uses: 561
"\377\377\377\007" # Uses: 436
"\377\377\377\264" # Uses: 401
"i\325\232\323in\000\000" # Uses: 302
"\001\000\000\000\000\000\000\006" # Uses: 275
"1879.9" # Uses: 234
"\000\000\000\004" # Uses: 4
###### End of recommended dictionary. ######
Done 4265417 runs in 201 second(s)
stat::number_of_executed_units: 4265417
stat::average_exec_per_sec:     21220
stat::new_units_added:          4712
stat::slowest_unit_time_sec:    0
stat::peak_rss_mb:              450
