INFO: Running with entropic power schedule (0xFF, 100).
INFO: Seed: 2846084317
INFO: Loaded 1 modules   (1800 inline 8-bit counters): 1800 [0x5a5cba7cb960, 0x5a5cba7cc068), 
INFO: Loaded 1 PC tables (1800 PCs): 1800 [0x5a5cba7cc068,0x5a5cba7d30e8), 
INFO:        2 files found in /home/ubuntu/latencytax/fuzz/corpus/itch
INFO: -max_len is not provided; libFuzzer will not generate inputs larger than 200000 bytes
INFO: seed corpus: files: 2 min: 4000b max: 200000b total: 204000b rss: 32Mb
#3	INITED cov: 373 ft: 437 corp: 2/199Kb exec/s: 0 rss: 46Mb
#4	NEW    cov: 375 ft: 522 corp: 3/350Kb lim: 200000 exec/s: 0 rss: 48Mb L: 154771/200000 MS: 1 EraseBytes-
#5	NEW    cov: 375 ft: 555 corp: 4/503Kb lim: 200000 exec/s: 0 rss: 49Mb L: 157241/200000 MS: 1 CrossOver-
#6	NEW    cov: 376 ft: 556 corp: 5/657Kb lim: 200000 exec/s: 0 rss: 50Mb L: 157241/200000 MS: 1 ChangeBinInt-
#8	NEW    cov: 377 ft: 558 corp: 6/752Kb lim: 200000 exec/s: 0 rss: 52Mb L: 97665/200000 MS: 2 ChangeASCIIInt-EraseBytes-
#10	NEW    cov: 377 ft: 621 corp: 7/909Kb lim: 200000 exec/s: 0 rss: 53Mb L: 159918/200000 MS: 2 ChangeByte-CrossOver-
#13	NEW    cov: 379 ft: 623 corp: 8/1062Kb lim: 200000 exec/s: 0 rss: 56Mb L: 157241/200000 MS: 3 ShuffleBytes-ChangeBit-ChangeByte-
#14	NEW    cov: 381 ft: 625 corp: 9/1257Kb lim: 200000 exec/s: 0 rss: 57Mb L: 200000/200000 MS: 1 CMP- DE: "\016\000\000\000\000\000\000\000"-
#18	NEW    cov: 381 ft: 626 corp: 10/1418Kb lim: 200000 exec/s: 0 rss: 62Mb L: 164821/200000 MS: 4 ChangeByte-ShuffleBytes-ChangeBit-EraseBytes-
#19	NEW    cov: 381 ft: 642 corp: 11/1572Kb lim: 200000 exec/s: 0 rss: 63Mb L: 157241/200000 MS: 1 CopyPart-
#21	NEW    cov: 381 ft: 661 corp: 12/1574Kb lim: 200000 exec/s: 0 rss: 63Mb L: 2240/200000 MS: 2 ChangeByte-EraseBytes-
#23	REDUCE cov: 381 ft: 661 corp: 12/1558Kb lim: 200000 exec/s: 0 rss: 65Mb L: 140991/200000 MS: 2 CopyPart-CrossOver-
#24	NEW    cov: 382 ft: 689 corp: 13/1647Kb lim: 200000 exec/s: 0 rss: 65Mb L: 90668/200000 MS: 1 EraseBytes-
#30	NEW    cov: 382 ft: 691 corp: 14/1772Kb lim: 200000 exec/s: 0 rss: 68Mb L: 128617/200000 MS: 1 EraseBytes-
#33	REDUCE cov: 383 ft: 696 corp: 15/1873Kb lim: 200000 exec/s: 0 rss: 70Mb L: 103227/200000 MS: 3 ShuffleBytes-EraseBytes-CrossOver-
#35	NEW    cov: 383 ft: 745 corp: 16/2026Kb lim: 200000 exec/s: 0 rss: 72Mb L: 155985/200000 MS: 2 ChangeBit-EraseBytes-
#36	NEW    cov: 383 ft: 771 corp: 17/2072Kb lim: 200000 exec/s: 0 rss: 72Mb L: 47348/200000 MS: 1 EraseBytes-
#40	NEW    cov: 383 ft: 791 corp: 18/2249Kb lim: 200000 exec/s: 0 rss: 74Mb L: 181952/200000 MS: 4 ChangeBit-ChangeASCIIInt-CrossOver-InsertByte-
#50	NEW    cov: 383 ft: 804 corp: 19/2308Kb lim: 200000 exec/s: 0 rss: 78Mb L: 60014/200000 MS: 5 ShuffleBytes-ChangeByte-InsertRepeatedBytes-ChangeByte-EraseBytes-
#57	NEW    cov: 384 ft: 807 corp: 20/2459Kb lim: 200000 exec/s: 0 rss: 84Mb L: 154772/200000 MS: 2 InsertByte-ShuffleBytes-
	NEW_FUNC[1/7]: 0x5a5cba7623a0 in ltx::EventSink::on_accept(ltx::AcceptEvent const&) /home/ubuntu/latencytax/src/engine/events.hpp:48
	NEW_FUNC[2/7]: 0x5a5cba767db0 in ltx::HugeVec<ltx::OrderBook::Order>::operator[](unsigned long) /home/ubuntu/latencytax/src/util/hugevec.hpp:64
#58	NEW    cov: 456 ft: 884 corp: 21/2461Kb lim: 200000 exec/s: 58 rss: 85Mb L: 1553/200000 MS: 1 EraseBytes-
#67	NEW    cov: 457 ft: 892 corp: 22/2573Kb lim: 200000 exec/s: 67 rss: 96Mb L: 115459/200000 MS: 4 InsertByte-InsertRepeatedBytes-InsertByte-CrossOver-
#74	NEW    cov: 457 ft: 950 corp: 23/2575Kb lim: 200000 exec/s: 74 rss: 98Mb L: 1553/200000 MS: 2 ShuffleBytes-ChangeBinInt-
#83	NEW    cov: 457 ft: 951 corp: 24/2670Kb lim: 200000 exec/s: 83 rss: 100Mb L: 97665/200000 MS: 4 ChangeByte-ChangeBinInt-ChangeByte-CrossOver-
#84	NEW    cov: 457 ft: 965 corp: 25/2824Kb lim: 200000 exec/s: 84 rss: 101Mb L: 157241/200000 MS: 1 CrossOver-
#90	NEW    cov: 457 ft: 966 corp: 26/2896Kb lim: 200000 exec/s: 90 rss: 103Mb L: 73738/200000 MS: 1 EraseBytes-
#93	NEW    cov: 457 ft: 969 corp: 27/3021Kb lim: 200000 exec/s: 93 rss: 104Mb L: 128028/200000 MS: 3 InsertByte-EraseBytes-InsertRepeatedBytes-
#99	NEW    cov: 466 ft: 981 corp: 28/3022Kb lim: 200000 exec/s: 99 rss: 106Mb L: 828/200000 MS: 1 EraseBytes-
#105	NEW    cov: 466 ft: 991 corp: 29/3085Kb lim: 200000 exec/s: 105 rss: 108Mb L: 64709/200000 MS: 1 CrossOver-
#111	REDUCE cov: 466 ft: 991 corp: 29/3053Kb lim: 200000 exec/s: 111 rss: 110Mb L: 108496/200000 MS: 1 EraseBytes-
#115	NEW    cov: 466 ft: 992 corp: 30/3055Kb lim: 200000 exec/s: 115 rss: 111Mb L: 2241/200000 MS: 4 ChangeBinInt-CrossOver-ChangeByte-InsertByte-
#126	REDUCE cov: 466 ft: 1011 corp: 31/3182Kb lim: 200000 exec/s: 126 rss: 114Mb L: 130150/200000 MS: 1 CopyPart-
#130	NEW    cov: 466 ft: 1025 corp: 32/3310Kb lim: 200000 exec/s: 130 rss: 115Mb L: 130163/200000 MS: 4 InsertByte-InsertByte-InsertRepeatedBytes-CMP- DE: "\000\000rV\344~\252\200"-
#152	NEW    cov: 467 ft: 1027 corp: 33/3435Kb lim: 200000 exec/s: 152 rss: 121Mb L: 128617/200000 MS: 2 ChangeBinInt-CrossOver-
#177	NEW    cov: 467 ft: 1091 corp: 34/3440Kb lim: 200000 exec/s: 177 rss: 125Mb L: 5336/200000 MS: 5 InsertByte-ChangeASCIIInt-CopyPart-ChangeByte-CMP- DE: "\177I"-
#179	NEW    cov: 467 ft: 1108 corp: 35/3601Kb lim: 200000 exec/s: 179 rss: 126Mb L: 164821/200000 MS: 2 CrossOver-ChangeBit-
#183	REDUCE cov: 467 ft: 1108 corp: 35/3576Kb lim: 200000 exec/s: 91 rss: 128Mb L: 64653/200000 MS: 4 ChangeByte-ChangeByte-InsertRepeatedBytes-EraseBytes-
#185	NEW    cov: 467 ft: 1122 corp: 36/3737Kb lim: 200000 exec/s: 92 rss: 129Mb L: 164831/200000 MS: 2 PersAutoDict-PersAutoDict- DE: "\016\000\000\000\000\000\000\000"-"\177I"-
#196	REDUCE cov: 467 ft: 1122 corp: 36/3737Kb lim: 200000 exec/s: 98 rss: 133Mb L: 1892/200000 MS: 1 EraseBytes-
#197	NEW    cov: 467 ft: 1140 corp: 37/3796Kb lim: 200000 exec/s: 98 rss: 133Mb L: 61249/200000 MS: 1 CrossOver-
#216	REDUCE cov: 467 ft: 1140 corp: 37/3729Kb lim: 200000 exec/s: 108 rss: 138Mb L: 95454/200000 MS: 4 ShuffleBytes-InsertByte-ChangeBit-EraseBytes-
#221	REDUCE cov: 467 ft: 1140 corp: 37/3715Kb lim: 200000 exec/s: 110 rss: 139Mb L: 81648/200000 MS: 5 ChangeByte-InsertByte-ChangeByte-ChangeByte-EraseBytes-
#226	NEW    cov: 467 ft: 1150 corp: 38/3799Kb lim: 200000 exec/s: 113 rss: 141Mb L: 86167/200000 MS: 5 InsertByte-EraseBytes-CrossOver-PersAutoDict-EraseBytes- DE: "\000\000rV\344~\252\200"-
#232	NEW    cov: 467 ft: 1154 corp: 39/3925Kb lim: 200000 exec/s: 116 rss: 142Mb L: 128618/200000 MS: 1 InsertByte-
#243	REDUCE cov: 467 ft: 1154 corp: 39/3925Kb lim: 200000 exec/s: 121 rss: 151Mb L: 81424/200000 MS: 1 EraseBytes-
#247	NEW    cov: 467 ft: 1170 corp: 40/3971Kb lim: 200000 exec/s: 123 rss: 151Mb L: 47466/200000 MS: 4 CopyPart-InsertRepeatedBytes-ChangeBinInt-CMP- DE: "zI\000\000"-
#253	REDUCE cov: 467 ft: 1170 corp: 40/3926Kb lim: 200000 exec/s: 126 rss: 154Mb L: 83924/200000 MS: 1 EraseBytes-
#256	pulse  cov: 467 ft: 1170 corp: 40/3926Kb lim: 200000 exec/s: 128 rss: 154Mb
#271	NEW    cov: 467 ft: 1171 corp: 41/4038Kb lim: 200000 exec/s: 135 rss: 156Mb L: 114796/200000 MS: 3 InsertRepeatedBytes-ChangeBinInt-EraseBytes-
#279	NEW    cov: 467 ft: 1183 corp: 42/4134Kb lim: 200000 exec/s: 139 rss: 159Mb L: 98367/200000 MS: 3 CrossOver-PersAutoDict-EraseBytes- DE: "zI\000\000"-
#295	REDUCE cov: 467 ft: 1183 corp: 42/4097Kb lim: 200000 exec/s: 147 rss: 164Mb L: 119241/200000 MS: 1 EraseBytes-
#316	REDUCE cov: 467 ft: 1183 corp: 42/4085Kb lim: 200000 exec/s: 158 rss: 167Mb L: 35210/200000 MS: 1 EraseBytes-
#322	NEW    cov: 467 ft: 1192 corp: 43/4169Kb lim: 200000 exec/s: 161 rss: 169Mb L: 85808/200000 MS: 1 EraseBytes-
#330	REDUCE cov: 467 ft: 1192 corp: 43/4148Kb lim: 200000 exec/s: 165 rss: 170Mb L: 93388/200000 MS: 3 ChangeBit-ChangeBinInt-EraseBytes-
#335	NEW    cov: 468 ft: 1197 corp: 44/4330Kb lim: 200000 exec/s: 167 rss: 171Mb L: 186823/200000 MS: 5 CrossOver-InsertByte-ChangeBinInt-CrossOver-CrossOver-
#357	NEW    cov: 468 ft: 1202 corp: 45/4334Kb lim: 200000 exec/s: 178 rss: 177Mb L: 3439/200000 MS: 2 ChangeASCIIInt-CopyPart-
	NEW_FUNC[1/1]: 0x5a5cba7623b0 in ltx::EventSink::on_cancel(ltx::CancelEvent const&) /home/ubuntu/latencytax/src/engine/events.hpp:49
#370	NEW    cov: 485 ft: 1242 corp: 46/4429Kb lim: 200000 exec/s: 123 rss: 180Mb L: 97666/200000 MS: 3 InsertByte-ChangeBit-PersAutoDict- DE: "zI\000\000"-
#412	REDUCE cov: 485 ft: 1242 corp: 46/4399Kb lim: 200000 exec/s: 137 rss: 190Mb L: 33722/200000 MS: 2 ShuffleBytes-EraseBytes-
#429	REDUCE cov: 485 ft: 1243 corp: 47/4515Kb lim: 200000 exec/s: 143 rss: 195Mb L: 119330/200000 MS: 2 ChangeBinInt-InsertRepeatedBytes-
#443	NEW    cov: 485 ft: 1284 corp: 48/4517Kb lim: 200000 exec/s: 147 rss: 202Mb L: 1681/200000 MS: 4 InsertRepeatedBytes-ChangeBit-InsertRepeatedBytes-InsertByte-
#455	REDUCE cov: 485 ft: 1284 corp: 48/4391Kb lim: 200000 exec/s: 151 rss: 207Mb L: 27742/200000 MS: 2 InsertByte-CrossOver-
#466	REDUCE cov: 485 ft: 1287 corp: 49/4569Kb lim: 200000 exec/s: 155 rss: 211Mb L: 182615/200000 MS: 1 CopyPart-
#478	NEW    cov: 485 ft: 1289 corp: 50/4762Kb lim: 200000 exec/s: 159 rss: 216Mb L: 198073/200000 MS: 2 ChangeByte-CopyPart-
#498	NEW    cov: 485 ft: 1291 corp: 51/4764Kb lim: 200000 exec/s: 166 rss: 220Mb L: 1921/200000 MS: 5 CopyPart-ShuffleBytes-CopyPart-InsertByte-EraseBytes-
#505	NEW    cov: 485 ft: 1302 corp: 52/4915Kb lim: 200000 exec/s: 168 rss: 221Mb L: 154773/200000 MS: 2 ShuffleBytes-InsertByte-
#512	pulse  cov: 485 ft: 1302 corp: 52/4915Kb lim: 200000 exec/s: 170 rss: 222Mb
#521	NEW    cov: 486 ft: 1303 corp: 53/5042Kb lim: 200000 exec/s: 173 rss: 224Mb L: 129739/200000 MS: 1 CrossOver-
#522	NEW    cov: 486 ft: 1304 corp: 54/5167Kb lim: 200000 exec/s: 174 rss: 224Mb L: 128183/200000 MS: 1 EraseBytes-
#589	NEW    cov: 486 ft: 1305 corp: 55/5169Kb lim: 200000 exec/s: 147 rss: 236Mb L: 1922/200000 MS: 2 InsertByte-CMP- DE: "\000\000\000\000\000\000\020\000"-
#604	REDUCE cov: 486 ft: 1305 corp: 55/5119Kb lim: 200000 exec/s: 151 rss: 237Mb L: 22408/200000 MS: 5 InsertByte-ShuffleBytes-CopyPart-ChangeBinInt-CrossOver-
#616	REDUCE cov: 486 ft: 1305 corp: 55/5115Kb lim: 200000 exec/s: 154 rss: 241Mb L: 79541/200000 MS: 2 CopyPart-EraseBytes-
#657	REDUCE cov: 486 ft: 1305 corp: 55/5094Kb lim: 200000 exec/s: 164 rss: 249Mb L: 64855/200000 MS: 1 EraseBytes-
#668	NEW    cov: 486 ft: 1309 corp: 56/5154Kb lim: 200000 exec/s: 167 rss: 250Mb L: 61339/200000 MS: 1 EraseBytes-
#703	NEW    cov: 486 ft: 1322 corp: 57/5253Kb lim: 200000 exec/s: 175 rss: 264Mb L: 101178/200000 MS: 5 EraseBytes-ChangeBit-CopyPart-ChangeBit-ShuffleBytes-
#709	REDUCE cov: 486 ft: 1322 corp: 57/5137Kb lim: 200000 exec/s: 177 rss: 268Mb L: 63952/200000 MS: 1 CrossOver-
#733	REDUCE cov: 486 ft: 1322 corp: 57/5066Kb lim: 200000 exec/s: 183 rss: 273Mb L: 82927/200000 MS: 4 CopyPart-PersAutoDict-CopyPart-EraseBytes- DE: "\016\000\000\000\000\000\000\000"-
#735	NEW    cov: 486 ft: 1323 corp: 58/5161Kb lim: 200000 exec/s: 183 rss: 274Mb L: 97793/200000 MS: 2 ChangeASCIIInt-InsertRepeatedBytes-
#764	NEW    cov: 486 ft: 1333 corp: 59/5164Kb lim: 200000 exec/s: 191 rss: 279Mb L: 2172/200000 MS: 4 ShuffleBytes-ChangeBit-ChangeBit-CopyPart-
#813	REDUCE cov: 486 ft: 1334 corp: 60/5280Kb lim: 200000 exec/s: 162 rss: 289Mb L: 119249/200000 MS: 4 ChangeASCIIInt-CrossOver-ShuffleBytes-CMP- DE: "\001\000\000\000\000\000\000\017"-
#845	REDUCE cov: 486 ft: 1334 corp: 60/5280Kb lim: 200000 exec/s: 169 rss: 297Mb L: 1499/200000 MS: 2 ChangeByte-EraseBytes-
#848	REDUCE cov: 486 ft: 1334 corp: 60/5250Kb lim: 200000 exec/s: 169 rss: 298Mb L: 50923/200000 MS: 3 PersAutoDict-ChangeBinInt-EraseBytes- DE: "\000\000rV\344~\252\200"-
#858	REDUCE cov: 486 ft: 1362 corp: 61/5274Kb lim: 200000 exec/s: 171 rss: 299Mb L: 24806/200000 MS: 5 ChangeBit-ShuffleBytes-PersAutoDict-ShuffleBytes-EraseBytes- DE: "zI\000\000"-
#890	NEW    cov: 486 ft: 1363 corp: 62/5453Kb lim: 200000 exec/s: 178 rss: 303Mb L: 182663/200000 MS: 2 ChangeASCIIInt-InsertRepeatedBytes-
#919	NEW    cov: 486 ft: 1376 corp: 63/5648Kb lim: 200000 exec/s: 183 rss: 314Mb L: 200000/200000 MS: 4 ChangeByte-ShuffleBytes-CrossOver-CopyPart-
#920	REDUCE cov: 486 ft: 1376 corp: 63/5648Kb lim: 200000 exec/s: 184 rss: 314Mb L: 721/200000 MS: 1 EraseBytes-
#921	REDUCE cov: 486 ft: 1376 corp: 63/5601Kb lim: 200000 exec/s: 184 rss: 315Mb L: 107054/200000 MS: 1 EraseBytes-
#943	REDUCE cov: 486 ft: 1376 corp: 63/5601Kb lim: 200000 exec/s: 188 rss: 318Mb L: 33611/200000 MS: 2 ShuffleBytes-EraseBytes-
#973	NEW    cov: 486 ft: 1378 corp: 64/5677Kb lim: 200000 exec/s: 194 rss: 322Mb L: 77729/200000 MS: 5 ChangeBit-InsertRepeatedBytes-InsertRepeatedBytes-ShuffleBytes-CrossOver-
#988	NEW    cov: 486 ft: 1389 corp: 65/5679Kb lim: 200000 exec/s: 197 rss: 323Mb L: 1553/200000 MS: 5 ChangeByte-ChangeBinInt-PersAutoDict-ChangeBit-CrossOver- DE: "\177I"-
#995	REDUCE cov: 486 ft: 1389 corp: 65/5657Kb lim: 200000 exec/s: 199 rss: 324Mb L: 76298/200000 MS: 2 ChangeASCIIInt-EraseBytes-
#1016	NEW    cov: 486 ft: 1390 corp: 66/5756Kb lim: 200000 exec/s: 169 rss: 329Mb L: 101230/200000 MS: 1 InsertRepeatedBytes-
#1024	pulse  cov: 486 ft: 1390 corp: 66/5756Kb lim: 200000 exec/s: 170 rss: 334Mb
#1055	REDUCE cov: 486 ft: 1390 corp: 66/5721Kb lim: 200000 exec/s: 175 rss: 340Mb L: 70982/200000 MS: 4 ChangeBinInt-ChangeASCIIInt-ChangeASCIIInt-EraseBytes-
#1072	REDUCE cov: 486 ft: 1390 corp: 66/5714Kb lim: 200000 exec/s: 178 rss: 344Mb L: 69703/200000 MS: 2 CopyPart-EraseBytes-
#1076	REDUCE cov: 486 ft: 1390 corp: 66/5691Kb lim: 200000 exec/s: 179 rss: 345Mb L: 106623/200000 MS: 4 ChangeBinInt-ShuffleBytes-InsertRepeatedBytes-EraseBytes-
#1094	NEW    cov: 486 ft: 1391 corp: 67/5693Kb lim: 200000 exec/s: 182 rss: 345Mb L: 1554/200000 MS: 3 CrossOver-PersAutoDict-InsertByte- DE: "zI\000\000"-
#1096	REDUCE cov: 486 ft: 1391 corp: 67/5673Kb lim: 200000 exec/s: 182 rss: 345Mb L: 58820/200000 MS: 2 ChangeBinInt-EraseBytes-
#1130	REDUCE cov: 486 ft: 1392 corp: 68/5674Kb lim: 200000 exec/s: 188 rss: 345Mb L: 1901/200000 MS: 4 InsertByte-ChangeBinInt-ChangeBit-PersAutoDict- DE: "\000\000\000\000\000\000\020\000"-
#1141	NEW    cov: 486 ft: 1407 corp: 69/5676Kb lim: 200000 exec/s: 190 rss: 345Mb L: 1561/200000 MS: 1 PersAutoDict- DE: "\000\000\000\000\000\000\020\000"-
#1208	REDUCE cov: 486 ft: 1417 corp: 70/5739Kb lim: 200000 exec/s: 172 rss: 346Mb L: 64653/200000 MS: 2 ChangeBit-ShuffleBytes-
#1249	REDUCE cov: 486 ft: 1417 corp: 70/5710Kb lim: 200000 exec/s: 178 rss: 346Mb L: 53068/200000 MS: 1 EraseBytes-
#1348	NEW    cov: 486 ft: 1419 corp: 71/5712Kb lim: 200000 exec/s: 192 rss: 347Mb L: 1846/200000 MS: 4 PersAutoDict-PersAutoDict-ChangeBit-EraseBytes- DE: "\016\000\000\000\000\000\000\000"-"\000\000rV\344~\252\200"-
#1365	REDUCE cov: 486 ft: 1419 corp: 71/5613Kb lim: 200000 exec/s: 195 rss: 347Mb L: 28441/200000 MS: 2 ShuffleBytes-CrossOver-
#1417	REDUCE cov: 486 ft: 1419 corp: 71/5612Kb lim: 200000 exec/s: 202 rss: 347Mb L: 1523/200000 MS: 2 InsertRepeatedBytes-EraseBytes-
#1441	REDUCE cov: 486 ft: 1419 corp: 71/5612Kb lim: 200000 exec/s: 180 rss: 347Mb L: 22146/200000 MS: 4 CopyPart-ShuffleBytes-CMP-EraseBytes- DE: "\017\000\000\000\000\000\000\000"-
#1469	NEW    cov: 486 ft: 1421 corp: 72/5799Kb lim: 200000 exec/s: 183 rss: 347Mb L: 191435/200000 MS: 3 ChangeBinInt-InsertByte-CopyPart-
#1512	REDUCE cov: 486 ft: 1421 corp: 72/5774Kb lim: 200000 exec/s: 189 rss: 349Mb L: 93651/200000 MS: 3 InsertByte-ChangeASCIIInt-EraseBytes-
#1514	REDUCE cov: 486 ft: 1421 corp: 72/5748Kb lim: 200000 exec/s: 189 rss: 349Mb L: 32234/200000 MS: 2 ChangeASCIIInt-EraseBytes-
#1535	REDUCE cov: 486 ft: 1421 corp: 72/5710Kb lim: 200000 exec/s: 191 rss: 350Mb L: 120758/200000 MS: 1 EraseBytes-
#1564	REDUCE cov: 486 ft: 1421 corp: 72/5671Kb lim: 200000 exec/s: 195 rss: 350Mb L: 151488/200000 MS: 4 ChangeBit-PersAutoDict-InsertRepeatedBytes-EraseBytes- DE: "\000\000\000\000\000\000\020\000"-
#1587	REDUCE cov: 486 ft: 1421 corp: 72/5670Kb lim: 200000 exec/s: 198 rss: 350Mb L: 21648/200000 MS: 3 ChangeASCIIInt-CMP-EraseBytes- DE: "lI"-
#1662	REDUCE cov: 486 ft: 1421 corp: 72/5612Kb lim: 200000 exec/s: 184 rss: 352Mb L: 60067/200000 MS: 5 ChangeByte-CopyPart-ChangeBit-ChangeBinInt-EraseBytes-
#1684	REDUCE cov: 486 ft: 1421 corp: 72/5601Kb lim: 200000 exec/s: 187 rss: 352Mb L: 17061/200000 MS: 2 InsertRepeatedBytes-EraseBytes-
#1697	NEW    cov: 486 ft: 1423 corp: 73/5606Kb lim: 200000 exec/s: 188 rss: 352Mb L: 5366/200000 MS: 3 InsertRepeatedBytes-CMP-CMP- DE: "\001\000"-"\001\000\020\000"-
#1730	REDUCE cov: 486 ft: 1423 corp: 73/5601Kb lim: 200000 exec/s: 192 rss: 352Mb L: 122774/200000 MS: 3 ShuffleBytes-ChangeBinInt-EraseBytes-
#1761	REDUCE cov: 486 ft: 1423 corp: 73/5563Kb lim: 200000 exec/s: 195 rss: 353Mb L: 68903/200000 MS: 1 EraseBytes-
#1768	REDUCE cov: 486 ft: 1424 corp: 74/5667Kb lim: 200000 exec/s: 196 rss: 354Mb L: 106627/200000 MS: 2 ShuffleBytes-CMP- DE: "\001\000Is"-
#1777	REDUCE cov: 486 ft: 1424 corp: 74/5647Kb lim: 200000 exec/s: 197 rss: 354Mb L: 66168/200000 MS: 4 ChangeBinInt-ChangeBinInt-ChangeByte-EraseBytes-
#1782	REDUCE cov: 486 ft: 1424 corp: 74/5577Kb lim: 200000 exec/s: 198 rss: 354Mb L: 82517/200000 MS: 5 InsertRepeatedBytes-ChangeASCIIInt-ChangeByte-InsertByte-EraseBytes-
#1812	REDUCE cov: 486 ft: 1424 corp: 74/5530Kb lim: 200000 exec/s: 201 rss: 354Mb L: 116676/200000 MS: 5 ShuffleBytes-ChangeASCIIInt-ChangeBinInt-ChangeBit-EraseBytes-
#1828	REDUCE cov: 486 ft: 1424 corp: 74/5483Kb lim: 200000 exec/s: 203 rss: 354Mb L: 58573/200000 MS: 1 EraseBytes-
#1835	REDUCE cov: 486 ft: 1424 corp: 74/5483Kb lim: 200000 exec/s: 203 rss: 354Mb L: 582/200000 MS: 2 ChangeBinInt-EraseBytes-
#1900	REDUCE cov: 486 ft: 1424 corp: 74/5473Kb lim: 200000 exec/s: 190 rss: 356Mb L: 23763/200000 MS: 5 ChangeByte-ChangeByte-InsertRepeatedBytes-InsertByte-EraseBytes-
#1901	REDUCE cov: 486 ft: 1424 corp: 74/5466Kb lim: 200000 exec/s: 190 rss: 356Mb L: 10008/200000 MS: 1 EraseBytes-
#1916	NEW    cov: 490 ft: 1443 corp: 75/5514Kb lim: 200000 exec/s: 191 rss: 356Mb L: 48343/200000 MS: 5 CopyPart-InsertRepeatedBytes-ChangeByte-InsertByte-CrossOver-
#1933	REDUCE cov: 490 ft: 1455 corp: 76/5535Kb lim: 200000 exec/s: 193 rss: 356Mb L: 21652/200000 MS: 2 ChangeBit-CMP- DE: "~I\000\000"-
#1974	REDUCE cov: 490 ft: 1455 corp: 76/5489Kb lim: 200000 exec/s: 197 rss: 356Mb L: 152839/200000 MS: 1 EraseBytes-
#1990	REDUCE cov: 490 ft: 1467 corp: 77/5516Kb lim: 200000 exec/s: 199 rss: 356Mb L: 27699/200000 MS: 1 CrossOver-
#2038	REDUCE cov: 490 ft: 1467 corp: 77/5504Kb lim: 200000 exec/s: 203 rss: 356Mb L: 170821/200000 MS: 3 ChangeBit-ChangeASCIIInt-EraseBytes-
#2048	pulse  cov: 490 ft: 1467 corp: 77/5504Kb lim: 200000 exec/s: 204 rss: 356Mb
#2048	REDUCE cov: 490 ft: 1467 corp: 77/5471Kb lim: 200000 exec/s: 204 rss: 356Mb L: 59770/200000 MS: 5 InsertByte-ChangeASCIIInt-InsertRepeatedBytes-CMP-EraseBytes- DE: "\377\377\377\377\377\377\377:"-
#2065	REDUCE cov: 490 ft: 1467 corp: 77/5424Kb lim: 200000 exec/s: 206 rss: 356Mb L: 67338/200000 MS: 2 CopyPart-EraseBytes-
#2068	NEW    cov: 490 ft: 1468 corp: 78/5532Kb lim: 200000 exec/s: 206 rss: 356Mb L: 110419/200000 MS: 3 InsertByte-CopyPart-CMP- DE: "\000\000I\\"-
#2086	REDUCE cov: 490 ft: 1468 corp: 78/5462Kb lim: 200000 exec/s: 208 rss: 356Mb L: 128863/200000 MS: 3 ShuffleBytes-ShuffleBytes-EraseBytes-
#2127	REDUCE cov: 490 ft: 1469 corp: 79/5579Kb lim: 200000 exec/s: 193 rss: 356Mb L: 119241/200000 MS: 1 ChangeByte-
#2179	NEW    cov: 490 ft: 1470 corp: 80/5705Kb lim: 200000 exec/s: 198 rss: 358Mb L: 128618/200000 MS: 2 InsertByte-ChangeBinInt-
#2301	REDUCE cov: 490 ft: 1470 corp: 80/5695Kb lim: 200000 exec/s: 209 rss: 360Mb L: 88125/200000 MS: 2 ChangeBinInt-EraseBytes-
#2332	REDUCE cov: 490 ft: 1470 corp: 80/5654Kb lim: 200000 exec/s: 212 rss: 360Mb L: 85542/200000 MS: 1 EraseBytes-
#2351	REDUCE cov: 490 ft: 1470 corp: 80/5653Kb lim: 200000 exec/s: 213 rss: 360Mb L: 4986/200000 MS: 4 InsertRepeatedBytes-ShuffleBytes-ShuffleBytes-EraseBytes-
#2377	REDUCE cov: 490 ft: 1470 corp: 80/5633Kb lim: 200000 exec/s: 216 rss: 360Mb L: 98778/200000 MS: 1 EraseBytes-
#2386	REDUCE cov: 490 ft: 1470 corp: 80/5623Kb lim: 200000 exec/s: 216 rss: 360Mb L: 42670/200000 MS: 4 InsertRepeatedBytes-ChangeByte-ChangeASCIIInt-EraseBytes-
#2502	REDUCE cov: 490 ft: 1470 corp: 80/5614Kb lim: 200000 exec/s: 208 rss: 362Mb L: 59546/200000 MS: 1 EraseBytes-
#2504	REDUCE cov: 490 ft: 1470 corp: 80/5605Kb lim: 200000 exec/s: 208 rss: 362Mb L: 15802/200000 MS: 2 ChangeASCIIInt-EraseBytes-
#2573	REDUCE cov: 490 ft: 1470 corp: 80/5570Kb lim: 200000 exec/s: 214 rss: 362Mb L: 61379/200000 MS: 4 InsertByte-ChangeBit-InsertRepeatedBytes-EraseBytes-
#2574	REDUCE cov: 490 ft: 1470 corp: 80/5565Kb lim: 200000 exec/s: 214 rss: 362Mb L: 55015/200000 MS: 1 EraseBytes-
#2575	REDUCE cov: 490 ft: 1470 corp: 80/5557Kb lim: 200000 exec/s: 214 rss: 362Mb L: 162815/200000 MS: 1 CrossOver-
#2576	REDUCE cov: 490 ft: 1470 corp: 80/5557Kb lim: 200000 exec/s: 214 rss: 362Mb L: 1546/200000 MS: 1 EraseBytes-
#2635	REDUCE cov: 490 ft: 1470 corp: 80/5557Kb lim: 200000 exec/s: 219 rss: 362Mb L: 4467/200000 MS: 4 PersAutoDict-PersAutoDict-CrossOver-EraseBytes- DE: "\001\000\000\000\000\000\000\017"-"\177I"-
#2644	REDUCE cov: 490 ft: 1470 corp: 80/5521Kb lim: 200000 exec/s: 220 rss: 362Mb L: 45826/200000 MS: 4 InsertRepeatedBytes-PersAutoDict-CopyPart-EraseBytes- DE: "\377\377\377\377\377\377\377:"-
#2792	REDUCE cov: 490 ft: 1470 corp: 80/5501Kb lim: 200000 exec/s: 214 rss: 362Mb L: 6975/200000 MS: 3 ChangeByte-PersAutoDict-CrossOver- DE: "\000\000\000\000\000\000\020\000"-
#2853	REDUCE cov: 490 ft: 1470 corp: 80/5500Kb lim: 200000 exec/s: 219 rss: 362Mb L: 31171/200000 MS: 1 EraseBytes-
#2860	REDUCE cov: 490 ft: 1470 corp: 80/5499Kb lim: 200000 exec/s: 220 rss: 362Mb L: 2955/200000 MS: 2 CopyPart-EraseBytes-
#2863	REDUCE cov: 490 ft: 1470 corp: 80/5465Kb lim: 200000 exec/s: 220 rss: 362Mb L: 66244/200000 MS: 3 ChangeASCIIInt-ChangeByte-EraseBytes-
#2910	NEW    cov: 491 ft: 1471 corp: 81/5638Kb lim: 200000 exec/s: 223 rss: 362Mb L: 177674/200000 MS: 2 ChangeByte-CrossOver-
#2965	REDUCE cov: 491 ft: 1471 corp: 81/5624Kb lim: 200000 exec/s: 228 rss: 363Mb L: 32432/200000 MS: 5 CMP-PersAutoDict-InsertRepeatedBytes-ShuffleBytes-EraseBytes- DE: "\377\017\000\000"-"zI\000\000"-
#2993	REDUCE cov: 491 ft: 1471 corp: 81/5624Kb lim: 200000 exec/s: 230 rss: 363Mb L: 5188/200000 MS: 3 ChangeByte-PersAutoDict-EraseBytes- DE: "~I\000\000"-
#2999	REDUCE cov: 491 ft: 1471 corp: 81/5624Kb lim: 200000 exec/s: 230 rss: 363Mb L: 1769/200000 MS: 1 EraseBytes-
#3000	REDUCE cov: 491 ft: 1472 corp: 82/5793Kb lim: 200000 exec/s: 230 rss: 363Mb L: 173515/200000 MS: 1 CopyPart-
#3001	REDUCE cov: 491 ft: 1472 corp: 82/5793Kb lim: 200000 exec/s: 230 rss: 363Mb L: 1761/200000 MS: 1 EraseBytes-
#3031	REDUCE cov: 491 ft: 1472 corp: 82/5775Kb lim: 200000 exec/s: 233 rss: 363Mb L: 168403/200000 MS: 5 PersAutoDict-EraseBytes-CopyPart-ChangeBinInt-EraseBytes- DE: "zI\000\000"-
#3033	REDUCE cov: 491 ft: 1472 corp: 82/5764Kb lim: 200000 exec/s: 233 rss: 363Mb L: 53876/200000 MS: 2 InsertRepeatedBytes-EraseBytes-
#3050	REDUCE cov: 491 ft: 1472 corp: 82/5764Kb lim: 200000 exec/s: 234 rss: 363Mb L: 1537/200000 MS: 2 ChangeByte-EraseBytes-
#3069	REDUCE cov: 491 ft: 1472 corp: 82/5744Kb lim: 200000 exec/s: 219 rss: 363Mb L: 57285/200000 MS: 4 ChangeBit-ShuffleBytes-ChangeBit-EraseBytes-
#3088	REDUCE cov: 491 ft: 1472 corp: 82/5741Kb lim: 200000 exec/s: 220 rss: 363Mb L: 50210/200000 MS: 4 CMP-ChangeBit-ShuffleBytes-EraseBytes- DE: "\377\377H\\"-
#3154	REDUCE cov: 491 ft: 1472 corp: 82/5739Kb lim: 200000 exec/s: 225 rss: 363Mb L: 13947/200000 MS: 1 EraseBytes-
#3155	REDUCE cov: 491 ft: 1472 corp: 82/5670Kb lim: 200000 exec/s: 225 rss: 363Mb L: 106548/200000 MS: 1 EraseBytes-
#3193	NEW    cov: 491 ft: 1474 corp: 83/5828Kb lim: 200000 exec/s: 228 rss: 363Mb L: 162510/200000 MS: 3 CopyPart-CopyPart-InsertByte-
#3204	REDUCE cov: 491 ft: 1474 corp: 83/5788Kb lim: 200000 exec/s: 228 rss: 363Mb L: 141849/200000 MS: 1 EraseBytes-
#3217	REDUCE cov: 492 ft: 1475 corp: 84/5895Kb lim: 200000 exec/s: 229 rss: 363Mb L: 109421/200000 MS: 3 EraseBytes-ShuffleBytes-CMP- DE: "\342\017\000\000\000\000\000\000"-
#3240	NEW    cov: 492 ft: 1476 corp: 85/5903Kb lim: 200000 exec/s: 231 rss: 364Mb L: 8158/200000 MS: 3 ShuffleBytes-ChangeBit-CrossOver-
#3246	REDUCE cov: 492 ft: 1476 corp: 85/5890Kb lim: 200000 exec/s: 231 rss: 364Mb L: 93254/200000 MS: 1 EraseBytes-
#3252	REDUCE cov: 492 ft: 1485 corp: 86/5955Kb lim: 200000 exec/s: 232 rss: 365Mb L: 66168/200000 MS: 1 CMP- DE: "bI\000\000"-
#3259	NEW    cov: 492 ft: 1486 corp: 87/6019Kb lim: 200000 exec/s: 232 rss: 366Mb L: 66172/200000 MS: 2 ShuffleBytes-PersAutoDict- DE: "~I\000\000"-
#3272	REDUCE cov: 492 ft: 1486 corp: 87/6002Kb lim: 200000 exec/s: 233 rss: 367Mb L: 24758/200000 MS: 3 ChangeByte-CopyPart-EraseBytes-
#3306	REDUCE cov: 492 ft: 1486 corp: 87/6000Kb lim: 200000 exec/s: 236 rss: 367Mb L: 62223/200000 MS: 4 CopyPart-ShuffleBytes-CrossOver-EraseBytes-
#3307	REDUCE cov: 492 ft: 1486 corp: 87/5996Kb lim: 200000 exec/s: 236 rss: 367Mb L: 60198/200000 MS: 1 EraseBytes-
#3330	NEW    cov: 493 ft: 1487 corp: 88/6157Kb lim: 200000 exec/s: 222 rss: 367Mb L: 164829/200000 MS: 3 ChangeBinInt-PersAutoDict-PersAutoDict- DE: "\001\000Is"-"\001\000\020\000"-
#3356	REDUCE cov: 493 ft: 1487 corp: 88/6155Kb lim: 200000 exec/s: 223 rss: 367Mb L: 64197/200000 MS: 1 CrossOver-
#3450	REDUCE cov: 493 ft: 1487 corp: 88/6151Kb lim: 200000 exec/s: 230 rss: 368Mb L: 41686/200000 MS: 4 CrossOver-PersAutoDict-ChangeBinInt-EraseBytes- DE: "lI"-
#3457	REDUCE cov: 493 ft: 1487 corp: 88/6151Kb lim: 200000 exec/s: 230 rss: 368Mb L: 1431/200000 MS: 2 InsertByte-EraseBytes-
#3460	REDUCE cov: 493 ft: 1498 corp: 89/6171Kb lim: 200000 exec/s: 230 rss: 368Mb L: 20587/200000 MS: 3 ChangeASCIIInt-EraseBytes-EraseBytes-
#3494	REDUCE cov: 493 ft: 1498 corp: 89/6148Kb lim: 200000 exec/s: 232 rss: 368Mb L: 27986/200000 MS: 4 CopyPart-InsertByte-InsertRepeatedBytes-EraseBytes-
#3541	REDUCE cov: 493 ft: 1499 corp: 90/6155Kb lim: 200000 exec/s: 236 rss: 368Mb L: 6975/200000 MS: 2 ShuffleBytes-ChangeBinInt-
#3543	REDUCE cov: 493 ft: 1499 corp: 90/6132Kb lim: 200000 exec/s: 236 rss: 368Mb L: 82466/200000 MS: 2 ShuffleBytes-EraseBytes-
#3545	REDUCE cov: 493 ft: 1499 corp: 90/6111Kb lim: 200000 exec/s: 236 rss: 368Mb L: 49684/200000 MS: 2 ChangeByte-EraseBytes-
#3546	REDUCE cov: 493 ft: 1499 corp: 90/6093Kb lim: 200000 exec/s: 236 rss: 368Mb L: 36748/200000 MS: 1 EraseBytes-
#3550	REDUCE cov: 493 ft: 1499 corp: 90/6090Kb lim: 200000 exec/s: 236 rss: 368Mb L: 20798/200000 MS: 4 InsertRepeatedBytes-ChangeByte-InsertByte-EraseBytes-
#3558	REDUCE cov: 493 ft: 1499 corp: 90/6090Kb lim: 200000 exec/s: 237 rss: 368Mb L: 1407/200000 MS: 3 ShuffleBytes-ShuffleBytes-EraseBytes-
#3572	REDUCE cov: 493 ft: 1499 corp: 90/6084Kb lim: 200000 exec/s: 238 rss: 368Mb L: 43129/200000 MS: 4 ChangeByte-CopyPart-PersAutoDict-EraseBytes- DE: "\177I"-
#3588	NEW    cov: 494 ft: 1500 corp: 91/6209Kb lim: 200000 exec/s: 239 rss: 368Mb L: 128665/200000 MS: 1 InsertRepeatedBytes-
#3620	REDUCE cov: 494 ft: 1500 corp: 91/6195Kb lim: 200000 exec/s: 241 rss: 368Mb L: 21486/200000 MS: 2 InsertByte-EraseBytes-
#3677	REDUCE cov: 494 ft: 1500 corp: 91/6192Kb lim: 200000 exec/s: 229 rss: 368Mb L: 11733/200000 MS: 2 ChangeByte-EraseBytes-
#3682	REDUCE cov: 494 ft: 1500 corp: 91/6192Kb lim: 200000 exec/s: 230 rss: 368Mb L: 1714/200000 MS: 5 CopyPart-CMP-CopyPart-ShuffleBytes-EraseBytes- DE: "\377\000"-
#3684	REDUCE cov: 494 ft: 1500 corp: 91/6190Kb lim: 200000 exec/s: 230 rss: 368Mb L: 2500/200000 MS: 2 ChangeASCIIInt-EraseBytes-
#3705	REDUCE cov: 494 ft: 1500 corp: 91/6188Kb lim: 200000 exec/s: 231 rss: 368Mb L: 56390/200000 MS: 1 EraseBytes-
#3748	REDUCE cov: 494 ft: 1500 corp: 91/6110Kb lim: 200000 exec/s: 234 rss: 368Mb L: 84579/200000 MS: 3 ChangeBit-ShuffleBytes-EraseBytes-
#3795	REDUCE cov: 494 ft: 1500 corp: 91/6107Kb lim: 200000 exec/s: 237 rss: 371Mb L: 21688/200000 MS: 2 InsertRepeatedBytes-EraseBytes-
#3871	REDUCE cov: 494 ft: 1500 corp: 91/6100Kb lim: 200000 exec/s: 227 rss: 371Mb L: 15204/200000 MS: 1 EraseBytes-
#3877	REDUCE cov: 494 ft: 1500 corp: 91/6091Kb lim: 200000 exec/s: 228 rss: 371Mb L: 56778/200000 MS: 1 EraseBytes-
#3880	REDUCE cov: 494 ft: 1500 corp: 91/6090Kb lim: 200000 exec/s: 228 rss: 371Mb L: 1850/200000 MS: 3 ChangeBinInt-ShuffleBytes-EraseBytes-
#3920	REDUCE cov: 494 ft: 1500 corp: 91/6073Kb lim: 200000 exec/s: 230 rss: 373Mb L: 25919/200000 MS: 5 CMP-ChangeByte-CMP-PersAutoDict-EraseBytes- DE: "\344\017\000\000\000\000\000\000"-"\373\017\000\000\000\000\000\000"-"bI\000\000"-
#3923	REDUCE cov: 494 ft: 1500 corp: 91/6049Kb lim: 200000 exec/s: 230 rss: 373Mb L: 63041/200000 MS: 3 ChangeBinInt-InsertRepeatedBytes-EraseBytes-
#3935	REDUCE cov: 494 ft: 1500 corp: 91/6049Kb lim: 200000 exec/s: 231 rss: 373Mb L: 1549/200000 MS: 2 ChangeBinInt-EraseBytes-
#4012	REDUCE cov: 494 ft: 1500 corp: 91/6049Kb lim: 200000 exec/s: 236 rss: 375Mb L: 1592/200000 MS: 2 CrossOver-EraseBytes-
#4017	REDUCE cov: 494 ft: 1500 corp: 91/6031Kb lim: 200000 exec/s: 236 rss: 375Mb L: 104809/200000 MS: 5 ChangeByte-ChangeBinInt-ChangeBinInt-ChangeByte-EraseBytes-
#4061	REDUCE cov: 494 ft: 1500 corp: 91/6008Kb lim: 200000 exec/s: 238 rss: 375Mb L: 86535/200000 MS: 4 InsertByte-InsertByte-ChangeBit-EraseBytes-
#4079	REDUCE cov: 494 ft: 1500 corp: 91/5985Kb lim: 200000 exec/s: 239 rss: 375Mb L: 129980/200000 MS: 3 ChangeBinInt-ChangeASCIIInt-EraseBytes-
#4084	REDUCE cov: 494 ft: 1501 corp: 92/6042Kb lim: 200000 exec/s: 240 rss: 375Mb L: 57879/200000 MS: 5 ChangeByte-ChangeBit-CopyPart-ChangeASCIIInt-EraseBytes-
#4096	pulse  cov: 494 ft: 1501 corp: 92/6042Kb lim: 200000 exec/s: 240 rss: 375Mb
#4104	REDUCE cov: 495 ft: 1502 corp: 93/6043Kb lim: 200000 exec/s: 241 rss: 375Mb L: 1368/200000 MS: 5 ChangeByte-ShuffleBytes-PersAutoDict-ChangeASCIIInt-EraseBytes- DE: "\001\000Is"-
#4120	REDUCE cov: 495 ft: 1502 corp: 93/6043Kb lim: 200000 exec/s: 242 rss: 375Mb L: 1513/200000 MS: 1 EraseBytes-
#4127	REDUCE cov: 495 ft: 1502 corp: 93/6043Kb lim: 200000 exec/s: 229 rss: 375Mb L: 69227/200000 MS: 2 InsertRepeatedBytes-EraseBytes-
#4137	REDUCE cov: 495 ft: 1502 corp: 93/6039Kb lim: 200000 exec/s: 229 rss: 375Mb L: 7974/200000 MS: 5 ChangeBinInt-PersAutoDict-CopyPart-InsertRepeatedBytes-EraseBytes- DE: "\000\000I\\"-
#4146	REDUCE cov: 495 ft: 1502 corp: 93/6035Kb lim: 200000 exec/s: 230 rss: 375Mb L: 62645/200000 MS: 4 ShuffleBytes-CMP-ChangeBinInt-EraseBytes- DE: "\000\000\000\000\000\000\017\373"-
#4148	NEW    cov: 495 ft: 1507 corp: 94/6037Kb lim: 200000 exec/s: 230 rss: 375Mb L: 1553/200000 MS: 2 ChangeBit-CopyPart-
#4179	NEW    cov: 495 ft: 1508 corp: 95/6044Kb lim: 200000 exec/s: 232 rss: 375Mb L: 6975/200000 MS: 1 CrossOver-
#4201	REDUCE cov: 495 ft: 1508 corp: 95/6034Kb lim: 200000 exec/s: 233 rss: 375Mb L: 24649/200000 MS: 2 PersAutoDict-EraseBytes- DE: "\373\017\000\000\000\000\000\000"-
#4210	REDUCE cov: 495 ft: 1508 corp: 95/6032Kb lim: 200000 exec/s: 233 rss: 375Mb L: 5927/200000 MS: 4 ChangeBit-InsertByte-ChangeASCIIInt-EraseBytes-
#4211	REDUCE cov: 495 ft: 1508 corp: 95/6022Kb lim: 200000 exec/s: 233 rss: 375Mb L: 53630/200000 MS: 1 EraseBytes-
#4213	REDUCE cov: 495 ft: 1508 corp: 95/6007Kb lim: 200000 exec/s: 234 rss: 375Mb L: 16472/200000 MS: 2 CrossOver-EraseBytes-
#4354	REDUCE cov: 495 ft: 1508 corp: 95/6003Kb lim: 200000 exec/s: 241 rss: 375Mb L: 125277/200000 MS: 1 EraseBytes-
#4360	REDUCE cov: 495 ft: 1508 corp: 95/5990Kb lim: 200000 exec/s: 242 rss: 375Mb L: 50551/200000 MS: 1 EraseBytes-
#4408	REDUCE cov: 495 ft: 1508 corp: 95/5987Kb lim: 200000 exec/s: 244 rss: 375Mb L: 64079/200000 MS: 3 ChangeBit-InsertRepeatedBytes-EraseBytes-
#4410	NEW    cov: 495 ft: 1511 corp: 96/6043Kb lim: 200000 exec/s: 245 rss: 375Mb L: 57880/200000 MS: 2 ChangeBinInt-InsertByte-
#4416	REDUCE cov: 495 ft: 1511 corp: 96/6030Kb lim: 200000 exec/s: 245 rss: 375Mb L: 143622/200000 MS: 1 EraseBytes-
#4429	REDUCE cov: 495 ft: 1511 corp: 96/6030Kb lim: 200000 exec/s: 246 rss: 375Mb L: 1450/200000 MS: 3 ChangeASCIIInt-CopyPart-EraseBytes-
#4437	REDUCE cov: 495 ft: 1511 corp: 96/6024Kb lim: 200000 exec/s: 246 rss: 375Mb L: 18668/200000 MS: 3 CopyPart-InsertRepeatedBytes-EraseBytes-
#4442	REDUCE cov: 495 ft: 1511 corp: 96/5980Kb lim: 200000 exec/s: 246 rss: 375Mb L: 80735/200000 MS: 5 InsertRepeatedBytes-ShuffleBytes-ChangeBinInt-CMP-EraseBytes- DE: "Jy"-
#4444	REDUCE cov: 495 ft: 1511 corp: 96/5961Kb lim: 200000 exec/s: 246 rss: 375Mb L: 124144/200000 MS: 2 ChangeBit-EraseBytes-
#4525	REDUCE cov: 495 ft: 1511 corp: 96/5942Kb lim: 200000 exec/s: 238 rss: 375Mb L: 81637/200000 MS: 1 EraseBytes-
#4587	REDUCE cov: 495 ft: 1511 corp: 96/5927Kb lim: 200000 exec/s: 241 rss: 375Mb L: 113943/200000 MS: 2 ChangeByte-EraseBytes-
#4605	REDUCE cov: 495 ft: 1511 corp: 96/5921Kb lim: 200000 exec/s: 242 rss: 375Mb L: 22047/200000 MS: 3 InsertByte-CrossOver-EraseBytes-
#4713	REDUCE cov: 495 ft: 1511 corp: 96/5908Kb lim: 200000 exec/s: 248 rss: 375Mb L: 91813/200000 MS: 3 PersAutoDict-ShuffleBytes-EraseBytes- DE: "\000\000\000\000\000\000\020\000"-
#4747	REDUCE cov: 495 ft: 1511 corp: 96/5908Kb lim: 200000 exec/s: 237 rss: 375Mb L: 9099/200000 MS: 4 ChangeBinInt-InsertRepeatedBytes-CrossOver-EraseBytes-
#4757	REDUCE cov: 495 ft: 1511 corp: 96/5898Kb lim: 200000 exec/s: 237 rss: 375Mb L: 31720/200000 MS: 5 ChangeASCIIInt-ChangeByte-CrossOver-InsertRepeatedBytes-CrossOver-
#4771	REDUCE cov: 495 ft: 1511 corp: 96/5893Kb lim: 200000 exec/s: 238 rss: 375Mb L: 14000/200000 MS: 4 ShuffleBytes-ShuffleBytes-PersAutoDict-EraseBytes- DE: "\000\000\000\000\000\000\020\000"-
#4792	REDUCE cov: 495 ft: 1511 corp: 96/5893Kb lim: 200000 exec/s: 239 rss: 375Mb L: 57812/200000 MS: 1 EraseBytes-
#4886	REDUCE cov: 495 ft: 1511 corp: 96/5886Kb lim: 200000 exec/s: 244 rss: 375Mb L: 14222/200000 MS: 4 ShuffleBytes-InsertRepeatedBytes-InsertByte-EraseBytes-
#4892	REDUCE cov: 495 ft: 1511 corp: 96/5807Kb lim: 200000 exec/s: 244 rss: 375Mb L: 81846/200000 MS: 1 EraseBytes-
#4920	REDUCE cov: 495 ft: 1511 corp: 96/5802Kb lim: 200000 exec/s: 246 rss: 375Mb L: 51811/200000 MS: 3 ChangeBinInt-ChangeBinInt-EraseBytes-
#4928	REDUCE cov: 495 ft: 1511 corp: 96/5794Kb lim: 200000 exec/s: 246 rss: 375Mb L: 13069/200000 MS: 3 PersAutoDict-ChangeBit-CrossOver- DE: "\001\000\000\000\000\000\000\017"-
#4963	REDUCE cov: 495 ft: 1511 corp: 96/5792Kb lim: 200000 exec/s: 248 rss: 375Mb L: 4258/200000 MS: 5 CMP-ChangeByte-ChangeByte-ChangeBinInt-EraseBytes- DE: "\377\017\000\000\000\000\000\000"-
#4980	REDUCE cov: 495 ft: 1511 corp: 96/5787Kb lim: 200000 exec/s: 249 rss: 375Mb L: 148860/200000 MS: 2 CopyPart-EraseBytes-
#4986	REDUCE cov: 495 ft: 1511 corp: 96/5777Kb lim: 200000 exec/s: 249 rss: 375Mb L: 21465/200000 MS: 1 EraseBytes-
#5063	REDUCE cov: 495 ft: 1511 corp: 96/5776Kb lim: 200000 exec/s: 241 rss: 375Mb L: 90246/200000 MS: 2 InsertRepeatedBytes-EraseBytes-
#5071	REDUCE cov: 495 ft: 1511 corp: 96/5741Kb lim: 200000 exec/s: 241 rss: 375Mb L: 62733/200000 MS: 3 ChangeASCIIInt-ChangeASCIIInt-EraseBytes-
#5119	REDUCE cov: 495 ft: 1511 corp: 96/5741Kb lim: 200000 exec/s: 243 rss: 375Mb L: 441/200000 MS: 3 InsertRepeatedBytes-CopyPart-EraseBytes-
#5150	REDUCE cov: 495 ft: 1511 corp: 96/5739Kb lim: 200000 exec/s: 245 rss: 377Mb L: 55041/200000 MS: 1 EraseBytes-
#5154	REDUCE cov: 495 ft: 1511 corp: 96/5739Kb lim: 200000 exec/s: 245 rss: 377Mb L: 1367/200000 MS: 4 PersAutoDict-PersAutoDict-ChangeByte-EraseBytes- DE: "\377\017\000\000"-"\001\000"-
#5161	REDUCE cov: 495 ft: 1511 corp: 96/5737Kb lim: 200000 exec/s: 245 rss: 377Mb L: 80465/200000 MS: 2 ChangeASCIIInt-EraseBytes-
#5165	REDUCE cov: 495 ft: 1511 corp: 96/5737Kb lim: 200000 exec/s: 245 rss: 377Mb L: 1404/200000 MS: 4 InsertRepeatedBytes-CrossOver-InsertByte-EraseBytes-
#5219	REDUCE cov: 495 ft: 1511 corp: 96/5728Kb lim: 200000 exec/s: 248 rss: 378Mb L: 12136/200000 MS: 4 ChangeBit-InsertByte-ChangeBit-EraseBytes-
#5221	REDUCE cov: 495 ft: 1511 corp: 96/5721Kb lim: 200000 exec/s: 248 rss: 378Mb L: 53747/200000 MS: 2 ChangeBinInt-EraseBytes-
#5228	REDUCE cov: 495 ft: 1511 corp: 96/5688Kb lim: 200000 exec/s: 248 rss: 378Mb L: 59812/200000 MS: 2 ChangeBit-EraseBytes-
#5254	REDUCE cov: 495 ft: 1511 corp: 96/5642Kb lim: 200000 exec/s: 238 rss: 378Mb L: 61948/200000 MS: 1 EraseBytes-
#5265	REDUCE cov: 495 ft: 1514 corp: 97/5755Kb lim: 200000 exec/s: 239 rss: 378Mb L: 116231/200000 MS: 1 CrossOver-
#5350	REDUCE cov: 495 ft: 1514 corp: 97/5755Kb lim: 200000 exec/s: 243 rss: 378Mb L: 62428/200000 MS: 5 CopyPart-InsertByte-CrossOver-ShuffleBytes-EraseBytes-
#5396	REDUCE cov: 495 ft: 1514 corp: 97/5743Kb lim: 200000 exec/s: 245 rss: 378Mb L: 50982/200000 MS: 1 EraseBytes-
#5397	REDUCE cov: 495 ft: 1514 corp: 97/5724Kb lim: 200000 exec/s: 245 rss: 378Mb L: 66894/200000 MS: 1 EraseBytes-
#5420	REDUCE cov: 495 ft: 1514 corp: 97/5716Kb lim: 200000 exec/s: 246 rss: 378Mb L: 13014/200000 MS: 3 ChangeBit-InsertByte-EraseBytes-
#5427	REDUCE cov: 495 ft: 1514 corp: 97/5714Kb lim: 200000 exec/s: 246 rss: 378Mb L: 118938/200000 MS: 2 ChangeASCIIInt-EraseBytes-
#5483	REDUCE cov: 495 ft: 1514 corp: 97/5713Kb lim: 200000 exec/s: 238 rss: 378Mb L: 1625/200000 MS: 1 EraseBytes-
#5571	REDUCE cov: 495 ft: 1514 corp: 97/5669Kb lim: 200000 exec/s: 242 rss: 378Mb L: 82986/200000 MS: 3 ChangeBit-EraseBytes-InsertByte-
#5603	REDUCE cov: 495 ft: 1514 corp: 97/5668Kb lim: 200000 exec/s: 243 rss: 378Mb L: 52714/200000 MS: 2 CMP-EraseBytes- DE: "\377\377HV"-
#5626	REDUCE cov: 495 ft: 1514 corp: 97/5668Kb lim: 200000 exec/s: 244 rss: 378Mb L: 6876/200000 MS: 3 ChangeBit-ChangeBit-EraseBytes-
#5702	REDUCE cov: 495 ft: 1514 corp: 97/5647Kb lim: 200000 exec/s: 247 rss: 378Mb L: 98395/200000 MS: 1 EraseBytes-
#5737	REDUCE cov: 495 ft: 1514 corp: 97/5645Kb lim: 200000 exec/s: 239 rss: 378Mb L: 3085/200000 MS: 5 ChangeByte-ChangeByte-ChangeBit-InsertByte-EraseBytes-
#5765	REDUCE cov: 495 ft: 1514 corp: 97/5644Kb lim: 200000 exec/s: 240 rss: 378Mb L: 19795/200000 MS: 3 InsertByte-CrossOver-EraseBytes-
#5770	REDUCE cov: 495 ft: 1514 corp: 97/5634Kb lim: 200000 exec/s: 240 rss: 378Mb L: 106539/200000 MS: 5 CopyPart-CopyPart-EraseBytes-CopyPart-EraseBytes-
#5781	REDUCE cov: 495 ft: 1514 corp: 97/5614Kb lim: 200000 exec/s: 240 rss: 378Mb L: 37222/200000 MS: 1 EraseBytes-
#5913	REDUCE cov: 495 ft: 1514 corp: 97/5611Kb lim: 200000 exec/s: 246 rss: 378Mb L: 22960/200000 MS: 2 ChangeByte-EraseBytes-
#5990	REDUCE cov: 495 ft: 1514 corp: 97/5608Kb lim: 200000 exec/s: 239 rss: 378Mb L: 10713/200000 MS: 2 ChangeByte-EraseBytes-
#6010	REDUCE cov: 495 ft: 1515 corp: 98/5609Kb lim: 200000 exec/s: 240 rss: 378Mb L: 1765/200000 MS: 5 ChangeByte-ChangeBit-ChangeBinInt-ChangeBinInt-PersAutoDict- DE: "zI\000\000"-
#6123	REDUCE cov: 495 ft: 1515 corp: 98/5603Kb lim: 200000 exec/s: 244 rss: 378Mb L: 55059/200000 MS: 3 InsertRepeatedBytes-ChangeASCIIInt-EraseBytes-
#6130	REDUCE cov: 495 ft: 1515 corp: 98/5567Kb lim: 200000 exec/s: 245 rss: 378Mb L: 61807/200000 MS: 2 ChangeBit-EraseBytes-
#6149	REDUCE cov: 495 ft: 1515 corp: 98/5560Kb lim: 200000 exec/s: 245 rss: 378Mb L: 14757/200000 MS: 4 ChangeASCIIInt-PersAutoDict-ChangeBit-CrossOver- DE: "bI\000\000"-
#6179	REDUCE cov: 495 ft: 1515 corp: 98/5548Kb lim: 200000 exec/s: 247 rss: 378Mb L: 68056/200000 MS: 5 ChangeBit-ChangeBit-ChangeASCIIInt-ChangeBit-EraseBytes-
#6204	REDUCE cov: 495 ft: 1515 corp: 98/5548Kb lim: 200000 exec/s: 248 rss: 378Mb L: 433/200000 MS: 5 ChangeBit-PersAutoDict-ChangeBit-ChangeByte-EraseBytes- DE: "\177I"-
#6290	REDUCE cov: 495 ft: 1515 corp: 98/5540Kb lim: 200000 exec/s: 251 rss: 378Mb L: 29135/200000 MS: 1 EraseBytes-
#6322	REDUCE cov: 495 ft: 1515 corp: 98/5476Kb lim: 200000 exec/s: 252 rss: 378Mb L: 19127/200000 MS: 2 ChangeASCIIInt-CrossOver-
#6377	REDUCE cov: 495 ft: 1515 corp: 98/5474Kb lim: 200000 exec/s: 245 rss: 378Mb L: 17320/200000 MS: 5 ChangeASCIIInt-ChangeASCIIInt-ChangeBinInt-ShuffleBytes-EraseBytes-
#6381	REDUCE cov: 495 ft: 1515 corp: 98/5465Kb lim: 200000 exec/s: 245 rss: 378Mb L: 42173/200000 MS: 4 ShuffleBytes-ChangeASCIIInt-ChangeBinInt-EraseBytes-
#6408	REDUCE cov: 495 ft: 1515 corp: 98/5458Kb lim: 200000 exec/s: 246 rss: 378Mb L: 12686/200000 MS: 2 ChangeASCIIInt-EraseBytes-
#6440	NEW    cov: 495 ft: 1516 corp: 99/5584Kb lim: 200000 exec/s: 247 rss: 378Mb L: 128618/200000 MS: 2 ChangeBit-CMP- DE: "HS"-
#6457	REDUCE cov: 495 ft: 1516 corp: 99/5580Kb lim: 200000 exec/s: 248 rss: 378Mb L: 9629/200000 MS: 2 CrossOver-EraseBytes-
#6458	REDUCE cov: 495 ft: 1516 corp: 99/5580Kb lim: 200000 exec/s: 248 rss: 378Mb L: 391/200000 MS: 1 EraseBytes-
#6476	REDUCE cov: 495 ft: 1516 corp: 99/5563Kb lim: 200000 exec/s: 249 rss: 378Mb L: 72574/200000 MS: 3 InsertByte-ChangeByte-EraseBytes-
#6498	REDUCE cov: 495 ft: 1516 corp: 99/5558Kb lim: 200000 exec/s: 249 rss: 379Mb L: 146718/200000 MS: 2 ChangeBit-EraseBytes-
#6549	REDUCE cov: 495 ft: 1526 corp: 100/5621Kb lim: 200000 exec/s: 251 rss: 379Mb L: 64299/200000 MS: 1 CopyPart-
#6576	REDUCE cov: 495 ft: 1526 corp: 100/5620Kb lim: 200000 exec/s: 252 rss: 379Mb L: 9340/200000 MS: 2 ChangeASCIIInt-EraseBytes-
#6585	REDUCE cov: 495 ft: 1526 corp: 100/5617Kb lim: 200000 exec/s: 253 rss: 379Mb L: 14629/200000 MS: 4 ChangeBit-ChangeASCIIInt-ShuffleBytes-EraseBytes-
#6586	REDUCE cov: 495 ft: 1526 corp: 100/5616Kb lim: 200000 exec/s: 253 rss: 379Mb L: 2688/200000 MS: 1 EraseBytes-
#6592	REDUCE cov: 495 ft: 1526 corp: 100/5585Kb lim: 200000 exec/s: 253 rss: 379Mb L: 82551/200000 MS: 1 EraseBytes-
#6669	REDUCE cov: 495 ft: 1526 corp: 100/5579Kb lim: 200000 exec/s: 256 rss: 379Mb L: 6244/200000 MS: 2 ChangeASCIIInt-EraseBytes-
#6713	NEW    cov: 495 ft: 1527 corp: 101/5644Kb lim: 200000 exec/s: 258 rss: 381Mb L: 66177/200000 MS: 4 InsertByte-CopyPart-ChangeBit-PersAutoDict- DE: "zI\000\000"-
#6719	REDUCE cov: 495 ft: 1527 corp: 101/5618Kb lim: 200000 exec/s: 258 rss: 382Mb L: 102328/200000 MS: 1 CrossOver-
#6735	REDUCE cov: 495 ft: 1527 corp: 101/5614Kb lim: 200000 exec/s: 249 rss: 382Mb L: 47189/200000 MS: 1 EraseBytes-
#6747	REDUCE cov: 495 ft: 1527 corp: 101/5593Kb lim: 200000 exec/s: 249 rss: 382Mb L: 60415/200000 MS: 2 CMP-EraseBytes- DE: "\001\000\000\000\000\000\017\351"-
#6757	REDUCE cov: 495 ft: 1527 corp: 101/5582Kb lim: 200000 exec/s: 250 rss: 382Mb L: 36042/200000 MS: 5 ChangeBit-ChangeASCIIInt-CMP-InsertRepeatedBytes-EraseBytes- DE: "\373\017\000\000\000\000\000\000"-
#6774	REDUCE cov: 495 ft: 1527 corp: 101/5579Kb lim: 200000 exec/s: 250 rss: 382Mb L: 50215/200000 MS: 2 CMP-EraseBytes- DE: "lI\000\000"-
#6787	REDUCE cov: 495 ft: 1527 corp: 101/5576Kb lim: 200000 exec/s: 251 rss: 382Mb L: 29176/200000 MS: 3 ChangeBinInt-ChangeBinInt-EraseBytes-
#6829	REDUCE cov: 495 ft: 1528 corp: 102/5680Kb lim: 200000 exec/s: 252 rss: 382Mb L: 106625/200000 MS: 2 InsertRepeatedBytes-PersAutoDict- DE: "bI\000\000"-
#6881	REDUCE cov: 495 ft: 1528 corp: 102/5674Kb lim: 200000 exec/s: 254 rss: 382Mb L: 14176/200000 MS: 2 InsertRepeatedBytes-EraseBytes-
#6949	REDUCE cov: 495 ft: 1528 corp: 102/5655Kb lim: 200000 exec/s: 257 rss: 382Mb L: 44679/200000 MS: 3 InsertRepeatedBytes-ChangeASCIIInt-EraseBytes-
#6973	REDUCE cov: 495 ft: 1528 corp: 102/5639Kb lim: 200000 exec/s: 258 rss: 382Mb L: 90490/200000 MS: 4 InsertRepeatedBytes-ChangeByte-PersAutoDict-CrossOver- DE: "~I\000\000"-
#6993	REDUCE cov: 495 ft: 1528 corp: 102/5602Kb lim: 200000 exec/s: 259 rss: 382Mb L: 14813/200000 MS: 5 EraseBytes-CMP-EraseBytes-InsertByte-EraseBytes- DE: "\352\017\000\000\000\000\000\000"-
#7031	REDUCE cov: 495 ft: 1528 corp: 102/5590Kb lim: 200000 exec/s: 260 rss: 382Mb L: 45392/200000 MS: 3 ShuffleBytes-ChangeBinInt-EraseBytes-
#7048	REDUCE cov: 495 ft: 1528 corp: 102/5560Kb lim: 200000 exec/s: 261 rss: 382Mb L: 75503/200000 MS: 2 ChangeByte-CrossOver-
#7059	REDUCE cov: 495 ft: 1528 corp: 102/5480Kb lim: 200000 exec/s: 252 rss: 382Mb L: 86445/200000 MS: 1 EraseBytes-
#7192	REDUCE cov: 495 ft: 1528 corp: 102/5474Kb lim: 200000 exec/s: 256 rss: 382Mb L: 49125/200000 MS: 3 InsertByte-ChangeASCIIInt-EraseBytes-
#7200	REDUCE cov: 495 ft: 1528 corp: 102/5473Kb lim: 200000 exec/s: 257 rss: 382Mb L: 14185/200000 MS: 3 EraseBytes-EraseBytes-CopyPart-
#7207	REDUCE cov: 495 ft: 1528 corp: 102/5464Kb lim: 200000 exec/s: 257 rss: 382Mb L: 71871/200000 MS: 2 ShuffleBytes-EraseBytes-
#7228	REDUCE cov: 495 ft: 1528 corp: 102/5463Kb lim: 200000 exec/s: 258 rss: 382Mb L: 98324/200000 MS: 1 EraseBytes-
#7234	REDUCE cov: 495 ft: 1528 corp: 102/5455Kb lim: 200000 exec/s: 258 rss: 382Mb L: 59743/200000 MS: 1 EraseBytes-
#7280	REDUCE cov: 495 ft: 1528 corp: 102/5441Kb lim: 200000 exec/s: 251 rss: 382Mb L: 52272/200000 MS: 1 EraseBytes-
#7302	NEW    cov: 495 ft: 1529 corp: 103/5449Kb lim: 200000 exec/s: 251 rss: 382Mb L: 7992/200000 MS: 2 ChangeASCIIInt-CopyPart-
#7349	REDUCE cov: 495 ft: 1529 corp: 103/5440Kb lim: 200000 exec/s: 253 rss: 382Mb L: 38681/200000 MS: 2 ChangeASCIIInt-EraseBytes-
#7360	REDUCE cov: 495 ft: 1529 corp: 103/5405Kb lim: 200000 exec/s: 253 rss: 382Mb L: 83713/200000 MS: 1 EraseBytes-
#7369	REDUCE cov: 495 ft: 1529 corp: 103/5400Kb lim: 200000 exec/s: 254 rss: 382Mb L: 39078/200000 MS: 4 ChangeBinInt-InsertRepeatedBytes-ChangeBit-EraseBytes-
#7397	REDUCE cov: 495 ft: 1529 corp: 103/5396Kb lim: 200000 exec/s: 255 rss: 382Mb L: 10787/200000 MS: 3 ShuffleBytes-ShuffleBytes-EraseBytes-
#7418	REDUCE cov: 495 ft: 1529 corp: 103/5396Kb lim: 200000 exec/s: 255 rss: 382Mb L: 5455/200000 MS: 1 EraseBytes-
#7421	REDUCE cov: 495 ft: 1529 corp: 103/5395Kb lim: 200000 exec/s: 255 rss: 382Mb L: 253/200000 MS: 3 ChangeBit-InsertRepeatedBytes-EraseBytes-
#7427	REDUCE cov: 495 ft: 1539 corp: 104/5436Kb lim: 200000 exec/s: 256 rss: 382Mb L: 41763/200000 MS: 1 EraseBytes-
#7439	REDUCE cov: 495 ft: 1539 corp: 104/5431Kb lim: 200000 exec/s: 256 rss: 382Mb L: 24029/200000 MS: 2 CrossOver-CrossOver-
#7441	REDUCE cov: 495 ft: 1540 corp: 105/5502Kb lim: 200000 exec/s: 256 rss: 382Mb L: 72583/200000 MS: 2 InsertByte-PersAutoDict- DE: "\017\000\000\000\000\000\000\000"-
#7442	REDUCE cov: 495 ft: 1540 corp: 105/5484Kb lim: 200000 exec/s: 256 rss: 382Mb L: 26398/200000 MS: 1 EraseBytes-
#7500	REDUCE cov: 495 ft: 1540 corp: 105/5464Kb lim: 200000 exec/s: 258 rss: 382Mb L: 73651/200000 MS: 3 InsertByte-ChangeByte-EraseBytes-
#7523	REDUCE cov: 495 ft: 1540 corp: 105/5464Kb lim: 200000 exec/s: 259 rss: 382Mb L: 9350/200000 MS: 3 ChangeByte-ShuffleBytes-EraseBytes-
#7545	REDUCE cov: 495 ft: 1540 corp: 105/5461Kb lim: 200000 exec/s: 251 rss: 382Mb L: 35698/200000 MS: 2 InsertRepeatedBytes-EraseBytes-
#7558	REDUCE cov: 495 ft: 1540 corp: 105/5457Kb lim: 200000 exec/s: 251 rss: 382Mb L: 37613/200000 MS: 3 InsertRepeatedBytes-CrossOver-EraseBytes-
#7615	REDUCE cov: 495 ft: 1540 corp: 105/5456Kb lim: 200000 exec/s: 253 rss: 382Mb L: 1907/200000 MS: 2 CopyPart-EraseBytes-
#7656	REDUCE cov: 495 ft: 1540 corp: 105/5455Kb lim: 200000 exec/s: 255 rss: 382Mb L: 1816/200000 MS: 1 EraseBytes-
#7663	REDUCE cov: 495 ft: 1540 corp: 105/5453Kb lim: 200000 exec/s: 255 rss: 382Mb L: 4955/200000 MS: 2 ChangeBit-EraseBytes-
#7677	REDUCE cov: 496 ft: 1572 corp: 106/5456Kb lim: 200000 exec/s: 255 rss: 382Mb L: 3028/200000 MS: 4 ChangeBinInt-CopyPart-EraseBytes-CopyPart-
#7699	REDUCE cov: 496 ft: 1572 corp: 106/5453Kb lim: 200000 exec/s: 256 rss: 382Mb L: 5459/200000 MS: 2 CMP-EraseBytes- DE: "\001\000\000\000\000\000\017\372"-
#7708	REDUCE cov: 496 ft: 1572 corp: 106/5452Kb lim: 200000 exec/s: 256 rss: 382Mb L: 13144/200000 MS: 4 CrossOver-InsertRepeatedBytes-InsertRepeatedBytes-EraseBytes-
#7726	REDUCE cov: 496 ft: 1572 corp: 106/5447Kb lim: 200000 exec/s: 257 rss: 382Mb L: 4697/200000 MS: 3 ShuffleBytes-ChangeBinInt-EraseBytes-
#7727	REDUCE cov: 496 ft: 1572 corp: 106/5438Kb lim: 200000 exec/s: 257 rss: 382Mb L: 14603/200000 MS: 1 EraseBytes-
#7866	REDUCE cov: 496 ft: 1572 corp: 106/5396Kb lim: 200000 exec/s: 262 rss: 382Mb L: 98796/200000 MS: 4 ChangeByte-ChangeByte-InsertByte-EraseBytes-
#7889	REDUCE cov: 496 ft: 1572 corp: 106/5391Kb lim: 200000 exec/s: 254 rss: 382Mb L: 9466/200000 MS: 3 InsertByte-ChangeBit-EraseBytes-
#7920	REDUCE cov: 496 ft: 1572 corp: 106/5388Kb lim: 200000 exec/s: 255 rss: 382Mb L: 194983/200000 MS: 1 EraseBytes-
#7929	REDUCE cov: 496 ft: 1572 corp: 106/5364Kb lim: 200000 exec/s: 255 rss: 382Mb L: 99783/200000 MS: 4 CopyPart-CrossOver-InsertRepeatedBytes-EraseBytes-
#7931	REDUCE cov: 496 ft: 1572 corp: 106/5363Kb lim: 200000 exec/s: 255 rss: 382Mb L: 13202/200000 MS: 2 PersAutoDict-EraseBytes- DE: "\001\000\020\000"-
#7989	REDUCE cov: 496 ft: 1572 corp: 106/5347Kb lim: 200000 exec/s: 257 rss: 382Mb L: 68102/200000 MS: 3 ChangeBit-ChangeBit-EraseBytes-
#8010	REDUCE cov: 496 ft: 1572 corp: 106/5345Kb lim: 200000 exec/s: 258 rss: 382Mb L: 8657/200000 MS: 1 EraseBytes-
#8011	REDUCE cov: 496 ft: 1572 corp: 106/5343Kb lim: 200000 exec/s: 258 rss: 382Mb L: 5592/200000 MS: 1 EraseBytes-
#8012	REDUCE cov: 496 ft: 1572 corp: 106/5322Kb lim: 200000 exec/s: 258 rss: 382Mb L: 42803/200000 MS: 1 EraseBytes-
#8113	REDUCE cov: 496 ft: 1572 corp: 106/5317Kb lim: 200000 exec/s: 261 rss: 382Mb L: 55004/200000 MS: 1 EraseBytes-
#8145	REDUCE cov: 496 ft: 1572 corp: 106/5316Kb lim: 200000 exec/s: 262 rss: 382Mb L: 65145/200000 MS: 2 ShuffleBytes-EraseBytes-
#8192	pulse  cov: 496 ft: 1572 corp: 106/5316Kb lim: 200000 exec/s: 264 rss: 382Mb
#8203	REDUCE cov: 496 ft: 1572 corp: 106/5303Kb lim: 200000 exec/s: 264 rss: 382Mb L: 14043/200000 MS: 3 ChangeASCIIInt-InsertByte-EraseBytes-
#8209	REDUCE cov: 496 ft: 1572 corp: 106/5283Kb lim: 200000 exec/s: 264 rss: 382Mb L: 48579/200000 MS: 1 CrossOver-
#8217	REDUCE cov: 496 ft: 1572 corp: 106/5283Kb lim: 200000 exec/s: 265 rss: 382Mb L: 1432/200000 MS: 3 ChangeASCIIInt-ChangeBinInt-EraseBytes-
#8280	REDUCE cov: 496 ft: 1572 corp: 106/5271Kb lim: 200000 exec/s: 258 rss: 382Mb L: 70486/200000 MS: 3 ChangeASCIIInt-ShuffleBytes-EraseBytes-
#8290	REDUCE cov: 496 ft: 1572 corp: 106/5257Kb lim: 200000 exec/s: 259 rss: 382Mb L: 58254/200000 MS: 5 InsertByte-InsertByte-ChangeBinInt-InsertRepeatedBytes-EraseBytes-
#8292	REDUCE cov: 496 ft: 1572 corp: 106/5256Kb lim: 200000 exec/s: 259 rss: 382Mb L: 6589/200000 MS: 2 ChangeBinInt-EraseBytes-
#8302	REDUCE cov: 496 ft: 1572 corp: 106/5256Kb lim: 200000 exec/s: 259 rss: 382Mb L: 1429/200000 MS: 5 InsertRepeatedBytes-PersAutoDict-ChangeByte-ChangeBinInt-EraseBytes- DE: "\342\017\000\000\000\000\000\000"-
#8349	REDUCE cov: 496 ft: 1572 corp: 106/5256Kb lim: 200000 exec/s: 260 rss: 382Mb L: 60046/200000 MS: 2 ChangeBit-EraseBytes-
#8381	REDUCE cov: 496 ft: 1572 corp: 106/5251Kb lim: 200000 exec/s: 261 rss: 382Mb L: 30893/200000 MS: 2 CrossOver-EraseBytes-
#8408	REDUCE cov: 496 ft: 1572 corp: 106/5242Kb lim: 200000 exec/s: 262 rss: 382Mb L: 21492/200000 MS: 2 InsertByte-EraseBytes-
#8451	REDUCE cov: 496 ft: 1572 corp: 106/5242Kb lim: 200000 exec/s: 264 rss: 382Mb L: 2823/200000 MS: 3 ChangeByte-PersAutoDict-EraseBytes- DE: "\017\000\000\000\000\000\000\000"-
#8539	REDUCE cov: 496 ft: 1572 corp: 106/5230Kb lim: 200000 exec/s: 266 rss: 382Mb L: 40044/200000 MS: 3 InsertRepeatedBytes-ShuffleBytes-EraseBytes-
#8560	REDUCE cov: 496 ft: 1572 corp: 106/5189Kb lim: 200000 exec/s: 267 rss: 382Mb L: 48718/200000 MS: 1 EraseBytes-
#8572	REDUCE cov: 496 ft: 1572 corp: 106/5183Kb lim: 200000 exec/s: 267 rss: 382Mb L: 7904/200000 MS: 2 CMP-EraseBytes- DE: "\001\000Ik"-
#8593	REDUCE cov: 496 ft: 1572 corp: 106/5182Kb lim: 200000 exec/s: 268 rss: 382Mb L: 2360/200000 MS: 1 EraseBytes-
#8609	REDUCE cov: 496 ft: 1572 corp: 106/5181Kb lim: 200000 exec/s: 269 rss: 382Mb L: 71511/200000 MS: 1 EraseBytes-
#8634	REDUCE cov: 496 ft: 1572 corp: 106/5091Kb lim: 200000 exec/s: 261 rss: 382Mb L: 36132/200000 MS: 5 ChangeBinInt-ChangeASCIIInt-ChangeBinInt-CrossOver-ChangeBinInt-
#8650	REDUCE cov: 496 ft: 1572 corp: 106/5085Kb lim: 200000 exec/s: 262 rss: 382Mb L: 29672/200000 MS: 1 EraseBytes-
#8670	REDUCE cov: 496 ft: 1572 corp: 106/5077Kb lim: 200000 exec/s: 262 rss: 382Mb L: 95145/200000 MS: 5 ChangeBinInt-ShuffleBytes-ChangeBinInt-ChangeASCIIInt-EraseBytes-
#8692	REDUCE cov: 496 ft: 1572 corp: 106/5071Kb lim: 200000 exec/s: 263 rss: 382Mb L: 53356/200000 MS: 2 ShuffleBytes-EraseBytes-
#8711	REDUCE cov: 496 ft: 1572 corp: 106/5071Kb lim: 200000 exec/s: 263 rss: 382Mb L: 1806/200000 MS: 4 CMP-ChangeBinInt-ChangeBit-EraseBytes- DE: "UI"-
#8758	REDUCE cov: 496 ft: 1572 corp: 106/5070Kb lim: 200000 exec/s: 265 rss: 382Mb L: 20601/200000 MS: 2 ChangeByte-EraseBytes-
#8759	REDUCE cov: 496 ft: 1572 corp: 106/5055Kb lim: 200000 exec/s: 265 rss: 382Mb L: 34589/200000 MS: 1 EraseBytes-
#8831	REDUCE cov: 496 ft: 1572 corp: 106/5049Kb lim: 200000 exec/s: 259 rss: 382Mb L: 46971/200000 MS: 2 PersAutoDict-EraseBytes- DE: "\001\000\020\000"-
#8832	REDUCE cov: 496 ft: 1572 corp: 106/5049Kb lim: 200000 exec/s: 259 rss: 382Mb L: 141/200000 MS: 1 EraseBytes-
#8874	REDUCE cov: 496 ft: 1572 corp: 106/5044Kb lim: 200000 exec/s: 261 rss: 382Mb L: 7861/200000 MS: 2 ChangeByte-EraseBytes-
#8900	REDUCE cov: 496 ft: 1572 corp: 106/5040Kb lim: 200000 exec/s: 261 rss: 382Mb L: 94667/200000 MS: 1 EraseBytes-
#8914	REDUCE cov: 496 ft: 1572 corp: 106/5029Kb lim: 200000 exec/s: 262 rss: 382Mb L: 43403/200000 MS: 4 CMP-CMP-CopyPart-EraseBytes- DE: "\000\020\000\000\000\000\000\000"-"\370\017\000\000\000\000\000\000"-
#8966	REDUCE cov: 496 ft: 1572 corp: 106/5011Kb lim: 200000 exec/s: 263 rss: 382Mb L: 53636/200000 MS: 2 ShuffleBytes-EraseBytes-
#8989	REDUCE cov: 496 ft: 1572 corp: 106/5009Kb lim: 200000 exec/s: 264 rss: 382Mb L: 27005/200000 MS: 3 InsertRepeatedBytes-ChangeASCIIInt-EraseBytes-
#8997	REDUCE cov: 496 ft: 1572 corp: 106/4981Kb lim: 200000 exec/s: 264 rss: 382Mb L: 45595/200000 MS: 3 ChangeBinInt-PersAutoDict-EraseBytes- DE: "\000\020\000\000\000\000\000\000"-
#9018	REDUCE cov: 496 ft: 1581 corp: 107/5030Kb lim: 200000 exec/s: 265 rss: 382Mb L: 50216/200000 MS: 1 InsertByte-
#9021	REDUCE cov: 496 ft: 1581 corp: 107/5030Kb lim: 200000 exec/s: 265 rss: 382Mb L: 13481/200000 MS: 3 InsertByte-ChangeBit-EraseBytes-
#9049	REDUCE cov: 496 ft: 1581 corp: 107/5022Kb lim: 200000 exec/s: 266 rss: 382Mb L: 141021/200000 MS: 3 ChangeByte-ShuffleBytes-EraseBytes-
#9060	REDUCE cov: 496 ft: 1581 corp: 107/5005Kb lim: 200000 exec/s: 266 rss: 382Mb L: 26301/200000 MS: 1 EraseBytes-
#9065	REDUCE cov: 496 ft: 1581 corp: 107/4969Kb lim: 200000 exec/s: 266 rss: 382Mb L: 61129/200000 MS: 5 ChangeASCIIInt-ChangeBit-PersAutoDict-PersAutoDict-EraseBytes- DE: "\342\017\000\000\000\000\000\000"-"\000\000rV\344~\252\200"-
#9075	REDUCE cov: 496 ft: 1581 corp: 107/4944Kb lim: 200000 exec/s: 266 rss: 382Mb L: 121453/200000 MS: 5 InsertRepeatedBytes-ShuffleBytes-EraseBytes-InsertByte-CMP- DE: "}I"-
#9085	REDUCE cov: 496 ft: 1581 corp: 107/4919Kb lim: 200000 exec/s: 267 rss: 382Mb L: 39775/200000 MS: 5 PersAutoDict-InsertByte-ChangeBinInt-ShuffleBytes-EraseBytes- DE: "\352\017\000\000\000\000\000\000"-
#9096	REDUCE cov: 496 ft: 1581 corp: 107/4906Kb lim: 200000 exec/s: 267 rss: 382Mb L: 52736/200000 MS: 1 EraseBytes-
#9134	REDUCE cov: 496 ft: 1581 corp: 107/4889Kb lim: 200000 exec/s: 268 rss: 382Mb L: 31901/200000 MS: 3 ChangeBit-PersAutoDict-EraseBytes- DE: "\000\000rV\344~\252\200"-
#9284	REDUCE cov: 496 ft: 1581 corp: 107/4885Kb lim: 200000 exec/s: 265 rss: 382Mb L: 116647/200000 MS: 5 ShuffleBytes-ChangeBinInt-ChangeBit-ChangeBit-EraseBytes-
#9385	REDUCE cov: 496 ft: 1581 corp: 107/4859Kb lim: 200000 exec/s: 268 rss: 382Mb L: 27983/200000 MS: 1 EraseBytes-
#9407	REDUCE cov: 496 ft: 1581 corp: 107/4854Kb lim: 200000 exec/s: 268 rss: 382Mb L: 9675/200000 MS: 2 CrossOver-EraseBytes-
#9416	REDUCE cov: 496 ft: 1581 corp: 107/4851Kb lim: 200000 exec/s: 269 rss: 382Mb L: 11284/200000 MS: 4 ChangeByte-InsertRepeatedBytes-ChangeBinInt-EraseBytes-
#9487	REDUCE cov: 496 ft: 1581 corp: 107/4829Kb lim: 200000 exec/s: 263 rss: 382Mb L: 47400/200000 MS: 1 EraseBytes-
#9609	REDUCE cov: 496 ft: 1581 corp: 107/4824Kb lim: 200000 exec/s: 266 rss: 382Mb L: 4682/200000 MS: 2 ChangeBinInt-EraseBytes-
#9635	REDUCE cov: 496 ft: 1581 corp: 107/4824Kb lim: 200000 exec/s: 267 rss: 382Mb L: 1524/200000 MS: 1 EraseBytes-
#9641	REDUCE cov: 496 ft: 1581 corp: 107/4816Kb lim: 200000 exec/s: 267 rss: 382Mb L: 29312/200000 MS: 1 EraseBytes-
#9678	REDUCE cov: 496 ft: 1581 corp: 107/4813Kb lim: 200000 exec/s: 268 rss: 382Mb L: 17246/200000 MS: 2 ChangeASCIIInt-EraseBytes-
#9689	REDUCE cov: 496 ft: 1581 corp: 107/4813Kb lim: 200000 exec/s: 269 rss: 382Mb L: 129/200000 MS: 1 EraseBytes-
#9704	REDUCE cov: 496 ft: 1581 corp: 107/4803Kb lim: 200000 exec/s: 269 rss: 382Mb L: 21974/200000 MS: 5 ChangeByte-ChangeBinInt-InsertByte-ChangeBinInt-EraseBytes-
#9725	REDUCE cov: 496 ft: 1581 corp: 107/4802Kb lim: 200000 exec/s: 270 rss: 382Mb L: 28400/200000 MS: 1 EraseBytes-
#9762	REDUCE cov: 496 ft: 1581 corp: 107/4798Kb lim: 200000 exec/s: 271 rss: 382Mb L: 9073/200000 MS: 2 ChangeByte-EraseBytes-
#9773	REDUCE cov: 496 ft: 1581 corp: 107/4788Kb lim: 200000 exec/s: 271 rss: 382Mb L: 64522/200000 MS: 1 EraseBytes-
#9873	REDUCE cov: 496 ft: 1581 corp: 107/4786Kb lim: 200000 exec/s: 266 rss: 382Mb L: 45054/200000 MS: 5 ShuffleBytes-ChangeBit-CopyPart-CMP-EraseBytes- DE: "\001\000IV"-
#9880	REDUCE cov: 496 ft: 1581 corp: 107/4781Kb lim: 200000 exec/s: 267 rss: 382Mb L: 8687/200000 MS: 2 ChangeASCIIInt-EraseBytes-
#9883	REDUCE cov: 496 ft: 1581 corp: 107/4781Kb lim: 200000 exec/s: 267 rss: 382Mb L: 28134/200000 MS: 3 ShuffleBytes-CopyPart-EraseBytes-
#9904	REDUCE cov: 496 ft: 1581 corp: 107/4781Kb lim: 200000 exec/s: 267 rss: 382Mb L: 4619/200000 MS: 1 EraseBytes-
#9936	REDUCE cov: 496 ft: 1581 corp: 107/4780Kb lim: 200000 exec/s: 268 rss: 382Mb L: 4194/200000 MS: 2 ChangeASCIIInt-EraseBytes-
#9947	REDUCE cov: 496 ft: 1581 corp: 107/4779Kb lim: 200000 exec/s: 268 rss: 382Mb L: 20745/200000 MS: 1 EraseBytes-
#9950	REDUCE cov: 496 ft: 1581 corp: 107/4779Kb lim: 200000 exec/s: 268 rss: 382Mb L: 7819/200000 MS: 3 PersAutoDict-ChangeBit-EraseBytes- DE: "\001\000\000\000\000\000\017\351"-
#9967	REDUCE cov: 496 ft: 1581 corp: 107/4779Kb lim: 200000 exec/s: 269 rss: 382Mb L: 12648/200000 MS: 2 ChangeBit-EraseBytes-
#9979	REDUCE cov: 496 ft: 1581 corp: 107/4779Kb lim: 200000 exec/s: 269 rss: 382Mb L: 80/200000 MS: 2 InsertRepeatedBytes-EraseBytes-
#9990	REDUCE cov: 496 ft: 1581 corp: 107/4776Kb lim: 200000 exec/s: 270 rss: 382Mb L: 5130/200000 MS: 1 EraseBytes-
#10009	REDUCE cov: 496 ft: 1581 corp: 107/4763Kb lim: 200000 exec/s: 270 rss: 382Mb L: 46318/200000 MS: 4 ChangeByte-ShuffleBytes-InsertRepeatedBytes-EraseBytes-
#10015	REDUCE cov: 496 ft: 1581 corp: 107/4757Kb lim: 200000 exec/s: 270 rss: 382Mb L: 39452/200000 MS: 1 EraseBytes-
#10044	REDUCE cov: 496 ft: 1581 corp: 107/4756Kb lim: 200000 exec/s: 271 rss: 382Mb L: 7553/200000 MS: 4 ChangeBit-ChangeASCIIInt-InsertByte-EraseBytes-
#10066	REDUCE cov: 496 ft: 1581 corp: 107/4731Kb lim: 200000 exec/s: 272 rss: 382Mb L: 55827/200000 MS: 2 ShuffleBytes-EraseBytes-
#10087	REDUCE cov: 496 ft: 1581 corp: 107/4715Kb lim: 200000 exec/s: 272 rss: 382Mb L: 47412/200000 MS: 1 EraseBytes-
#10097	REDUCE cov: 496 ft: 1582 corp: 108/4855Kb lim: 200000 exec/s: 272 rss: 382Mb L: 143610/200000 MS: 5 CMP-CrossOver-ChangeByte-ChangeASCIIInt-CopyPart- DE: "\340\017\000\000\000\000\000\000"-
#10100	REDUCE cov: 496 ft: 1582 corp: 108/4841Kb lim: 200000 exec/s: 265 rss: 383Mb L: 57499/200000 MS: 3 ChangeBit-ChangeByte-EraseBytes-
#10102	REDUCE cov: 496 ft: 1582 corp: 108/4837Kb lim: 200000 exec/s: 265 rss: 383Mb L: 5889/200000 MS: 2 CMP-EraseBytes- DE: "\001\000\000\000\000\000\000\017"-
#10112	REDUCE cov: 496 ft: 1582 corp: 108/4823Kb lim: 200000 exec/s: 266 rss: 383Mb L: 47923/200000 MS: 5 ChangeBit-ChangeByte-ChangeByte-ChangeByte-EraseBytes-
#10142	REDUCE cov: 496 ft: 1582 corp: 108/4810Kb lim: 200000 exec/s: 266 rss: 385Mb L: 43838/200000 MS: 5 ChangeASCIIInt-ChangeByte-PersAutoDict-PersAutoDict-EraseBytes- DE: "\377\017\000\000\000\000\000\000"-"\016\000\000\000\000\000\000\000"-
#10164	REDUCE cov: 496 ft: 1582 corp: 108/4808Kb lim: 200000 exec/s: 267 rss: 385Mb L: 2332/200000 MS: 2 CopyPart-EraseBytes-
#10202	REDUCE cov: 496 ft: 1582 corp: 108/4800Kb lim: 200000 exec/s: 268 rss: 389Mb L: 25800/200000 MS: 3 ShuffleBytes-InsertByte-EraseBytes-
#10288	REDUCE cov: 496 ft: 1582 corp: 108/4798Kb lim: 200000 exec/s: 270 rss: 389Mb L: 3584/200000 MS: 1 EraseBytes-
#10323	REDUCE cov: 496 ft: 1582 corp: 108/4786Kb lim: 200000 exec/s: 271 rss: 390Mb L: 14022/200000 MS: 5 PersAutoDict-ChangeASCIIInt-PersAutoDict-ChangeByte-EraseBytes- DE: "HS"-"Jy"-
#10324	REDUCE cov: 496 ft: 1582 corp: 108/4785Kb lim: 200000 exec/s: 271 rss: 390Mb L: 37682/200000 MS: 1 EraseBytes-
#10440	REDUCE cov: 496 ft: 1582 corp: 108/4768Kb lim: 200000 exec/s: 267 rss: 391Mb L: 39528/200000 MS: 1 EraseBytes-
#10443	REDUCE cov: 496 ft: 1582 corp: 108/4768Kb lim: 200000 exec/s: 267 rss: 391Mb L: 45/200000 MS: 3 InsertByte-ChangeBinInt-EraseBytes-
#10546	REDUCE cov: 496 ft: 1582 corp: 108/4767Kb lim: 200000 exec/s: 270 rss: 391Mb L: 11007/200000 MS: 3 ShuffleBytes-CMP-EraseBytes- DE: "\377\377Hh"-
#10547	REDUCE cov: 496 ft: 1582 corp: 108/4767Kb lim: 200000 exec/s: 270 rss: 391Mb L: 7158/200000 MS: 1 EraseBytes-
#10573	REDUCE cov: 496 ft: 1582 corp: 108/4763Kb lim: 200000 exec/s: 271 rss: 391Mb L: 21593/200000 MS: 1 EraseBytes-
#10584	REDUCE cov: 496 ft: 1582 corp: 108/4757Kb lim: 200000 exec/s: 271 rss: 391Mb L: 31479/200000 MS: 1 EraseBytes-
#10609	REDUCE cov: 496 ft: 1582 corp: 108/4740Kb lim: 200000 exec/s: 272 rss: 391Mb L: 22916/200000 MS: 5 ChangeBinInt-ChangeByte-InsertByte-ChangeByte-EraseBytes-
#10615	REDUCE cov: 496 ft: 1582 corp: 108/4737Kb lim: 200000 exec/s: 272 rss: 391Mb L: 13113/200000 MS: 1 EraseBytes-
#10630	REDUCE cov: 496 ft: 1582 corp: 108/4710Kb lim: 200000 exec/s: 272 rss: 391Mb L: 116554/200000 MS: 5 ChangeByte-InsertRepeatedBytes-ShuffleBytes-CrossOver-EraseBytes-
#10633	REDUCE cov: 496 ft: 1582 corp: 108/4707Kb lim: 200000 exec/s: 272 rss: 391Mb L: 33224/200000 MS: 3 ChangeBit-CopyPart-EraseBytes-
#10705	REDUCE cov: 496 ft: 1582 corp: 108/4705Kb lim: 200000 exec/s: 274 rss: 391Mb L: 3916/200000 MS: 2 InsertRepeatedBytes-EraseBytes-
#10736	REDUCE cov: 496 ft: 1583 corp: 109/4708Kb lim: 200000 exec/s: 275 rss: 391Mb L: 2360/200000 MS: 1 CopyPart-
#10746	REDUCE cov: 496 ft: 1583 corp: 109/4674Kb lim: 200000 exec/s: 275 rss: 391Mb L: 93806/200000 MS: 5 InsertRepeatedBytes-ChangeByte-CMP-CrossOver-EraseBytes- DE: "\377\017\000\000\000\000\000\000"-
#10770	REDUCE cov: 496 ft: 1583 corp: 109/4667Kb lim: 200000 exec/s: 269 rss: 391Mb L: 24654/200000 MS: 4 InsertRepeatedBytes-CrossOver-InsertByte-EraseBytes-
#10771	REDUCE cov: 496 ft: 1583 corp: 109/4658Kb lim: 200000 exec/s: 269 rss: 391Mb L: 40537/200000 MS: 1 EraseBytes-
#10806	REDUCE cov: 496 ft: 1583 corp: 109/4648Kb lim: 200000 exec/s: 270 rss: 391Mb L: 18800/200000 MS: 5 ShuffleBytes-InsertByte-PersAutoDict-ChangeBinInt-EraseBytes- DE: "\340\017\000\000\000\000\000\000"-
#10817	REDUCE cov: 496 ft: 1583 corp: 109/4648Kb lim: 200000 exec/s: 270 rss: 391Mb L: 1615/200000 MS: 1 EraseBytes-
#10828	REDUCE cov: 496 ft: 1583 corp: 109/4645Kb lim: 200000 exec/s: 270 rss: 391Mb L: 9691/200000 MS: 1 EraseBytes-
#10858	REDUCE cov: 496 ft: 1584 corp: 110/4667Kb lim: 200000 exec/s: 271 rss: 391Mb L: 22918/200000 MS: 5 CrossOver-ChangeByte-ChangeASCIIInt-ChangeASCIIInt-CMP- DE: "SI"-
#10885	REDUCE cov: 496 ft: 1585 corp: 111/4686Kb lim: 200000 exec/s: 272 rss: 391Mb L: 19508/200000 MS: 2 ChangeBit-EraseBytes-
#10893	REDUCE cov: 496 ft: 1585 corp: 111/4660Kb lim: 200000 exec/s: 272 rss: 391Mb L: 36903/200000 MS: 3 CMP-PersAutoDict-EraseBytes- DE: "vI"-"}I"-
#11005	REDUCE cov: 496 ft: 1585 corp: 111/4653Kb lim: 200000 exec/s: 275 rss: 391Mb L: 32947/200000 MS: 2 PersAutoDict-EraseBytes- DE: "\377\377H\\"-
#11066	REDUCE cov: 496 ft: 1585 corp: 111/4649Kb lim: 200000 exec/s: 276 rss: 391Mb L: 5186/200000 MS: 1 EraseBytes-
#11164	REDUCE cov: 496 ft: 1585 corp: 111/4645Kb lim: 200000 exec/s: 272 rss: 391Mb L: 7326/200000 MS: 3 CopyPart-ChangeBinInt-EraseBytes-
#11244	REDUCE cov: 496 ft: 1585 corp: 111/4631Kb lim: 200000 exec/s: 274 rss: 391Mb L: 45605/200000 MS: 5 ChangeBinInt-ChangeByte-ChangeASCIIInt-ChangeASCIIInt-EraseBytes-
#11257	REDUCE cov: 496 ft: 1585 corp: 111/4630Kb lim: 200000 exec/s: 274 rss: 391Mb L: 1468/200000 MS: 3 ShuffleBytes-ChangeBinInt-EraseBytes-
#11264	REDUCE cov: 496 ft: 1585 corp: 111/4563Kb lim: 200000 exec/s: 274 rss: 391Mb L: 88296/200000 MS: 2 CMP-CrossOver- DE: "H~"-
#11268	REDUCE cov: 496 ft: 1585 corp: 111/4554Kb lim: 200000 exec/s: 274 rss: 391Mb L: 17386/200000 MS: 4 ChangeByte-PersAutoDict-CrossOver-EraseBytes- DE: "\001\000\000\000\000\000\017\351"-
#11347	REDUCE cov: 496 ft: 1585 corp: 111/4551Kb lim: 200000 exec/s: 276 rss: 391Mb L: 14861/200000 MS: 4 PersAutoDict-CrossOver-ChangeASCIIInt-EraseBytes- DE: "\377\017\000\000\000\000\000\000"-
#11369	REDUCE cov: 496 ft: 1585 corp: 111/4533Kb lim: 200000 exec/s: 277 rss: 391Mb L: 25245/200000 MS: 2 ChangeASCIIInt-EraseBytes-
#11615	REDUCE cov: 496 ft: 1585 corp: 111/4533Kb lim: 200000 exec/s: 276 rss: 391Mb L: 4967/200000 MS: 1 EraseBytes-
#11619	REDUCE cov: 496 ft: 1585 corp: 111/4529Kb lim: 200000 exec/s: 276 rss: 391Mb L: 79662/200000 MS: 4 ChangeByte-ChangeByte-ChangeByte-EraseBytes-
#11620	REDUCE cov: 496 ft: 1585 corp: 111/4527Kb lim: 200000 exec/s: 276 rss: 391Mb L: 37608/200000 MS: 1 EraseBytes-
#11658	REDUCE cov: 496 ft: 1585 corp: 111/4517Kb lim: 200000 exec/s: 277 rss: 391Mb L: 12750/200000 MS: 3 PersAutoDict-ChangeBit-EraseBytes- DE: "Jy"-
#11661	REDUCE cov: 496 ft: 1593 corp: 112/4546Kb lim: 200000 exec/s: 277 rss: 391Mb L: 29778/200000 MS: 3 EraseBytes-ChangeASCIIInt-CMP- DE: "\336\266\006\000"-
#11678	REDUCE cov: 496 ft: 1593 corp: 112/4544Kb lim: 200000 exec/s: 278 rss: 391Mb L: 5966/200000 MS: 2 InsertRepeatedBytes-EraseBytes-
#11714	REDUCE cov: 496 ft: 1593 corp: 112/4543Kb lim: 200000 exec/s: 278 rss: 391Mb L: 4870/200000 MS: 1 EraseBytes-
#11718	REDUCE cov: 496 ft: 1593 corp: 112/4534Kb lim: 200000 exec/s: 279 rss: 391Mb L: 50076/200000 MS: 4 ChangeByte-ShuffleBytes-ChangeBinInt-EraseBytes-
#11732	REDUCE cov: 496 ft: 1593 corp: 112/4532Kb lim: 200000 exec/s: 279 rss: 391Mb L: 12062/200000 MS: 4 ChangeBinInt-InsertByte-ChangeByte-EraseBytes-
#11741	REDUCE cov: 496 ft: 1593 corp: 112/4532Kb lim: 200000 exec/s: 279 rss: 391Mb L: 1850/200000 MS: 4 ChangeBit-CopyPart-CrossOver-EraseBytes-
#11758	REDUCE cov: 496 ft: 1593 corp: 112/4532Kb lim: 200000 exec/s: 279 rss: 391Mb L: 1558/200000 MS: 2 ChangeByte-EraseBytes-
#11775	REDUCE cov: 496 ft: 1593 corp: 112/4528Kb lim: 200000 exec/s: 280 rss: 391Mb L: 38584/200000 MS: 2 InsertRepeatedBytes-EraseBytes-
#11806	REDUCE cov: 496 ft: 1593 corp: 112/4525Kb lim: 200000 exec/s: 281 rss: 391Mb L: 5378/200000 MS: 1 EraseBytes-
#11874	REDUCE cov: 496 ft: 1593 corp: 112/4524Kb lim: 200000 exec/s: 276 rss: 391Mb L: 6108/200000 MS: 3 CrossOver-ChangeASCIIInt-EraseBytes-
#11922	REDUCE cov: 496 ft: 1593 corp: 112/4518Kb lim: 200000 exec/s: 277 rss: 392Mb L: 23203/200000 MS: 3 CopyPart-PersAutoDict-EraseBytes- DE: "\016\000\000\000\000\000\000\000"-
#11930	REDUCE cov: 496 ft: 1593 corp: 112/4517Kb lim: 200000 exec/s: 277 rss: 392Mb L: 14429/200000 MS: 3 ChangeASCIIInt-ChangeByte-EraseBytes-
#11963	REDUCE cov: 496 ft: 1593 corp: 112/4508Kb lim: 200000 exec/s: 278 rss: 392Mb L: 12976/200000 MS: 3 ChangeByte-ChangeBinInt-EraseBytes-
#12013	REDUCE cov: 496 ft: 1593 corp: 112/4506Kb lim: 200000 exec/s: 279 rss: 392Mb L: 19070/200000 MS: 5 InsertRepeatedBytes-CrossOver-ShuffleBytes-InsertByte-EraseBytes-
#12021	REDUCE cov: 496 ft: 1593 corp: 112/4501Kb lim: 200000 exec/s: 279 rss: 392Mb L: 6701/200000 MS: 3 CrossOver-ChangeBinInt-EraseBytes-
#12029	REDUCE cov: 496 ft: 1593 corp: 112/4500Kb lim: 200000 exec/s: 279 rss: 392Mb L: 128130/200000 MS: 3 ChangeASCIIInt-ShuffleBytes-EraseBytes-
#12030	REDUCE cov: 496 ft: 1593 corp: 112/4495Kb lim: 200000 exec/s: 279 rss: 392Mb L: 7322/200000 MS: 1 EraseBytes-
#12096	REDUCE cov: 496 ft: 1593 corp: 112/4485Kb lim: 200000 exec/s: 281 rss: 393Mb L: 28358/200000 MS: 1 EraseBytes-
#12109	REDUCE cov: 496 ft: 1593 corp: 112/4483Kb lim: 200000 exec/s: 281 rss: 393Mb L: 23602/200000 MS: 3 ChangeBit-ChangeByte-EraseBytes-
#12236	REDUCE cov: 496 ft: 1594 corp: 113/4543Kb lim: 200000 exec/s: 278 rss: 395Mb L: 61175/200000 MS: 2 InsertRepeatedBytes-PersAutoDict- DE: "H~"-
#12466	REDUCE cov: 496 ft: 1594 corp: 113/4513Kb lim: 200000 exec/s: 283 rss: 395Mb L: 31126/200000 MS: 5 InsertRepeatedBytes-ChangeBinInt-CMP-CMP-EraseBytes- DE: "JZ"-"\016\000\000\000\000\000\000\000"-
#12516	REDUCE cov: 496 ft: 1594 corp: 113/4502Kb lim: 200000 exec/s: 284 rss: 395Mb L: 49387/200000 MS: 5 PersAutoDict-CMP-ShuffleBytes-InsertByte-EraseBytes- DE: "\017\000\000\000\000\000\000\000"-"\010\000\000\000\000\000\000\000"-
#12574	REDUCE cov: 496 ft: 1594 corp: 113/4497Kb lim: 200000 exec/s: 279 rss: 395Mb L: 23180/200000 MS: 3 InsertRepeatedBytes-InsertByte-EraseBytes-
#12590	REDUCE cov: 496 ft: 1594 corp: 113/4497Kb lim: 200000 exec/s: 279 rss: 395Mb L: 5585/200000 MS: 1 EraseBytes-
#12605	REDUCE cov: 496 ft: 1594 corp: 113/4496Kb lim: 200000 exec/s: 280 rss: 395Mb L: 1826/200000 MS: 5 CMP-PersAutoDict-ChangeByte-ShuffleBytes-EraseBytes- DE: "gI\000\000"-"\016\000\000\000\000\000\000\000"-
#12632	REDUCE cov: 496 ft: 1594 corp: 113/4493Kb lim: 200000 exec/s: 280 rss: 395Mb L: 5901/200000 MS: 2 ChangeByte-EraseBytes-
#12670	REDUCE cov: 496 ft: 1594 corp: 113/4487Kb lim: 200000 exec/s: 281 rss: 395Mb L: 13632/200000 MS: 3 CMP-PersAutoDict-EraseBytes- DE: "gI\000\000"-"\001\000\000\000\000\000\017\351"-
#12733	REDUCE cov: 496 ft: 1594 corp: 113/4481Kb lim: 200000 exec/s: 282 rss: 395Mb L: 17008/200000 MS: 3 ChangeBit-ChangeBit-EraseBytes-
#12739	REDUCE cov: 496 ft: 1594 corp: 113/4470Kb lim: 200000 exec/s: 283 rss: 395Mb L: 26015/200000 MS: 1 EraseBytes-
#12758	REDUCE cov: 496 ft: 1594 corp: 113/4468Kb lim: 200000 exec/s: 283 rss: 395Mb L: 24213/200000 MS: 4 ChangeBit-ChangeBinInt-ChangeBit-EraseBytes-
#12785	REDUCE cov: 496 ft: 1594 corp: 113/4449Kb lim: 200000 exec/s: 284 rss: 395Mb L: 27573/200000 MS: 2 ChangeBinInt-EraseBytes-
#12850	REDUCE cov: 496 ft: 1594 corp: 113/4449Kb lim: 200000 exec/s: 279 rss: 395Mb L: 3368/200000 MS: 5 CMP-InsertByte-InsertRepeatedBytes-ChangeBinInt-EraseBytes- DE: "PI\000\000"-
#12948	REDUCE cov: 496 ft: 1594 corp: 113/4424Kb lim: 200000 exec/s: 281 rss: 395Mb L: 32861/200000 MS: 3 ChangeASCIIInt-ChangeBit-EraseBytes-
#12989	REDUCE cov: 496 ft: 1594 corp: 113/4421Kb lim: 200000 exec/s: 282 rss: 395Mb L: 45020/200000 MS: 1 EraseBytes-
#13000	REDUCE cov: 496 ft: 1594 corp: 113/4411Kb lim: 200000 exec/s: 282 rss: 395Mb L: 14181/200000 MS: 1 EraseBytes-
#13034	REDUCE cov: 496 ft: 1594 corp: 113/4409Kb lim: 200000 exec/s: 283 rss: 395Mb L: 10584/200000 MS: 4 ShuffleBytes-ChangeByte-ChangeASCIIInt-EraseBytes-
#13038	REDUCE cov: 496 ft: 1594 corp: 113/4408Kb lim: 200000 exec/s: 283 rss: 395Mb L: 4547/200000 MS: 4 InsertRepeatedBytes-InsertByte-ChangeBit-EraseBytes-
#13051	REDUCE cov: 496 ft: 1594 corp: 113/4397Kb lim: 200000 exec/s: 283 rss: 395Mb L: 10269/200000 MS: 3 PersAutoDict-ChangeBinInt-CrossOver- DE: "\000\000rV\344~\252\200"-
#13093	REDUCE cov: 496 ft: 1594 corp: 113/4387Kb lim: 200000 exec/s: 284 rss: 395Mb L: 17094/200000 MS: 2 CopyPart-CrossOver-
#13134	REDUCE cov: 496 ft: 1594 corp: 113/4386Kb lim: 200000 exec/s: 285 rss: 395Mb L: 4110/200000 MS: 1 EraseBytes-
#13138	REDUCE cov: 496 ft: 1595 corp: 114/4388Kb lim: 200000 exec/s: 285 rss: 395Mb L: 1562/200000 MS: 4 ChangeASCIIInt-ChangeBit-CopyPart-InsertByte-
#13241	REDUCE cov: 496 ft: 1595 corp: 114/4386Kb lim: 200000 exec/s: 281 rss: 395Mb L: 5749/200000 MS: 3 ChangeByte-ShuffleBytes-EraseBytes-
#13346	REDUCE cov: 496 ft: 1595 corp: 114/4386Kb lim: 200000 exec/s: 283 rss: 398Mb L: 6849/200000 MS: 5 PersAutoDict-ChangeBinInt-InsertRepeatedBytes-CrossOver-EraseBytes- DE: "lI"-
#13451	REDUCE cov: 496 ft: 1595 corp: 114/4379Kb lim: 200000 exec/s: 286 rss: 398Mb L: 10791/200000 MS: 5 PersAutoDict-ShuffleBytes-CrossOver-InsertByte-EraseBytes- DE: "\377\377H\\"-
#13515	REDUCE cov: 496 ft: 1595 corp: 114/4379Kb lim: 200000 exec/s: 287 rss: 398Mb L: 1505/200000 MS: 4 InsertRepeatedBytes-PersAutoDict-ChangeBit-EraseBytes- DE: "PI\000\000"-
#13593	REDUCE cov: 496 ft: 1595 corp: 114/4374Kb lim: 200000 exec/s: 283 rss: 398Mb L: 5410/200000 MS: 3 ChangeByte-PersAutoDict-EraseBytes- DE: "\377\377H\\"-
#13656	REDUCE cov: 496 ft: 1595 corp: 114/4370Kb lim: 200000 exec/s: 284 rss: 398Mb L: 6247/200000 MS: 3 InsertRepeatedBytes-ShuffleBytes-EraseBytes-
#13690	REDUCE cov: 496 ft: 1595 corp: 114/4368Kb lim: 200000 exec/s: 285 rss: 398Mb L: 31425/200000 MS: 4 CrossOver-CMP-InsertRepeatedBytes-EraseBytes- DE: "\377\377\377\377\377\377\016\372"-
#13767	REDUCE cov: 496 ft: 1595 corp: 114/4365Kb lim: 200000 exec/s: 286 rss: 398Mb L: 46219/200000 MS: 2 ShuffleBytes-EraseBytes-
#13773	REDUCE cov: 496 ft: 1595 corp: 114/4364Kb lim: 200000 exec/s: 286 rss: 398Mb L: 48828/200000 MS: 1 CrossOver-
#13778	REDUCE cov: 496 ft: 1595 corp: 114/4354Kb lim: 200000 exec/s: 287 rss: 398Mb L: 12922/200000 MS: 5 ChangeASCIIInt-InsertByte-InsertRepeatedBytes-ChangeBinInt-EraseBytes-
#13797	REDUCE cov: 496 ft: 1595 corp: 114/4352Kb lim: 200000 exec/s: 287 rss: 398Mb L: 4415/200000 MS: 4 ChangeBinInt-CrossOver-CMP-EraseBytes- DE: "\000\000\000\000\000\000\0009"-
#13820	REDUCE cov: 496 ft: 1595 corp: 114/4347Kb lim: 200000 exec/s: 287 rss: 398Mb L: 8027/200000 MS: 3 ChangeBinInt-InsertByte-EraseBytes-
#13888	REDUCE cov: 496 ft: 1595 corp: 114/4332Kb lim: 200000 exec/s: 289 rss: 399Mb L: 37133/200000 MS: 3 ChangeByte-ChangeASCIIInt-EraseBytes-
#13889	REDUCE cov: 496 ft: 1595 corp: 114/4332Kb lim: 200000 exec/s: 289 rss: 399Mb L: 30/200000 MS: 1 EraseBytes-
#14030	REDUCE cov: 496 ft: 1595 corp: 114/4331Kb lim: 200000 exec/s: 286 rss: 400Mb L: 16185/200000 MS: 1 EraseBytes-
#14062	REDUCE cov: 496 ft: 1595 corp: 114/4330Kb lim: 200000 exec/s: 286 rss: 400Mb L: 3829/200000 MS: 2 InsertRepeatedBytes-EraseBytes-
#14110	REDUCE cov: 496 ft: 1595 corp: 114/4302Kb lim: 200000 exec/s: 287 rss: 400Mb L: 34459/200000 MS: 3 ChangeASCIIInt-ChangeBit-EraseBytes-
#14166	REDUCE cov: 496 ft: 1595 corp: 114/4302Kb lim: 200000 exec/s: 289 rss: 400Mb L: 3998/200000 MS: 1 EraseBytes-
#14208	REDUCE cov: 496 ft: 1595 corp: 114/4291Kb lim: 200000 exec/s: 289 rss: 400Mb L: 20594/200000 MS: 2 CMP-EraseBytes- DE: "\000\000t&\344\227\241\236"-
#14234	REDUCE cov: 496 ft: 1595 corp: 114/4281Kb lim: 200000 exec/s: 290 rss: 400Mb L: 184741/200000 MS: 1 EraseBytes-
#14236	REDUCE cov: 496 ft: 1595 corp: 114/4281Kb lim: 200000 exec/s: 290 rss: 400Mb L: 29/200000 MS: 2 CopyPart-EraseBytes-
#14275	REDUCE cov: 496 ft: 1595 corp: 114/4281Kb lim: 200000 exec/s: 291 rss: 400Mb L: 2303/200000 MS: 4 ChangeBit-PersAutoDict-PersAutoDict-EraseBytes- DE: "PI\000\000"-"gI\000\000"-
#14303	REDUCE cov: 496 ft: 1595 corp: 114/4280Kb lim: 200000 exec/s: 291 rss: 400Mb L: 7511/200000 MS: 3 ShuffleBytes-ChangeByte-EraseBytes-
#14390	REDUCE cov: 496 ft: 1595 corp: 114/4266Kb lim: 200000 exec/s: 293 rss: 400Mb L: 14624/200000 MS: 2 ChangeBinInt-EraseBytes-
#14483	REDUCE cov: 496 ft: 1595 corp: 114/4262Kb lim: 200000 exec/s: 289 rss: 400Mb L: 15167/200000 MS: 3 ChangeBit-InsertByte-EraseBytes-
#14526	REDUCE cov: 496 ft: 1595 corp: 114/4259Kb lim: 200000 exec/s: 290 rss: 400Mb L: 91925/200000 MS: 3 ShuffleBytes-ShuffleBytes-EraseBytes-
#14597	REDUCE cov: 496 ft: 1595 corp: 114/4258Kb lim: 200000 exec/s: 291 rss: 400Mb L: 44423/200000 MS: 1 EraseBytes-
#14599	REDUCE cov: 496 ft: 1595 corp: 114/4257Kb lim: 200000 exec/s: 291 rss: 400Mb L: 2208/200000 MS: 2 ShuffleBytes-EraseBytes-
#14618	REDUCE cov: 496 ft: 1595 corp: 114/4257Kb lim: 200000 exec/s: 292 rss: 400Mb L: 36874/200000 MS: 4 ChangeASCIIInt-ChangeASCIIInt-PersAutoDict-EraseBytes- DE: "\377\017\000\000"-
#14643	REDUCE cov: 496 ft: 1595 corp: 114/4246Kb lim: 200000 exec/s: 292 rss: 400Mb L: 37148/200000 MS: 5 CMP-ChangeByte-CopyPart-CopyPart-EraseBytes- DE: "\000\000IV"-
#14664	REDUCE cov: 496 ft: 1595 corp: 114/4243Kb lim: 200000 exec/s: 293 rss: 400Mb L: 4385/200000 MS: 1 EraseBytes-
#14718	REDUCE cov: 496 ft: 1595 corp: 114/4243Kb lim: 200000 exec/s: 294 rss: 400Mb L: 4379/200000 MS: 4 ChangeBit-ChangeBit-InsertRepeatedBytes-EraseBytes-
#14732	REDUCE cov: 496 ft: 1595 corp: 114/4236Kb lim: 200000 exec/s: 294 rss: 400Mb L: 26691/200000 MS: 4 ShuffleBytes-ChangeByte-ShuffleBytes-CrossOver-
#14839	REDUCE cov: 496 ft: 1595 corp: 114/4233Kb lim: 200000 exec/s: 290 rss: 400Mb L: 12274/200000 MS: 2 ShuffleBytes-EraseBytes-
#14915	REDUCE cov: 496 ft: 1595 corp: 114/4231Kb lim: 200000 exec/s: 292 rss: 400Mb L: 4053/200000 MS: 1 EraseBytes-
#14922	REDUCE cov: 496 ft: 1595 corp: 114/4230Kb lim: 200000 exec/s: 292 rss: 400Mb L: 4504/200000 MS: 2 ChangeBit-EraseBytes-
#14942	REDUCE cov: 496 ft: 1595 corp: 114/4227Kb lim: 200000 exec/s: 292 rss: 400Mb L: 20485/200000 MS: 5 ChangeASCIIInt-ShuffleBytes-ChangeASCIIInt-ChangeASCIIInt-EraseBytes-
#14977	REDUCE cov: 496 ft: 1595 corp: 114/4222Kb lim: 200000 exec/s: 293 rss: 400Mb L: 31779/200000 MS: 5 ChangeByte-CMP-CrossOver-CopyPart-EraseBytes- DE: "G\034\000\000\000\000\000\000"-
#14996	REDUCE cov: 496 ft: 1595 corp: 114/4212Kb lim: 200000 exec/s: 294 rss: 400Mb L: 34576/200000 MS: 4 ChangeBinInt-ChangeASCIIInt-CMP-EraseBytes- DE: "\000\020\000\000\000\000\000\000"-
#15043	REDUCE cov: 496 ft: 1595 corp: 114/4206Kb lim: 200000 exec/s: 294 rss: 400Mb L: 10783/200000 MS: 2 InsertRepeatedBytes-EraseBytes-
#15046	REDUCE cov: 496 ft: 1595 corp: 114/4205Kb lim: 200000 exec/s: 295 rss: 400Mb L: 6626/200000 MS: 3 InsertRepeatedBytes-PersAutoDict-EraseBytes- DE: "\377\377\377\377\377\377\377:"-
#15097	REDUCE cov: 496 ft: 1595 corp: 114/4196Kb lim: 200000 exec/s: 296 rss: 400Mb L: 50826/200000 MS: 1 EraseBytes-
#15106	REDUCE cov: 496 ft: 1595 corp: 114/4188Kb lim: 200000 exec/s: 296 rss: 400Mb L: 21330/200000 MS: 4 CrossOver-ChangeByte-ChangeBinInt-EraseBytes-
#15137	REDUCE cov: 496 ft: 1595 corp: 114/4187Kb lim: 200000 exec/s: 296 rss: 400Mb L: 4695/200000 MS: 1 EraseBytes-
#15204	REDUCE cov: 496 ft: 1595 corp: 114/4182Kb lim: 200000 exec/s: 292 rss: 400Mb L: 15800/200000 MS: 2 PersAutoDict-EraseBytes- DE: "\377\377Hh"-
#15213	REDUCE cov: 496 ft: 1595 corp: 114/4178Kb lim: 200000 exec/s: 292 rss: 400Mb L: 8756/200000 MS: 4 PersAutoDict-ChangeBit-PersAutoDict-EraseBytes- DE: "\344\017\000\000\000\000\000\000"-"\336\266\006\000"-
#15242	REDUCE cov: 496 ft: 1595 corp: 114/4177Kb lim: 200000 exec/s: 293 rss: 400Mb L: 115343/200000 MS: 4 ChangeBit-PersAutoDict-PersAutoDict-EraseBytes- DE: "}I"-"\377\017\000\000\000\000\000\000"-
#15244	REDUCE cov: 496 ft: 1595 corp: 114/4176Kb lim: 200000 exec/s: 293 rss: 400Mb L: 3112/200000 MS: 2 PersAutoDict-EraseBytes- DE: "\000\000\000\000\000\000\017\373"-
#15262	REDUCE cov: 496 ft: 1595 corp: 114/4164Kb lim: 200000 exec/s: 293 rss: 400Mb L: 24602/200000 MS: 3 InsertRepeatedBytes-ChangeBit-CrossOver-
#15328	REDUCE cov: 496 ft: 1595 corp: 114/4161Kb lim: 200000 exec/s: 294 rss: 400Mb L: 6443/200000 MS: 1 EraseBytes-
#15340	REDUCE cov: 496 ft: 1595 corp: 114/4150Kb lim: 200000 exec/s: 295 rss: 400Mb L: 48406/200000 MS: 2 ChangeASCIIInt-EraseBytes-
#15361	REDUCE cov: 496 ft: 1595 corp: 114/4148Kb lim: 200000 exec/s: 295 rss: 400Mb L: 3615/200000 MS: 1 EraseBytes-
#15377	REDUCE cov: 497 ft: 1596 corp: 115/4154Kb lim: 200000 exec/s: 295 rss: 400Mb L: 5749/200000 MS: 1 ChangeBit-
#15378	REDUCE cov: 497 ft: 1596 corp: 115/4152Kb lim: 200000 exec/s: 295 rss: 400Mb L: 8551/200000 MS: 1 EraseBytes-
#15380	REDUCE cov: 497 ft: 1596 corp: 115/4147Kb lim: 200000 exec/s: 295 rss: 400Mb L: 8485/200000 MS: 2 CopyPart-EraseBytes-
#15405	REDUCE cov: 497 ft: 1596 corp: 115/4141Kb lim: 200000 exec/s: 296 rss: 400Mb L: 9608/200000 MS: 5 ChangeBinInt-PersAutoDict-ChangeByte-ChangeBinInt-EraseBytes- DE: "\000\000t&\344\227\241\236"-
#15448	REDUCE cov: 497 ft: 1596 corp: 115/4141Kb lim: 200000 exec/s: 297 rss: 400Mb L: 1405/200000 MS: 3 ChangeBinInt-CrossOver-EraseBytes-
#15556	REDUCE cov: 497 ft: 1596 corp: 115/4123Kb lim: 200000 exec/s: 299 rss: 400Mb L: 26319/200000 MS: 3 ChangeBinInt-CMP-EraseBytes- DE: "\377\377\377\377G %{"-
#15571	REDUCE cov: 497 ft: 1596 corp: 115/4122Kb lim: 200000 exec/s: 299 rss: 400Mb L: 1886/200000 MS: 5 InsertRepeatedBytes-ShuffleBytes-ChangeBinInt-CrossOver-EraseBytes-
#15582	REDUCE cov: 498 ft: 1597 corp: 116/4124Kb lim: 200000 exec/s: 299 rss: 400Mb L: 1523/200000 MS: 1 InsertRepeatedBytes-
#15613	REDUCE cov: 498 ft: 1597 corp: 116/4122Kb lim: 200000 exec/s: 294 rss: 400Mb L: 5641/200000 MS: 1 EraseBytes-
#15642	REDUCE cov: 498 ft: 1597 corp: 116/4119Kb lim: 200000 exec/s: 295 rss: 400Mb L: 12885/200000 MS: 4 InsertRepeatedBytes-ChangeBit-ChangeASCIIInt-EraseBytes-
#15688	REDUCE cov: 498 ft: 1597 corp: 116/4118Kb lim: 200000 exec/s: 296 rss: 400Mb L: 9191/200000 MS: 1 EraseBytes-
#15710	REDUCE cov: 498 ft: 1597 corp: 116/4116Kb lim: 200000 exec/s: 296 rss: 400Mb L: 4398/200000 MS: 2 ShuffleBytes-EraseBytes-
#15714	REDUCE cov: 498 ft: 1597 corp: 116/4105Kb lim: 200000 exec/s: 296 rss: 400Mb L: 14456/200000 MS: 4 InsertByte-CopyPart-CopyPart-EraseBytes-
#15733	REDUCE cov: 498 ft: 1599 corp: 117/4106Kb lim: 200000 exec/s: 296 rss: 400Mb L: 2020/200000 MS: 4 CopyPart-ChangeByte-ChangeBit-ChangeByte-
#15779	REDUCE cov: 498 ft: 1599 corp: 117/4105Kb lim: 200000 exec/s: 297 rss: 400Mb L: 2684/200000 MS: 1 EraseBytes-
	NEW_FUNC[1/6]: 0x5a5cba762390 in ltx::EventSink::on_trade(ltx::TradeEvent const&) /home/ubuntu/latencytax/src/engine/events.hpp:47
	NEW_FUNC[2/6]: 0x5a5cba769630 in ltx::OrderBook::scan_down(unsigned long) const /home/ubuntu/latencytax/src/engine/order_book.cpp:41
#15797	NEW    cov: 566 ft: 1733 corp: 118/4156Kb lim: 200000 exec/s: 298 rss: 400Mb L: 52388/200000 MS: 3 ShuffleBytes-ChangeBit-CrossOver-
#15868	REDUCE cov: 566 ft: 1733 corp: 118/4140Kb lim: 200000 exec/s: 299 rss: 400Mb L: 35862/200000 MS: 1 EraseBytes-
#15955	REDUCE cov: 566 ft: 1733 corp: 118/4119Kb lim: 200000 exec/s: 301 rss: 400Mb L: 107536/200000 MS: 2 EraseBytes-CrossOver-
#15967	REDUCE cov: 566 ft: 1733 corp: 118/4118Kb lim: 200000 exec/s: 301 rss: 400Mb L: 4852/200000 MS: 2 ChangeBit-EraseBytes-
#16044	REDUCE cov: 566 ft: 1733 corp: 118/4117Kb lim: 200000 exec/s: 297 rss: 400Mb L: 1518/200000 MS: 2 ChangeBinInt-EraseBytes-
#16061	REDUCE cov: 566 ft: 1733 corp: 118/4115Kb lim: 200000 exec/s: 297 rss: 400Mb L: 5661/200000 MS: 2 InsertByte-EraseBytes-
#16087	REDUCE cov: 566 ft: 1733 corp: 118/4113Kb lim: 200000 exec/s: 297 rss: 400Mb L: 7201/200000 MS: 1 EraseBytes-
#16125	REDUCE cov: 566 ft: 1733 corp: 118/4111Kb lim: 200000 exec/s: 298 rss: 400Mb L: 34421/200000 MS: 3 ChangeASCIIInt-CopyPart-EraseBytes-
#16133	REDUCE cov: 566 ft: 1733 corp: 118/4103Kb lim: 200000 exec/s: 298 rss: 400Mb L: 26314/200000 MS: 3 ShuffleBytes-ChangeBinInt-EraseBytes-
#16236	REDUCE cov: 566 ft: 1733 corp: 118/4102Kb lim: 200000 exec/s: 300 rss: 400Mb L: 3180/200000 MS: 3 InsertRepeatedBytes-ChangeByte-EraseBytes-
#16273	REDUCE cov: 566 ft: 1733 corp: 118/4102Kb lim: 200000 exec/s: 301 rss: 400Mb L: 5498/200000 MS: 2 CopyPart-EraseBytes-
#16344	REDUCE cov: 566 ft: 1733 corp: 118/4101Kb lim: 200000 exec/s: 302 rss: 400Mb L: 2690/200000 MS: 1 EraseBytes-
#16354	REDUCE cov: 566 ft: 1733 corp: 118/4087Kb lim: 200000 exec/s: 302 rss: 400Mb L: 17842/200000 MS: 5 CrossOver-CopyPart-ChangeBinInt-ChangeASCIIInt-EraseBytes-
#16384	pulse  cov: 566 ft: 1733 corp: 118/4087Kb lim: 200000 exec/s: 303 rss: 400Mb
#16459	REDUCE cov: 566 ft: 1739 corp: 119/4107Kb lim: 200000 exec/s: 299 rss: 400Mb L: 19841/200000 MS: 5 ShuffleBytes-InsertRepeatedBytes-InsertRepeatedBytes-InsertRepeatedBytes-EraseBytes-
#16520	REDUCE cov: 566 ft: 1739 corp: 119/4099Kb lim: 200000 exec/s: 300 rss: 400Mb L: 9473/200000 MS: 1 EraseBytes-
#16551	REDUCE cov: 566 ft: 1739 corp: 119/4085Kb lim: 200000 exec/s: 300 rss: 400Mb L: 73562/200000 MS: 1 EraseBytes-
#16568	REDUCE cov: 566 ft: 1739 corp: 119/4085Kb lim: 200000 exec/s: 301 rss: 400Mb L: 4310/200000 MS: 2 InsertByte-EraseBytes-
#16572	REDUCE cov: 566 ft: 1739 corp: 119/4081Kb lim: 200000 exec/s: 301 rss: 400Mb L: 14123/200000 MS: 4 ChangeBit-InsertRepeatedBytes-ChangeByte-EraseBytes-
#16693	REDUCE cov: 566 ft: 1739 corp: 119/4074Kb lim: 200000 exec/s: 303 rss: 400Mb L: 30465/200000 MS: 1 EraseBytes-
#16752	REDUCE cov: 566 ft: 1739 corp: 119/4072Kb lim: 200000 exec/s: 304 rss: 400Mb L: 6713/200000 MS: 4 ChangeBinInt-ShuffleBytes-ChangeByte-EraseBytes-
#16758	REDUCE cov: 566 ft: 1739 corp: 119/4072Kb lim: 200000 exec/s: 304 rss: 400Mb L: 2044/200000 MS: 1 EraseBytes-
#16761	REDUCE cov: 566 ft: 1739 corp: 119/4072Kb lim: 200000 exec/s: 304 rss: 400Mb L: 1931/200000 MS: 3 ChangeBit-ChangeASCIIInt-EraseBytes-
#16777	REDUCE cov: 566 ft: 1739 corp: 119/4070Kb lim: 200000 exec/s: 305 rss: 400Mb L: 3285/200000 MS: 1 EraseBytes-
#16995	REDUCE cov: 566 ft: 1739 corp: 119/4070Kb lim: 200000 exec/s: 303 rss: 400Mb L: 1425/200000 MS: 3 InsertRepeatedBytes-CrossOver-EraseBytes-
#17014	REDUCE cov: 566 ft: 1739 corp: 119/4068Kb lim: 200000 exec/s: 303 rss: 400Mb L: 5840/200000 MS: 4 PersAutoDict-ChangeByte-ChangeBinInt-EraseBytes- DE: "\010\000\000\000\000\000\000\000"-
#17036	REDUCE cov: 566 ft: 1739 corp: 119/4067Kb lim: 200000 exec/s: 304 rss: 400Mb L: 1371/200000 MS: 2 InsertByte-EraseBytes-
#17038	REDUCE cov: 566 ft: 1739 corp: 119/4064Kb lim: 200000 exec/s: 304 rss: 400Mb L: 11074/200000 MS: 2 CMP-EraseBytes- DE: "\001\357\206\344Vr\000\000"-
#17069	REDUCE cov: 566 ft: 1739 corp: 119/4063Kb lim: 200000 exec/s: 304 rss: 400Mb L: 4681/200000 MS: 1 EraseBytes-
#17128	REDUCE cov: 566 ft: 1739 corp: 119/4061Kb lim: 200000 exec/s: 305 rss: 400Mb L: 24538/200000 MS: 4 ChangeBinInt-CrossOver-CopyPart-EraseBytes-
#17149	REDUCE cov: 566 ft: 1739 corp: 119/4060Kb lim: 200000 exec/s: 306 rss: 400Mb L: 3016/200000 MS: 1 EraseBytes-
#17218	REDUCE cov: 566 ft: 1739 corp: 119/4060Kb lim: 200000 exec/s: 307 rss: 400Mb L: 3056/200000 MS: 4 ChangeBinInt-ChangeBit-ChangeBinInt-EraseBytes-
#17222	REDUCE cov: 566 ft: 1739 corp: 119/4058Kb lim: 200000 exec/s: 307 rss: 400Mb L: 3768/200000 MS: 4 ChangeByte-InsertRepeatedBytes-ChangeBinInt-EraseBytes-
#17268	REDUCE cov: 566 ft: 1739 corp: 119/4053Kb lim: 200000 exec/s: 302 rss: 400Mb L: 20562/200000 MS: 1 EraseBytes-
#17301	REDUCE cov: 566 ft: 1739 corp: 119/4053Kb lim: 200000 exec/s: 303 rss: 400Mb L: 21/200000 MS: 3 ChangeBinInt-CopyPart-EraseBytes-
#17401	REDUCE cov: 566 ft: 1739 corp: 119/4051Kb lim: 200000 exec/s: 305 rss: 400Mb L: 3051/200000 MS: 5 ChangeBit-ChangeBinInt-InsertRepeatedBytes-ChangeByte-EraseBytes-
#17402	REDUCE cov: 566 ft: 1739 corp: 119/4044Kb lim: 200000 exec/s: 305 rss: 400Mb L: 13844/200000 MS: 1 EraseBytes-
#17408	REDUCE cov: 566 ft: 1739 corp: 119/4041Kb lim: 200000 exec/s: 305 rss: 400Mb L: 5933/200000 MS: 1 EraseBytes-
#17436	REDUCE cov: 566 ft: 1739 corp: 119/4041Kb lim: 200000 exec/s: 305 rss: 400Mb L: 26117/200000 MS: 3 ChangeBinInt-InsertRepeatedBytes-EraseBytes-
#17468	REDUCE cov: 566 ft: 1739 corp: 119/4038Kb lim: 200000 exec/s: 306 rss: 400Mb L: 3910/200000 MS: 2 InsertByte-EraseBytes-
#17473	REDUCE cov: 566 ft: 1739 corp: 119/4036Kb lim: 200000 exec/s: 306 rss: 400Mb L: 2202/200000 MS: 5 PersAutoDict-ChangeByte-ChangeByte-ChangeBinInt-EraseBytes- DE: "\342\017\000\000\000\000\000\000"-
#17501	REDUCE cov: 566 ft: 1739 corp: 119/4036Kb lim: 200000 exec/s: 307 rss: 400Mb L: 2259/200000 MS: 3 ChangeByte-ShuffleBytes-EraseBytes-
#17513	REDUCE cov: 566 ft: 1739 corp: 119/4034Kb lim: 200000 exec/s: 307 rss: 400Mb L: 23168/200000 MS: 2 CopyPart-EraseBytes-
#17526	REDUCE cov: 566 ft: 1739 corp: 119/4033Kb lim: 200000 exec/s: 307 rss: 400Mb L: 9948/200000 MS: 3 InsertByte-InsertByte-EraseBytes-
#17553	REDUCE cov: 566 ft: 1739 corp: 119/4031Kb lim: 200000 exec/s: 307 rss: 400Mb L: 1993/200000 MS: 2 InsertByte-EraseBytes-
#17568	REDUCE cov: 566 ft: 1739 corp: 119/4030Kb lim: 200000 exec/s: 308 rss: 400Mb L: 2952/200000 MS: 5 ShuffleBytes-InsertByte-ChangeBit-ChangeBinInt-EraseBytes-
#17689	REDUCE cov: 566 ft: 1739 corp: 119/4027Kb lim: 200000 exec/s: 304 rss: 400Mb L: 30229/200000 MS: 1 EraseBytes-
#17791	REDUCE cov: 566 ft: 1739 corp: 119/4025Kb lim: 200000 exec/s: 306 rss: 400Mb L: 45932/200000 MS: 2 PersAutoDict-EraseBytes- DE: "\000\000\000\000\000\000\020\000"-
#17820	REDUCE cov: 566 ft: 1739 corp: 119/4015Kb lim: 200000 exec/s: 307 rss: 400Mb L: 175005/200000 MS: 4 ChangeASCIIInt-PersAutoDict-PersAutoDict-EraseBytes- DE: "\377\017\000\000\000\000\000\000"-"\000\000IV"-
#17861	REDUCE cov: 566 ft: 1739 corp: 119/4014Kb lim: 200000 exec/s: 307 rss: 400Mb L: 18381/200000 MS: 1 EraseBytes-
#17867	REDUCE cov: 566 ft: 1739 corp: 119/4014Kb lim: 200000 exec/s: 308 rss: 400Mb L: 30145/200000 MS: 1 EraseBytes-
#17889	REDUCE cov: 566 ft: 1739 corp: 119/4013Kb lim: 200000 exec/s: 308 rss: 400Mb L: 1368/200000 MS: 2 ChangeByte-EraseBytes-
#17906	REDUCE cov: 566 ft: 1739 corp: 119/4012Kb lim: 200000 exec/s: 308 rss: 400Mb L: 1564/200000 MS: 2 ChangeByte-EraseBytes-
#17933	REDUCE cov: 566 ft: 1739 corp: 119/4012Kb lim: 200000 exec/s: 303 rss: 400Mb L: 1435/200000 MS: 2 InsertByte-EraseBytes-
#18075	REDUCE cov: 566 ft: 1739 corp: 119/4010Kb lim: 200000 exec/s: 306 rss: 400Mb L: 7728/200000 MS: 2 CrossOver-EraseBytes-
#18113	REDUCE cov: 566 ft: 1739 corp: 119/4009Kb lim: 200000 exec/s: 307 rss: 400Mb L: 2876/200000 MS: 3 CMP-CMP-EraseBytes- DE: "cI"-"\377\377\377\377\377\377\017\000"-
#18134	REDUCE cov: 566 ft: 1739 corp: 119/4008Kb lim: 200000 exec/s: 307 rss: 400Mb L: 29599/200000 MS: 1 EraseBytes-
#18141	REDUCE cov: 566 ft: 1739 corp: 119/3999Kb lim: 200000 exec/s: 307 rss: 400Mb L: 23505/200000 MS: 2 ChangeBinInt-CrossOver-
#18143	REDUCE cov: 566 ft: 1739 corp: 119/3999Kb lim: 200000 exec/s: 307 rss: 400Mb L: 1652/200000 MS: 2 ChangeBinInt-EraseBytes-
#18191	REDUCE cov: 566 ft: 1739 corp: 119/3989Kb lim: 200000 exec/s: 308 rss: 400Mb L: 38429/200000 MS: 3 PersAutoDict-ChangeByte-EraseBytes- DE: "\000\000t&\344\227\241\236"-
#18213	REDUCE cov: 566 ft: 1739 corp: 119/3985Kb lim: 200000 exec/s: 308 rss: 400Mb L: 13858/200000 MS: 2 ShuffleBytes-EraseBytes-
#18239	REDUCE cov: 566 ft: 1739 corp: 119/3982Kb lim: 200000 exec/s: 309 rss: 400Mb L: 2978/200000 MS: 1 EraseBytes-
#18387	REDUCE cov: 566 ft: 1739 corp: 119/3976Kb lim: 200000 exec/s: 306 rss: 400Mb L: 14030/200000 MS: 3 InsertByte-CrossOver-EraseBytes-
#18509	REDUCE cov: 566 ft: 1739 corp: 119/3952Kb lim: 200000 exec/s: 308 rss: 400Mb L: 55754/200000 MS: 2 ChangeByte-EraseBytes-
#18525	REDUCE cov: 566 ft: 1739 corp: 119/3943Kb lim: 200000 exec/s: 308 rss: 400Mb L: 51603/200000 MS: 1 EraseBytes-
#18612	REDUCE cov: 566 ft: 1739 corp: 119/3925Kb lim: 200000 exec/s: 310 rss: 400Mb L: 76015/200000 MS: 2 ShuffleBytes-EraseBytes-
#18651	REDUCE cov: 566 ft: 1739 corp: 119/3925Kb lim: 200000 exec/s: 310 rss: 400Mb L: 15/200000 MS: 4 InsertByte-ShuffleBytes-ChangeBinInt-EraseBytes-
#18686	REDUCE cov: 566 ft: 1739 corp: 119/3918Kb lim: 200000 exec/s: 311 rss: 400Mb L: 26848/200000 MS: 5 PersAutoDict-ShuffleBytes-ChangeByte-InsertRepeatedBytes-EraseBytes- DE: "\001\000Ik"-
#18720	REDUCE cov: 566 ft: 1739 corp: 119/3917Kb lim: 200000 exec/s: 306 rss: 400Mb L: 2175/200000 MS: 4 ChangeASCIIInt-ChangeASCIIInt-ShuffleBytes-EraseBytes-
#18763	REDUCE cov: 566 ft: 1739 corp: 119/3917Kb lim: 200000 exec/s: 307 rss: 400Mb L: 1410/200000 MS: 3 CopyPart-CMP-EraseBytes- DE: "fI\000\000"-
#18775	REDUCE cov: 566 ft: 1739 corp: 119/3916Kb lim: 200000 exec/s: 307 rss: 400Mb L: 1667/200000 MS: 2 ChangeASCIIInt-EraseBytes-
#18858	REDUCE cov: 566 ft: 1739 corp: 119/3916Kb lim: 200000 exec/s: 309 rss: 400Mb L: 1598/200000 MS: 3 InsertRepeatedBytes-CrossOver-EraseBytes-
#18889	REDUCE cov: 566 ft: 1739 corp: 119/3916Kb lim: 200000 exec/s: 309 rss: 400Mb L: 2013/200000 MS: 1 EraseBytes-
#18895	REDUCE cov: 566 ft: 1803 corp: 120/3929Kb lim: 200000 exec/s: 309 rss: 400Mb L: 14031/200000 MS: 1 InsertByte-
#18902	REDUCE cov: 566 ft: 1803 corp: 120/3909Kb lim: 200000 exec/s: 309 rss: 400Mb L: 25431/200000 MS: 2 ChangeBinInt-EraseBytes-
#18923	REDUCE cov: 566 ft: 1803 corp: 120/3905Kb lim: 200000 exec/s: 310 rss: 400Mb L: 46408/200000 MS: 1 EraseBytes-
#18955	REDUCE cov: 566 ft: 1803 corp: 120/3901Kb lim: 200000 exec/s: 310 rss: 400Mb L: 10619/200000 MS: 2 ChangeByte-EraseBytes-
#18974	REDUCE cov: 566 ft: 1803 corp: 120/3896Kb lim: 200000 exec/s: 311 rss: 400Mb L: 8052/200000 MS: 4 ChangeByte-ChangeBinInt-CrossOver-EraseBytes-
#19010	REDUCE cov: 566 ft: 1803 corp: 120/3895Kb lim: 200000 exec/s: 311 rss: 400Mb L: 2640/200000 MS: 1 EraseBytes-
#19068	REDUCE cov: 566 ft: 1803 corp: 120/3894Kb lim: 200000 exec/s: 312 rss: 400Mb L: 5479/200000 MS: 3 PersAutoDict-CrossOver-EraseBytes- DE: "\340\017\000\000\000\000\000\000"-
#19069	REDUCE cov: 566 ft: 1803 corp: 120/3890Kb lim: 200000 exec/s: 312 rss: 400Mb L: 34305/200000 MS: 1 EraseBytes-
#19080	REDUCE cov: 566 ft: 1803 corp: 120/3889Kb lim: 200000 exec/s: 312 rss: 400Mb L: 48765/200000 MS: 1 EraseBytes-
#19150	REDUCE cov: 566 ft: 1803 corp: 120/3882Kb lim: 200000 exec/s: 308 rss: 400Mb L: 7371/200000 MS: 5 InsertRepeatedBytes-ChangeASCIIInt-ChangeASCIIInt-ChangeASCIIInt-EraseBytes-
#19318	REDUCE cov: 566 ft: 1803 corp: 120/3881Kb lim: 200000 exec/s: 311 rss: 400Mb L: 6476/200000 MS: 3 ChangeBit-InsertByte-EraseBytes-
#19422	REDUCE cov: 566 ft: 1803 corp: 120/3880Kb lim: 200000 exec/s: 308 rss: 400Mb L: 28669/200000 MS: 4 InsertRepeatedBytes-ChangeByte-CopyPart-EraseBytes-
#19441	REDUCE cov: 566 ft: 1803 corp: 120/3880Kb lim: 200000 exec/s: 308 rss: 400Mb L: 1367/200000 MS: 4 ChangeBinInt-ChangeBit-ChangeBinInt-EraseBytes-
#19446	REDUCE cov: 566 ft: 1803 corp: 120/3880Kb lim: 200000 exec/s: 308 rss: 400Mb L: 1375/200000 MS: 5 ChangeBit-ChangeByte-ShuffleBytes-InsertByte-EraseBytes-
#19514	REDUCE cov: 566 ft: 1803 corp: 120/3878Kb lim: 200000 exec/s: 309 rss: 400Mb L: 3505/200000 MS: 3 ChangeBit-ChangeBit-EraseBytes-
#19545	REDUCE cov: 566 ft: 1803 corp: 120/3878Kb lim: 200000 exec/s: 310 rss: 400Mb L: 1385/200000 MS: 1 EraseBytes-
#19607	REDUCE cov: 566 ft: 1807 corp: 121/3892Kb lim: 200000 exec/s: 311 rss: 400Mb L: 14031/200000 MS: 2 ChangeBinInt-InsertByte-
#19623	REDUCE cov: 566 ft: 1807 corp: 121/3889Kb lim: 200000 exec/s: 311 rss: 400Mb L: 3060/200000 MS: 1 EraseBytes-
#19666	REDUCE cov: 566 ft: 1807 corp: 121/3889Kb lim: 200000 exec/s: 312 rss: 400Mb L: 1424/200000 MS: 3 ChangeByte-ChangeBit-EraseBytes-
#19719	NEW    cov: 566 ft: 1873 corp: 122/3902Kb lim: 200000 exec/s: 313 rss: 400Mb L: 14111/200000 MS: 3 InsertByte-PersAutoDict-InsertRepeatedBytes- DE: "\352\017\000\000\000\000\000\000"-
#20002	REDUCE cov: 566 ft: 1873 corp: 122/3898Kb lim: 200000 exec/s: 312 rss: 401Mb L: 35702/200000 MS: 3 InsertRepeatedBytes-ChangeByte-EraseBytes-
#20018	REDUCE cov: 566 ft: 1873 corp: 122/3897Kb lim: 200000 exec/s: 312 rss: 401Mb L: 2047/200000 MS: 1 EraseBytes-
#20048	NEW    cov: 566 ft: 1874 corp: 123/3900Kb lim: 200000 exec/s: 313 rss: 401Mb L: 2170/200000 MS: 5 CopyPart-ShuffleBytes-ChangeByte-ChangeASCIIInt-InsertByte-
#20059	REDUCE cov: 566 ft: 1874 corp: 123/3899Kb lim: 200000 exec/s: 313 rss: 401Mb L: 25089/200000 MS: 1 EraseBytes-
#20076	REDUCE cov: 566 ft: 1874 corp: 123/3897Kb lim: 200000 exec/s: 313 rss: 401Mb L: 1484/200000 MS: 2 CMP-EraseBytes- DE: "\000\020\000\000"-
#20093	REDUCE cov: 566 ft: 1874 corp: 123/3895Kb lim: 200000 exec/s: 313 rss: 401Mb L: 5210/200000 MS: 2 ChangeBinInt-EraseBytes-
#20144	REDUCE cov: 566 ft: 1874 corp: 123/3888Kb lim: 200000 exec/s: 314 rss: 401Mb L: 15611/200000 MS: 1 EraseBytes-
#20195	REDUCE cov: 566 ft: 1874 corp: 123/3882Kb lim: 200000 exec/s: 315 rss: 401Mb L: 7900/200000 MS: 1 EraseBytes-
#20206	REDUCE cov: 566 ft: 1874 corp: 123/3880Kb lim: 200000 exec/s: 315 rss: 401Mb L: 5951/200000 MS: 1 EraseBytes-
#20247	REDUCE cov: 566 ft: 1874 corp: 123/3879Kb lim: 200000 exec/s: 311 rss: 401Mb L: 9495/200000 MS: 1 EraseBytes-
#20280	REDUCE cov: 566 ft: 1874 corp: 123/3879Kb lim: 200000 exec/s: 312 rss: 401Mb L: 2692/200000 MS: 3 ChangeBinInt-PersAutoDict-EraseBytes- DE: "\377\377\377\377\377\377\377:"-
#20346	REDUCE cov: 566 ft: 1874 corp: 123/3878Kb lim: 200000 exec/s: 313 rss: 401Mb L: 1421/200000 MS: 1 EraseBytes-
#20365	REDUCE cov: 566 ft: 1874 corp: 123/3878Kb lim: 200000 exec/s: 313 rss: 401Mb L: 1757/200000 MS: 4 EraseBytes-CrossOver-ChangeBit-EraseBytes-
#20445	REDUCE cov: 566 ft: 1874 corp: 123/3867Kb lim: 200000 exec/s: 314 rss: 401Mb L: 15564/200000 MS: 5 InsertByte-InsertRepeatedBytes-CrossOver-CrossOver-EraseBytes-
#20469	REDUCE cov: 566 ft: 1874 corp: 123/3862Kb lim: 200000 exec/s: 314 rss: 401Mb L: 23127/200000 MS: 4 ChangeByte-CopyPart-InsertRepeatedBytes-EraseBytes-
#20477	REDUCE cov: 566 ft: 1874 corp: 123/3845Kb lim: 200000 exec/s: 315 rss: 401Mb L: 27395/200000 MS: 3 PersAutoDict-ChangeBinInt-EraseBytes- DE: "\377\377\377\377\377\377\017\000"-
#20528	REDUCE cov: 566 ft: 1874 corp: 123/3844Kb lim: 200000 exec/s: 315 rss: 401Mb L: 5115/200000 MS: 1 EraseBytes-
#20550	REDUCE cov: 566 ft: 1874 corp: 123/3843Kb lim: 200000 exec/s: 316 rss: 401Mb L: 1370/200000 MS: 2 ChangeBinInt-EraseBytes-
#20604	REDUCE cov: 566 ft: 1874 corp: 123/3843Kb lim: 200000 exec/s: 316 rss: 401Mb L: 975/200000 MS: 4 CopyPart-ChangeBinInt-InsertRepeatedBytes-EraseBytes-
#20608	REDUCE cov: 566 ft: 1874 corp: 123/3842Kb lim: 200000 exec/s: 317 rss: 401Mb L: 3680/200000 MS: 4 ShuffleBytes-ChangeBinInt-ShuffleBytes-EraseBytes-
#20609	REDUCE cov: 566 ft: 1874 corp: 123/3839Kb lim: 200000 exec/s: 317 rss: 401Mb L: 2767/200000 MS: 1 EraseBytes-
#20621	REDUCE cov: 566 ft: 1874 corp: 123/3839Kb lim: 200000 exec/s: 317 rss: 401Mb L: 2046/200000 MS: 2 PersAutoDict-EraseBytes- DE: "fI\000\000"-
#20787	REDUCE cov: 566 ft: 1896 corp: 124/3841Kb lim: 200000 exec/s: 314 rss: 401Mb L: 2386/200000 MS: 1 EraseBytes-
#20968	REDUCE cov: 566 ft: 1896 corp: 124/3838Kb lim: 200000 exec/s: 317 rss: 401Mb L: 11168/200000 MS: 1 EraseBytes-
#21018	NEW    cov: 566 ft: 1899 corp: 125/3841Kb lim: 200000 exec/s: 318 rss: 401Mb L: 2391/200000 MS: 5 InsertByte-CMP-CrossOver-ChangeByte-CrossOver- DE: "\003\000\000\000"-
#21110	REDUCE cov: 566 ft: 1899 corp: 125/3838Kb lim: 200000 exec/s: 315 rss: 401Mb L: 10497/200000 MS: 2 InsertByte-EraseBytes-
#21122	REDUCE cov: 566 ft: 1899 corp: 125/3827Kb lim: 200000 exec/s: 315 rss: 401Mb L: 18336/200000 MS: 2 CMP-EraseBytes- DE: "\377\377HW"-
#21164	REDUCE cov: 566 ft: 1899 corp: 125/3822Kb lim: 200000 exec/s: 315 rss: 401Mb L: 6136/200000 MS: 2 ShuffleBytes-EraseBytes-
#21305	REDUCE cov: 566 ft: 1899 corp: 125/3820Kb lim: 200000 exec/s: 317 rss: 401Mb L: 2878/200000 MS: 1 EraseBytes-
#21371	REDUCE cov: 566 ft: 1899 corp: 125/3812Kb lim: 200000 exec/s: 318 rss: 401Mb L: 14311/200000 MS: 1 EraseBytes-
#21393	REDUCE cov: 566 ft: 1899 corp: 125/3811Kb lim: 200000 exec/s: 319 rss: 401Mb L: 727/200000 MS: 2 ChangeBinInt-EraseBytes-
#21407	REDUCE cov: 566 ft: 1899 corp: 125/3811Kb lim: 200000 exec/s: 319 rss: 401Mb L: 1376/200000 MS: 4 CrossOver-InsertByte-CrossOver-EraseBytes-
#21459	REDUCE cov: 566 ft: 1899 corp: 125/3808Kb lim: 200000 exec/s: 315 rss: 401Mb L: 11053/200000 MS: 2 CrossOver-EraseBytes-
#21484	REDUCE cov: 566 ft: 1899 corp: 125/3806Kb lim: 200000 exec/s: 315 rss: 401Mb L: 10312/200000 MS: 5 ShuffleBytes-PersAutoDict-ChangeASCIIInt-InsertRepeatedBytes-EraseBytes- DE: "\370\017\000\000\000\000\000\000"-
#21563	REDUCE cov: 566 ft: 1899 corp: 125/3805Kb lim: 200000 exec/s: 317 rss: 401Mb L: 2554/200000 MS: 4 ChangeASCIIInt-ChangeASCIIInt-InsertRepeatedBytes-EraseBytes-
#21601	REDUCE cov: 566 ft: 1899 corp: 125/3803Kb lim: 200000 exec/s: 317 rss: 401Mb L: 7541/200000 MS: 3 ChangeASCIIInt-InsertRepeatedBytes-EraseBytes-
#21607	REDUCE cov: 566 ft: 1899 corp: 125/3796Kb lim: 200000 exec/s: 317 rss: 401Mb L: 7766/200000 MS: 1 EraseBytes-
#21893	REDUCE cov: 566 ft: 1899 corp: 125/3796Kb lim: 200000 exec/s: 317 rss: 401Mb L: 9/200000 MS: 1 EraseBytes-
#21915	REDUCE cov: 566 ft: 1899 corp: 125/3796Kb lim: 200000 exec/s: 317 rss: 401Mb L: 2469/200000 MS: 2 CopyPart-EraseBytes-
#21947	REDUCE cov: 566 ft: 1899 corp: 125/3795Kb lim: 200000 exec/s: 318 rss: 401Mb L: 1412/200000 MS: 2 PersAutoDict-EraseBytes- DE: "\377\377H\\"-
#22009	REDUCE cov: 566 ft: 1899 corp: 125/3791Kb lim: 200000 exec/s: 318 rss: 401Mb L: 45746/200000 MS: 2 ShuffleBytes-EraseBytes-
#22063	REDUCE cov: 566 ft: 1899 corp: 125/3788Kb lim: 200000 exec/s: 319 rss: 401Mb L: 7715/200000 MS: 4 PersAutoDict-InsertByte-ShuffleBytes-EraseBytes- DE: "\377\017\000\000\000\000\000\000"-
#22159	REDUCE cov: 566 ft: 1899 corp: 125/3784Kb lim: 200000 exec/s: 321 rss: 401Mb L: 44576/200000 MS: 1 EraseBytes-
#22181	REDUCE cov: 566 ft: 1899 corp: 125/3781Kb lim: 200000 exec/s: 321 rss: 401Mb L: 4859/200000 MS: 2 ChangeByte-EraseBytes-
#22182	REDUCE cov: 566 ft: 1899 corp: 125/3776Kb lim: 200000 exec/s: 321 rss: 401Mb L: 49664/200000 MS: 1 CrossOver-
#22220	REDUCE cov: 566 ft: 1899 corp: 125/3775Kb lim: 200000 exec/s: 322 rss: 401Mb L: 4375/200000 MS: 3 CopyPart-PersAutoDict-EraseBytes- DE: "fI\000\000"-
#22256	REDUCE cov: 566 ft: 1899 corp: 125/3768Kb lim: 200000 exec/s: 322 rss: 401Mb L: 16556/200000 MS: 1 EraseBytes-
#22268	REDUCE cov: 566 ft: 1899 corp: 125/3767Kb lim: 200000 exec/s: 322 rss: 401Mb L: 43886/200000 MS: 2 ChangeBinInt-EraseBytes-
#22354	REDUCE cov: 566 ft: 1899 corp: 125/3765Kb lim: 200000 exec/s: 323 rss: 401Mb L: 46206/200000 MS: 1 CrossOver-
#22355	REDUCE cov: 566 ft: 1899 corp: 125/3761Kb lim: 200000 exec/s: 323 rss: 401Mb L: 69701/200000 MS: 1 EraseBytes-
#22390	REDUCE cov: 566 ft: 1900 corp: 126/3812Kb lim: 200000 exec/s: 319 rss: 401Mb L: 52355/200000 MS: 5 ChangeBinInt-ChangeASCIIInt-InsertByte-ChangeBit-CrossOver-
#22521	REDUCE cov: 566 ft: 1900 corp: 126/3810Kb lim: 200000 exec/s: 321 rss: 401Mb L: 2589/200000 MS: 1 EraseBytes-
#22572	REDUCE cov: 567 ft: 1940 corp: 127/3821Kb lim: 200000 exec/s: 322 rss: 401Mb L: 11277/200000 MS: 1 InsertRepeatedBytes-
#22654	REDUCE cov: 567 ft: 1940 corp: 127/3800Kb lim: 200000 exec/s: 323 rss: 401Mb L: 93340/200000 MS: 2 CopyPart-EraseBytes-
#22669	REDUCE cov: 567 ft: 1940 corp: 127/3799Kb lim: 200000 exec/s: 323 rss: 401Mb L: 6857/200000 MS: 5 ShuffleBytes-PersAutoDict-PersAutoDict-ShuffleBytes-EraseBytes- DE: "\000\000t&\344\227\241\236"-"}I"-
#22771	REDUCE cov: 567 ft: 1940 corp: 127/3777Kb lim: 200000 exec/s: 325 rss: 401Mb L: 72671/200000 MS: 2 InsertRepeatedBytes-EraseBytes-
#22772	REDUCE cov: 567 ft: 1940 corp: 127/3775Kb lim: 200000 exec/s: 325 rss: 401Mb L: 5396/200000 MS: 1 EraseBytes-
#22811	REDUCE cov: 567 ft: 1940 corp: 127/3769Kb lim: 200000 exec/s: 321 rss: 401Mb L: 8892/200000 MS: 4 ChangeASCIIInt-PersAutoDict-InsertByte-EraseBytes- DE: "~I\000\000"-
#22848	REDUCE cov: 567 ft: 1940 corp: 127/3767Kb lim: 200000 exec/s: 321 rss: 401Mb L: 2525/200000 MS: 2 InsertRepeatedBytes-EraseBytes-
#22856	REDUCE cov: 567 ft: 1940 corp: 127/3767Kb lim: 200000 exec/s: 321 rss: 401Mb L: 3667/200000 MS: 3 ChangeASCIIInt-ChangeBinInt-EraseBytes-
#22942	REDUCE cov: 567 ft: 1940 corp: 127/3766Kb lim: 200000 exec/s: 323 rss: 401Mb L: 2307/200000 MS: 1 EraseBytes-
#22985	REDUCE cov: 567 ft: 1940 corp: 127/3766Kb lim: 200000 exec/s: 323 rss: 401Mb L: 1394/200000 MS: 3 ChangeBit-CopyPart-EraseBytes-
#23014	REDUCE cov: 567 ft: 1940 corp: 127/3763Kb lim: 200000 exec/s: 324 rss: 401Mb L: 2870/200000 MS: 4 ChangeBit-ChangeByte-ChangeByte-CrossOver-
#23066	REDUCE cov: 567 ft: 1940 corp: 127/3749Kb lim: 200000 exec/s: 324 rss: 401Mb L: 53870/200000 MS: 2 InsertRepeatedBytes-EraseBytes-
#23161	REDUCE cov: 567 ft: 1940 corp: 127/3749Kb lim: 200000 exec/s: 321 rss: 401Mb L: 1470/200000 MS: 5 PersAutoDict-CrossOver-InsertByte-EraseBytes-CrossOver- DE: "\352\017\000\000\000\000\000\000"-
#23171	REDUCE cov: 567 ft: 1940 corp: 127/3745Kb lim: 200000 exec/s: 321 rss: 401Mb L: 6870/200000 MS: 5 ChangeBit-PersAutoDict-ChangeByte-ChangeASCIIInt-EraseBytes- DE: "fI\000\000"-
#23178	REDUCE cov: 567 ft: 1940 corp: 127/3744Kb lim: 200000 exec/s: 321 rss: 401Mb L: 1539/200000 MS: 2 ShuffleBytes-EraseBytes-
#23189	REDUCE cov: 567 ft: 1940 corp: 127/3742Kb lim: 200000 exec/s: 322 rss: 401Mb L: 50243/200000 MS: 1 EraseBytes-
#23196	REDUCE cov: 567 ft: 1940 corp: 127/3741Kb lim: 200000 exec/s: 322 rss: 401Mb L: 5870/200000 MS: 2 InsertRepeatedBytes-EraseBytes-
#23228	REDUCE cov: 567 ft: 1940 corp: 127/3736Kb lim: 200000 exec/s: 322 rss: 401Mb L: 5584/200000 MS: 2 CrossOver-EraseBytes-
#23248	REDUCE cov: 567 ft: 1940 corp: 127/3735Kb lim: 200000 exec/s: 322 rss: 401Mb L: 2467/200000 MS: 5 ChangeBinInt-CrossOver-ChangeByte-InsertByte-EraseBytes-
#23374	REDUCE cov: 567 ft: 1940 corp: 127/3735Kb lim: 200000 exec/s: 324 rss: 401Mb L: 492/200000 MS: 1 EraseBytes-
#23390	REDUCE cov: 567 ft: 1940 corp: 127/3732Kb lim: 200000 exec/s: 324 rss: 401Mb L: 3335/200000 MS: 1 EraseBytes-
#23401	REDUCE cov: 567 ft: 1940 corp: 127/3727Kb lim: 200000 exec/s: 325 rss: 401Mb L: 2023/200000 MS: 1 CrossOver-
#23422	REDUCE cov: 567 ft: 1940 corp: 127/3726Kb lim: 200000 exec/s: 325 rss: 401Mb L: 1902/200000 MS: 1 EraseBytes-
#23491	REDUCE cov: 567 ft: 1940 corp: 127/3726Kb lim: 200000 exec/s: 326 rss: 401Mb L: 6/200000 MS: 4 ChangeBinInt-CopyPart-CMP-EraseBytes- DE: "\001\000\000\000\000\000\020\000"-
#23573	REDUCE cov: 567 ft: 1941 corp: 128/3729Kb lim: 200000 exec/s: 327 rss: 401Mb L: 2982/200000 MS: 2 ChangeASCIIInt-EraseBytes-
#23575	REDUCE cov: 567 ft: 1941 corp: 128/3720Kb lim: 200000 exec/s: 327 rss: 401Mb L: 11871/200000 MS: 2 InsertRepeatedBytes-EraseBytes-
#23621	REDUCE cov: 567 ft: 1941 corp: 128/3684Kb lim: 200000 exec/s: 323 rss: 401Mb L: 56216/200000 MS: 1 EraseBytes-
#23641	REDUCE cov: 567 ft: 1941 corp: 128/3678Kb lim: 200000 exec/s: 323 rss: 401Mb L: 6336/200000 MS: 5 InsertByte-ShuffleBytes-PersAutoDict-ChangeBinInt-EraseBytes- DE: "\344\017\000\000\000\000\000\000"-
#23680	REDUCE cov: 567 ft: 1941 corp: 128/3664Kb lim: 200000 exec/s: 324 rss: 401Mb L: 35123/200000 MS: 4 InsertByte-ShuffleBytes-CMP-EraseBytes- DE: "\377\377\377\377\377\377\016\355"-
#23729	REDUCE cov: 567 ft: 1941 corp: 128/3662Kb lim: 200000 exec/s: 325 rss: 401Mb L: 4122/200000 MS: 4 ChangeBinInt-ChangeASCIIInt-InsertByte-EraseBytes-
#23779	REDUCE cov: 567 ft: 1941 corp: 128/3661Kb lim: 200000 exec/s: 325 rss: 401Mb L: 1490/200000 MS: 5 ChangeBit-InsertByte-ShuffleBytes-InsertRepeatedBytes-EraseBytes-
#23790	NEW    cov: 567 ft: 1942 corp: 129/3663Kb lim: 200000 exec/s: 325 rss: 401Mb L: 2390/200000 MS: 1 PersAutoDict- DE: "~I\000\000"-
#23821	REDUCE cov: 567 ft: 1942 corp: 129/3663Kb lim: 200000 exec/s: 326 rss: 401Mb L: 1409/200000 MS: 1 EraseBytes-
#23858	REDUCE cov: 567 ft: 1942 corp: 129/3659Kb lim: 200000 exec/s: 326 rss: 401Mb L: 5169/200000 MS: 2 InsertRepeatedBytes-EraseBytes-
#24070	REDUCE cov: 567 ft: 1942 corp: 129/3658Kb lim: 200000 exec/s: 329 rss: 401Mb L: 4578/200000 MS: 2 ChangeBit-EraseBytes-
#24088	REDUCE cov: 567 ft: 1942 corp: 129/3634Kb lim: 200000 exec/s: 329 rss: 401Mb L: 36198/200000 MS: 3 ChangeByte-ChangeASCIIInt-EraseBytes-
#24120	REDUCE cov: 567 ft: 1942 corp: 129/3623Kb lim: 200000 exec/s: 325 rss: 401Mb L: 40979/200000 MS: 2 ChangeByte-EraseBytes-
#24186	REDUCE cov: 567 ft: 1942 corp: 129/3623Kb lim: 200000 exec/s: 326 rss: 401Mb L: 4/200000 MS: 1 EraseBytes-
#24302	REDUCE cov: 567 ft: 1942 corp: 129/3622Kb lim: 200000 exec/s: 328 rss: 401Mb L: 9979/200000 MS: 1 EraseBytes-
#24352	REDUCE cov: 567 ft: 1942 corp: 129/3620Kb lim: 200000 exec/s: 329 rss: 401Mb L: 6168/200000 MS: 5 CrossOver-ShuffleBytes-EraseBytes-InsertByte-EraseBytes-
#24354	REDUCE cov: 567 ft: 1942 corp: 129/3616Kb lim: 200000 exec/s: 329 rss: 401Mb L: 112202/200000 MS: 2 ShuffleBytes-EraseBytes-
#24396	REDUCE cov: 567 ft: 1942 corp: 129/3611Kb lim: 200000 exec/s: 329 rss: 401Mb L: 19647/200000 MS: 2 ChangeBinInt-EraseBytes-
#24408	REDUCE cov: 567 ft: 1942 corp: 129/3610Kb lim: 200000 exec/s: 329 rss: 401Mb L: 2011/200000 MS: 2 CrossOver-EraseBytes-
#24479	REDUCE cov: 567 ft: 1942 corp: 129/3600Kb lim: 200000 exec/s: 330 rss: 401Mb L: 14695/200000 MS: 1 EraseBytes-
#24510	REDUCE cov: 572 ft: 1987 corp: 130/3603Kb lim: 200000 exec/s: 331 rss: 401Mb L: 3335/200000 MS: 1 CopyPart-
#24635	REDUCE cov: 572 ft: 1987 corp: 130/3603Kb lim: 200000 exec/s: 328 rss: 401Mb L: 2013/200000 MS: 5 CopyPart-ChangeByte-ChangeByte-ChangeASCIIInt-EraseBytes-
#24650	REDUCE cov: 572 ft: 1987 corp: 130/3603Kb lim: 200000 exec/s: 328 rss: 401Mb L: 1376/200000 MS: 5 ChangeBit-CrossOver-ChangeByte-PersAutoDict-EraseBytes- DE: "JZ"-
#24823	NEW    cov: 572 ft: 1988 corp: 131/3605Kb lim: 200000 exec/s: 330 rss: 401Mb L: 1984/200000 MS: 3 PersAutoDict-ShuffleBytes-InsertRepeatedBytes- DE: "\001\000"-
#24824	REDUCE cov: 572 ft: 1988 corp: 131/3598Kb lim: 200000 exec/s: 330 rss: 401Mb L: 17693/200000 MS: 1 EraseBytes-
#24947	REDUCE cov: 572 ft: 1988 corp: 131/3597Kb lim: 200000 exec/s: 332 rss: 401Mb L: 1713/200000 MS: 3 ShuffleBytes-ShuffleBytes-EraseBytes-
#24973	REDUCE cov: 572 ft: 2052 corp: 132/3599Kb lim: 200000 exec/s: 332 rss: 401Mb L: 2015/200000 MS: 1 CMP- DE: "J\206"-
#25029	REDUCE cov: 572 ft: 2052 corp: 132/3599Kb lim: 200000 exec/s: 333 rss: 401Mb L: 348/200000 MS: 1 EraseBytes-
#25070	REDUCE cov: 572 ft: 2052 corp: 132/3599Kb lim: 200000 exec/s: 329 rss: 401Mb L: 1681/200000 MS: 1 EraseBytes-
#25071	REDUCE cov: 572 ft: 2052 corp: 132/3598Kb lim: 200000 exec/s: 329 rss: 401Mb L: 4290/200000 MS: 1 EraseBytes-
#25228	REDUCE cov: 572 ft: 2052 corp: 132/3597Kb lim: 200000 exec/s: 331 rss: 401Mb L: 1490/200000 MS: 2 ShuffleBytes-EraseBytes-
#25334	REDUCE cov: 572 ft: 2052 corp: 132/3589Kb lim: 200000 exec/s: 333 rss: 401Mb L: 26166/200000 MS: 1 EraseBytes-
#25375	REDUCE cov: 572 ft: 2052 corp: 132/3588Kb lim: 200000 exec/s: 333 rss: 401Mb L: 3946/200000 MS: 1 EraseBytes-
#25396	REDUCE cov: 572 ft: 2052 corp: 132/3588Kb lim: 200000 exec/s: 329 rss: 401Mb L: 1718/200000 MS: 1 EraseBytes-
#25455	REDUCE cov: 573 ft: 2053 corp: 133/3594Kb lim: 200000 exec/s: 330 rss: 401Mb L: 6178/200000 MS: 4 PersAutoDict-ChangeByte-ChangeASCIIInt-CMP- DE: "J\206"-"\345\017\000\000\000\000\000\000"-
#25532	REDUCE cov: 573 ft: 2058 corp: 134/3623Kb lim: 200000 exec/s: 331 rss: 401Mb L: 29501/200000 MS: 2 ChangeBit-CrossOver-
#25551	REDUCE cov: 573 ft: 2058 corp: 134/3623Kb lim: 200000 exec/s: 331 rss: 404Mb L: 2249/200000 MS: 4 ChangeByte-InsertRepeatedBytes-PersAutoDict-EraseBytes- DE: "gI\000\000"-
#25558	REDUCE cov: 573 ft: 2058 corp: 134/3619Kb lim: 200000 exec/s: 331 rss: 404Mb L: 20830/200000 MS: 2 ChangeBit-EraseBytes-
#25581	REDUCE cov: 573 ft: 2058 corp: 134/3614Kb lim: 200000 exec/s: 332 rss: 404Mb L: 5583/200000 MS: 3 ShuffleBytes-InsertRepeatedBytes-EraseBytes-
#25588	REDUCE cov: 573 ft: 2058 corp: 134/3614Kb lim: 200000 exec/s: 332 rss: 404Mb L: 1706/200000 MS: 2 ChangeByte-EraseBytes-
#25674	REDUCE cov: 573 ft: 2058 corp: 134/3599Kb lim: 200000 exec/s: 333 rss: 404Mb L: 34797/200000 MS: 1 EraseBytes-
#25703	REDUCE cov: 573 ft: 2058 corp: 134/3599Kb lim: 200000 exec/s: 333 rss: 404Mb L: 3603/200000 MS: 4 CopyPart-CrossOver-PersAutoDict-EraseBytes- DE: "\344\017\000\000\000\000\000\000"-
#25811	REDUCE cov: 574 ft: 2059 corp: 135/3676Kb lim: 200000 exec/s: 330 rss: 404Mb L: 79025/200000 MS: 3 ChangeASCIIInt-EraseBytes-InsertRepeatedBytes-
#25825	REDUCE cov: 574 ft: 2059 corp: 135/3673Kb lim: 200000 exec/s: 331 rss: 404Mb L: 4644/200000 MS: 4 ChangeByte-CMP-InsertRepeatedBytes-EraseBytes- DE: "\205#\251\344\026t\000\000"-
#25893	REDUCE cov: 574 ft: 2059 corp: 135/3671Kb lim: 200000 exec/s: 331 rss: 404Mb L: 11598/200000 MS: 3 ChangeBit-ShuffleBytes-EraseBytes-
#25900	REDUCE cov: 574 ft: 2059 corp: 135/3670Kb lim: 200000 exec/s: 332 rss: 404Mb L: 1679/200000 MS: 2 ChangeBinInt-EraseBytes-
#25941	REDUCE cov: 574 ft: 2059 corp: 135/3669Kb lim: 200000 exec/s: 332 rss: 404Mb L: 1696/200000 MS: 1 EraseBytes-
#25945	REDUCE cov: 574 ft: 2059 corp: 135/3669Kb lim: 200000 exec/s: 332 rss: 404Mb L: 4620/200000 MS: 4 ChangeBit-ShuffleBytes-InsertByte-EraseBytes-
#25952	REDUCE cov: 574 ft: 2059 corp: 135/3667Kb lim: 200000 exec/s: 332 rss: 404Mb L: 7190/200000 MS: 2 InsertRepeatedBytes-EraseBytes-
#26113	REDUCE cov: 574 ft: 2059 corp: 135/3666Kb lim: 200000 exec/s: 334 rss: 404Mb L: 5516/200000 MS: 1 EraseBytes-
#26189	REDUCE cov: 574 ft: 2059 corp: 135/3665Kb lim: 200000 exec/s: 335 rss: 404Mb L: 1532/200000 MS: 1 EraseBytes-
#26205	REDUCE cov: 574 ft: 2101 corp: 136/3667Kb lim: 200000 exec/s: 331 rss: 404Mb L: 2307/200000 MS: 1 ChangeBit-
#26208	REDUCE cov: 574 ft: 2101 corp: 136/3664Kb lim: 200000 exec/s: 331 rss: 404Mb L: 8056/200000 MS: 3 InsertByte-CMP-EraseBytes- DE: "\016\000\000\000\000\000\000\000"-
#26452	NEW    cov: 574 ft: 2102 corp: 137/3666Kb lim: 200000 exec/s: 334 rss: 404Mb L: 2187/200000 MS: 4 ShuffleBytes-CopyPart-ShuffleBytes-EraseBytes-
#26520	REDUCE cov: 574 ft: 2102 corp: 137/3662Kb lim: 200000 exec/s: 335 rss: 404Mb L: 17093/200000 MS: 3 CopyPart-ChangeByte-EraseBytes-
#26576	REDUCE cov: 575 ft: 2104 corp: 138/3668Kb lim: 200000 exec/s: 336 rss: 404Mb L: 5901/200000 MS: 1 PersAutoDict- DE: "\342\017\000\000\000\000\000\000"-
#26593	REDUCE cov: 575 ft: 2104 corp: 138/3668Kb lim: 200000 exec/s: 336 rss: 404Mb L: 1728/200000 MS: 2 ShuffleBytes-EraseBytes-
#26683	REDUCE cov: 575 ft: 2104 corp: 138/3666Kb lim: 200000 exec/s: 333 rss: 404Mb L: 47841/200000 MS: 5 CMP-ChangeASCIIInt-InsertByte-ChangeASCIIInt-EraseBytes- DE: "nI\000\000"-
#26740	REDUCE cov: 575 ft: 2104 corp: 138/3665Kb lim: 200000 exec/s: 334 rss: 404Mb L: 5186/200000 MS: 2 ChangeBit-EraseBytes-
#26821	REDUCE cov: 575 ft: 2104 corp: 138/3665Kb lim: 200000 exec/s: 335 rss: 404Mb L: 1659/200000 MS: 1 EraseBytes-
#27007	REDUCE cov: 575 ft: 2104 corp: 138/3665Kb lim: 200000 exec/s: 337 rss: 404Mb L: 4296/200000 MS: 1 EraseBytes-
#27134	REDUCE cov: 575 ft: 2104 corp: 138/3665Kb lim: 200000 exec/s: 334 rss: 404Mb L: 1415/200000 MS: 2 CopyPart-EraseBytes-
#27177	REDUCE cov: 575 ft: 2104 corp: 138/3665Kb lim: 200000 exec/s: 335 rss: 404Mb L: 1814/200000 MS: 3 CrossOver-InsertRepeatedBytes-EraseBytes-
#27190	REDUCE cov: 575 ft: 2104 corp: 138/3665Kb lim: 200000 exec/s: 335 rss: 404Mb L: 1419/200000 MS: 3 CrossOver-ChangeBinInt-EraseBytes-
#27201	NEW    cov: 575 ft: 2105 corp: 139/3671Kb lim: 200000 exec/s: 335 rss: 404Mb L: 6009/200000 MS: 1 InsertRepeatedBytes-
#27330	REDUCE cov: 575 ft: 2131 corp: 140/3677Kb lim: 200000 exec/s: 337 rss: 404Mb L: 6748/200000 MS: 4 ChangeByte-ChangeBinInt-ChangeBinInt-CrossOver-
#27384	NEW    cov: 576 ft: 2151 corp: 141/3680Kb lim: 200000 exec/s: 338 rss: 404Mb L: 3335/200000 MS: 4 ChangeByte-PersAutoDict-ChangeASCIIInt-ChangeBit- DE: "HS"-
#27412	REDUCE cov: 576 ft: 2151 corp: 141/3679Kb lim: 200000 exec/s: 338 rss: 404Mb L: 2515/200000 MS: 3 ChangeBinInt-ChangeByte-EraseBytes-
#27520	NEW    cov: 576 ft: 2152 corp: 142/3683Kb lim: 200000 exec/s: 339 rss: 404Mb L: 3777/200000 MS: 3 ChangeASCIIInt-ChangeASCIIInt-EraseBytes-
#27691	NEW    cov: 576 ft: 2153 corp: 143/3689Kb lim: 200000 exec/s: 337 rss: 404Mb L: 6178/200000 MS: 1 ChangeByte-
#27727	NEW    cov: 576 ft: 2154 corp: 144/3692Kb lim: 200000 exec/s: 338 rss: 404Mb L: 3029/200000 MS: 1 EraseBytes-
#27876	REDUCE cov: 576 ft: 2154 corp: 144/3690Kb lim: 200000 exec/s: 339 rss: 404Mb L: 18016/200000 MS: 4 InsertRepeatedBytes-ChangeByte-CrossOver-EraseBytes-
#28043	REDUCE cov: 576 ft: 2154 corp: 144/3680Kb lim: 200000 exec/s: 337 rss: 404Mb L: 16993/200000 MS: 2 ChangeBinInt-EraseBytes-
#28051	REDUCE cov: 576 ft: 2154 corp: 144/3665Kb lim: 200000 exec/s: 337 rss: 404Mb L: 40999/200000 MS: 3 ChangeBit-ChangeBinInt-EraseBytes-
#28198	NEW    cov: 576 ft: 2155 corp: 145/3668Kb lim: 200000 exec/s: 339 rss: 404Mb L: 3057/200000 MS: 2 ChangeByte-InsertRepeatedBytes-
#28240	REDUCE cov: 576 ft: 2155 corp: 145/3666Kb lim: 200000 exec/s: 340 rss: 404Mb L: 37545/200000 MS: 2 ChangeASCIIInt-EraseBytes-
#28290	REDUCE cov: 576 ft: 2155 corp: 145/3664Kb lim: 200000 exec/s: 340 rss: 404Mb L: 23958/200000 MS: 5 InsertByte-ShuffleBytes-PersAutoDict-ChangeByte-EraseBytes- DE: "\377\377H\\"-
#28313	REDUCE cov: 576 ft: 2155 corp: 145/3663Kb lim: 200000 exec/s: 341 rss: 404Mb L: 1454/200000 MS: 3 ChangeBit-ChangeASCIIInt-EraseBytes-
#28390	REDUCE cov: 576 ft: 2155 corp: 145/3663Kb lim: 200000 exec/s: 342 rss: 404Mb L: 6509/200000 MS: 2 InsertByte-EraseBytes-
#28572	REDUCE cov: 576 ft: 2155 corp: 145/3663Kb lim: 200000 exec/s: 340 rss: 404Mb L: 4243/200000 MS: 2 ShuffleBytes-EraseBytes-
#28598	REDUCE cov: 576 ft: 2155 corp: 145/3660Kb lim: 200000 exec/s: 340 rss: 404Mb L: 3494/200000 MS: 1 EraseBytes-
#28641	REDUCE cov: 576 ft: 2155 corp: 145/3660Kb lim: 200000 exec/s: 340 rss: 404Mb L: 15158/200000 MS: 3 InsertByte-ChangeBit-EraseBytes-
#28897	REDUCE cov: 576 ft: 2155 corp: 145/3658Kb lim: 200000 exec/s: 344 rss: 404Mb L: 4127/200000 MS: 1 EraseBytes-
#29051	REDUCE cov: 576 ft: 2163 corp: 146/3662Kb lim: 200000 exec/s: 341 rss: 404Mb L: 3339/200000 MS: 4 ChangeBinInt-ChangeByte-ChangeByte-PersAutoDict- DE: "\003\000\000\000"-
#29091	REDUCE cov: 576 ft: 2163 corp: 146/3660Kb lim: 200000 exec/s: 342 rss: 404Mb L: 5601/200000 MS: 5 ChangeASCIIInt-ChangeBinInt-ShuffleBytes-CMP-EraseBytes- DE: "Jq"-
#29308	REDUCE cov: 576 ft: 2163 corp: 146/3660Kb lim: 200000 exec/s: 344 rss: 404Mb L: 3071/200000 MS: 2 ChangeByte-EraseBytes-
#29430	REDUCE cov: 576 ft: 2169 corp: 147/3661Kb lim: 200000 exec/s: 346 rss: 404Mb L: 1488/200000 MS: 2 ChangeBinInt-PersAutoDict- DE: "\001\000IV"-
#29464	REDUCE cov: 577 ft: 2170 corp: 148/3676Kb lim: 200000 exec/s: 346 rss: 404Mb L: 14819/200000 MS: 4 ChangeBinInt-InsertRepeatedBytes-ChangeBinInt-CrossOver-
#29485	REDUCE cov: 577 ft: 2170 corp: 148/3674Kb lim: 200000 exec/s: 346 rss: 404Mb L: 2666/200000 MS: 1 EraseBytes-
#29551	REDUCE cov: 577 ft: 2170 corp: 148/3674Kb lim: 200000 exec/s: 343 rss: 404Mb L: 5059/200000 MS: 1 EraseBytes-
#29578	REDUCE cov: 577 ft: 2170 corp: 148/3668Kb lim: 200000 exec/s: 343 rss: 404Mb L: 8758/200000 MS: 2 ChangeBinInt-EraseBytes-
#29814	REDUCE cov: 577 ft: 2170 corp: 148/3665Kb lim: 200000 exec/s: 346 rss: 404Mb L: 59084/200000 MS: 1 CrossOver-
#29843	REDUCE cov: 577 ft: 2170 corp: 148/3665Kb lim: 200000 exec/s: 347 rss: 404Mb L: 1592/200000 MS: 4 ChangeASCIIInt-CMP-PersAutoDict-EraseBytes- DE: "\377\377\377\377\377\377\016\373"-"fI\000\000"-
#29955	REDUCE cov: 577 ft: 2170 corp: 148/3665Kb lim: 200000 exec/s: 344 rss: 404Mb L: 1392/200000 MS: 2 EraseBytes-InsertRepeatedBytes-
#29983	REDUCE cov: 577 ft: 2172 corp: 149/3669Kb lim: 200000 exec/s: 344 rss: 404Mb L: 3751/200000 MS: 3 CopyPart-PersAutoDict-CrossOver- DE: "\370\017\000\000\000\000\000\000"-
#29994	REDUCE cov: 577 ft: 2172 corp: 149/3665Kb lim: 200000 exec/s: 344 rss: 404Mb L: 11180/200000 MS: 1 EraseBytes-
#30015	REDUCE cov: 577 ft: 2172 corp: 149/3664Kb lim: 200000 exec/s: 345 rss: 404Mb L: 4756/200000 MS: 1 EraseBytes-
#30123	REDUCE cov: 577 ft: 2172 corp: 149/3662Kb lim: 200000 exec/s: 346 rss: 404Mb L: 6617/200000 MS: 3 InsertByte-InsertByte-EraseBytes-
#30194	REDUCE cov: 577 ft: 2172 corp: 149/3662Kb lim: 200000 exec/s: 347 rss: 404Mb L: 6216/200000 MS: 1 EraseBytes-
#30271	REDUCE cov: 577 ft: 2172 corp: 149/3662Kb lim: 200000 exec/s: 347 rss: 404Mb L: 264/200000 MS: 2 CMP-EraseBytes- DE: "Hy"-
#30353	REDUCE cov: 577 ft: 2172 corp: 149/3662Kb lim: 200000 exec/s: 348 rss: 404Mb L: 171/200000 MS: 2 CopyPart-EraseBytes-
#30377	REDUCE cov: 577 ft: 2172 corp: 149/3661Kb lim: 200000 exec/s: 349 rss: 404Mb L: 33395/200000 MS: 4 CrossOver-PersAutoDict-ChangeASCIIInt-EraseBytes- DE: "G\034\000\000\000\000\000\000"-
#30424	REDUCE cov: 577 ft: 2172 corp: 149/3661Kb lim: 200000 exec/s: 349 rss: 404Mb L: 3550/200000 MS: 2 ShuffleBytes-EraseBytes-
#30548	REDUCE cov: 577 ft: 2172 corp: 149/3659Kb lim: 200000 exec/s: 347 rss: 404Mb L: 73797/200000 MS: 4 ChangeASCIIInt-ChangeASCIIInt-ShuffleBytes-EraseBytes-
#30581	REDUCE cov: 577 ft: 2172 corp: 149/3658Kb lim: 200000 exec/s: 347 rss: 404Mb L: 1693/200000 MS: 3 ChangeByte-CMP-EraseBytes- DE: "\300\370\177\344\266s\000\000"-
#30603	REDUCE cov: 577 ft: 2172 corp: 149/3644Kb lim: 200000 exec/s: 347 rss: 404Mb L: 41919/200000 MS: 2 ShuffleBytes-CrossOver-
#30644	REDUCE cov: 577 ft: 2172 corp: 149/3638Kb lim: 200000 exec/s: 348 rss: 404Mb L: 101601/200000 MS: 1 CrossOver-
#30765	REDUCE cov: 577 ft: 2172 corp: 149/3638Kb lim: 200000 exec/s: 349 rss: 404Mb L: 1933/200000 MS: 1 EraseBytes-
#30770	REDUCE cov: 577 ft: 2172 corp: 149/3636Kb lim: 200000 exec/s: 349 rss: 404Mb L: 3726/200000 MS: 5 InsertByte-ShuffleBytes-PersAutoDict-InsertRepeatedBytes-EraseBytes- DE: "\377\377HW"-
#30820	REDUCE cov: 577 ft: 2172 corp: 149/3635Kb lim: 200000 exec/s: 350 rss: 404Mb L: 3642/200000 MS: 5 ChangeBinInt-PersAutoDict-InsertByte-CopyPart-EraseBytes- DE: "\001\000"-
#31061	REDUCE cov: 577 ft: 2172 corp: 149/3635Kb lim: 200000 exec/s: 349 rss: 404Mb L: 1381/200000 MS: 1 EraseBytes-
#31100	REDUCE cov: 577 ft: 2172 corp: 149/3633Kb lim: 200000 exec/s: 349 rss: 404Mb L: 1953/200000 MS: 4 ChangeASCIIInt-PersAutoDict-PersAutoDict-EraseBytes- DE: "G\034\000\000\000\000\000\000"-"\377\377\377\377\377\377\016\373"-
	NEW_FUNC[1/1]: 0x5a5cba764cf0 in std::__cxx11::basic_string<char, std::char_traits<char>, std::allocator<char>>::basic_string(std::__cxx11::basic_string<char, std::char_traits<char>, std::allocator<char>>&&) /usr/lib/gcc/x86_64-linux-gnu/15/../../../../include/c++/15/bits/basic_string.h:744
#31116	REDUCE cov: 591 ft: 2200 corp: 150/3665Kb lim: 200000 exec/s: 349 rss: 404Mb L: 32507/200000 MS: 1 CrossOver-
#31265	REDUCE cov: 591 ft: 2200 corp: 150/3508Kb lim: 200000 exec/s: 351 rss: 404Mb L: 4104/200000 MS: 4 EraseBytes-CrossOver-InsertByte-PersAutoDict- DE: "\377\377HV"-
#31309	REDUCE cov: 591 ft: 2200 corp: 150/3507Kb lim: 200000 exec/s: 351 rss: 404Mb L: 2620/200000 MS: 4 ChangeByte-ChangeByte-InsertRepeatedBytes-EraseBytes-
#31353	REDUCE cov: 591 ft: 2200 corp: 150/3506Kb lim: 200000 exec/s: 352 rss: 404Mb L: 1495/200000 MS: 4 ChangeASCIIInt-ChangeBinInt-ChangeASCIIInt-EraseBytes-
#31379	REDUCE cov: 591 ft: 2200 corp: 150/3506Kb lim: 200000 exec/s: 352 rss: 404Mb L: 1657/200000 MS: 1 EraseBytes-
#31458	REDUCE cov: 591 ft: 2200 corp: 150/3506Kb lim: 200000 exec/s: 349 rss: 404Mb L: 2867/200000 MS: 4 ChangeBit-ChangeBinInt-CrossOver-EraseBytes-
#31553	REDUCE cov: 591 ft: 2200 corp: 150/3505Kb lim: 200000 exec/s: 350 rss: 404Mb L: 1457/200000 MS: 5 CMP-InsertByte-ChangeBit-ChangeASCIIInt-EraseBytes- DE: "_I\000\000"-
#31594	REDUCE cov: 591 ft: 2200 corp: 150/3505Kb lim: 200000 exec/s: 351 rss: 404Mb L: 1514/200000 MS: 1 EraseBytes-
#31710	REDUCE cov: 591 ft: 2200 corp: 150/3505Kb lim: 200000 exec/s: 352 rss: 404Mb L: 3325/200000 MS: 1 EraseBytes-
#31800	REDUCE cov: 591 ft: 2200 corp: 150/3504Kb lim: 200000 exec/s: 353 rss: 404Mb L: 2595/200000 MS: 5 CMP-ChangeASCIIInt-InsertRepeatedBytes-CrossOver-EraseBytes- DE: "\377\377\377\377\377\377\377\000"-
#31811	REDUCE cov: 591 ft: 2200 corp: 150/3503Kb lim: 200000 exec/s: 353 rss: 404Mb L: 2056/200000 MS: 1 EraseBytes-
#31937	REDUCE cov: 591 ft: 2200 corp: 150/3500Kb lim: 200000 exec/s: 350 rss: 404Mb L: 3726/200000 MS: 1 EraseBytes-
#31939	REDUCE cov: 591 ft: 2200 corp: 150/3487Kb lim: 200000 exec/s: 350 rss: 404Mb L: 30635/200000 MS: 2 InsertRepeatedBytes-EraseBytes-
#32012	REDUCE cov: 591 ft: 2200 corp: 150/3482Kb lim: 200000 exec/s: 351 rss: 404Mb L: 24838/200000 MS: 3 InsertRepeatedBytes-PersAutoDict-EraseBytes- DE: "\370\017\000\000\000\000\000\000"-
#32118	REDUCE cov: 591 ft: 2200 corp: 150/3481Kb lim: 200000 exec/s: 352 rss: 404Mb L: 85690/200000 MS: 1 EraseBytes-
#32125	REDUCE cov: 591 ft: 2200 corp: 150/3480Kb lim: 200000 exec/s: 353 rss: 404Mb L: 4830/200000 MS: 2 ChangeBit-EraseBytes-
#32159	REDUCE cov: 591 ft: 2200 corp: 150/3472Kb lim: 200000 exec/s: 353 rss: 404Mb L: 24395/200000 MS: 4 ChangeByte-ChangeASCIIInt-CMP-CrossOver- DE: "\001\000\000\000\000\000\000\017"-
#32194	REDUCE cov: 591 ft: 2200 corp: 150/3471Kb lim: 200000 exec/s: 353 rss: 404Mb L: 5181/200000 MS: 5 InsertRepeatedBytes-CrossOver-ChangeBinInt-ChangeByte-EraseBytes-
#32310	REDUCE cov: 591 ft: 2200 corp: 150/3470Kb lim: 200000 exec/s: 351 rss: 404Mb L: 3551/200000 MS: 1 EraseBytes-
#32311	REDUCE cov: 591 ft: 2200 corp: 150/3470Kb lim: 200000 exec/s: 351 rss: 404Mb L: 5787/200000 MS: 1 EraseBytes-
#32407	REDUCE cov: 591 ft: 2200 corp: 150/3470Kb lim: 200000 exec/s: 352 rss: 404Mb L: 1567/200000 MS: 1 EraseBytes-
#32552	REDUCE cov: 592 ft: 2236 corp: 151/3472Kb lim: 200000 exec/s: 350 rss: 404Mb L: 1953/200000 MS: 5 PersAutoDict-ShuffleBytes-PersAutoDict-ShuffleBytes-ChangeBinInt- DE: "nI\000\000"-"\001\000\020\000"-
#32584	REDUCE cov: 592 ft: 2236 corp: 151/3470Kb lim: 200000 exec/s: 350 rss: 404Mb L: 2058/200000 MS: 2 ChangeByte-EraseBytes-
#32602	NEW    cov: 592 ft: 2237 corp: 152/3475Kb lim: 200000 exec/s: 350 rss: 404Mb L: 5630/200000 MS: 3 ChangeBit-InsertByte-EraseBytes-
#32768	pulse  cov: 592 ft: 2237 corp: 152/3475Kb lim: 200000 exec/s: 352 rss: 404Mb
#32780	REDUCE cov: 592 ft: 2237 corp: 152/3475Kb lim: 200000 exec/s: 352 rss: 404Mb L: 1437/200000 MS: 3 ShuffleBytes-ShuffleBytes-EraseBytes-
#32806	REDUCE cov: 592 ft: 2238 corp: 153/3477Kb lim: 200000 exec/s: 352 rss: 404Mb L: 1419/200000 MS: 1 ShuffleBytes-
#33064	REDUCE cov: 592 ft: 2238 corp: 153/3476Kb lim: 200000 exec/s: 351 rss: 404Mb L: 4803/200000 MS: 3 ChangeBit-ChangeASCIIInt-EraseBytes-
#33196	REDUCE cov: 592 ft: 2238 corp: 153/3476Kb lim: 200000 exec/s: 353 rss: 404Mb L: 1973/200000 MS: 2 CopyPart-EraseBytes-
#33212	REDUCE cov: 592 ft: 2238 corp: 153/3476Kb lim: 200000 exec/s: 353 rss: 404Mb L: 3079/200000 MS: 1 EraseBytes-
#33215	REDUCE cov: 592 ft: 2238 corp: 153/3475Kb lim: 200000 exec/s: 353 rss: 404Mb L: 34078/200000 MS: 3 CrossOver-ChangeByte-EraseBytes-
#33348	NEW    cov: 592 ft: 2239 corp: 154/3481Kb lim: 200000 exec/s: 354 rss: 404Mb L: 6181/200000 MS: 3 ShuffleBytes-InsertByte-CMP- DE: "T\007"-
#33483	REDUCE cov: 592 ft: 2239 corp: 154/3480Kb lim: 200000 exec/s: 352 rss: 404Mb L: 5032/200000 MS: 5 ChangeByte-PersAutoDict-InsertRepeatedBytes-PersAutoDict-EraseBytes- DE: "\001\000"-"Jq"-
#33519	REDUCE cov: 592 ft: 2239 corp: 154/3478Kb lim: 200000 exec/s: 352 rss: 404Mb L: 3671/200000 MS: 1 EraseBytes-
#33528	REDUCE cov: 592 ft: 2239 corp: 154/3477Kb lim: 200000 exec/s: 352 rss: 404Mb L: 16188/200000 MS: 4 ChangeASCIIInt-ShuffleBytes-ChangeBit-EraseBytes-
#33544	REDUCE cov: 595 ft: 2242 corp: 155/3479Kb lim: 200000 exec/s: 353 rss: 404Mb L: 2847/200000 MS: 1 CopyPart-
#33546	REDUCE cov: 595 ft: 2242 corp: 155/3479Kb lim: 200000 exec/s: 353 rss: 404Mb L: 2245/200000 MS: 2 InsertRepeatedBytes-EraseBytes-
#33577	REDUCE cov: 595 ft: 2242 corp: 155/3479Kb lim: 200000 exec/s: 353 rss: 404Mb L: 1879/200000 MS: 1 EraseBytes-
#33648	REDUCE cov: 595 ft: 2242 corp: 155/3477Kb lim: 200000 exec/s: 354 rss: 404Mb L: 2974/200000 MS: 1 EraseBytes-
#33730	REDUCE cov: 595 ft: 2242 corp: 155/3477Kb lim: 200000 exec/s: 355 rss: 404Mb L: 14082/200000 MS: 2 ChangeBinInt-EraseBytes-
#33807	REDUCE cov: 595 ft: 2242 corp: 155/3473Kb lim: 200000 exec/s: 355 rss: 404Mb L: 13609/200000 MS: 2 ShuffleBytes-EraseBytes-
#33813	REDUCE cov: 595 ft: 2242 corp: 155/3473Kb lim: 200000 exec/s: 355 rss: 404Mb L: 2213/200000 MS: 1 EraseBytes-
#33865	REDUCE cov: 595 ft: 2243 corp: 156/3474Kb lim: 200000 exec/s: 356 rss: 404Mb L: 1918/200000 MS: 2 CopyPart-PersAutoDict- DE: "\345\017\000\000\000\000\000\000"-
#33912	REDUCE cov: 595 ft: 2243 corp: 156/3474Kb lim: 200000 exec/s: 353 rss: 404Mb L: 1388/200000 MS: 2 ChangeASCIIInt-EraseBytes-
#33934	REDUCE cov: 595 ft: 2243 corp: 156/3474Kb lim: 200000 exec/s: 353 rss: 404Mb L: 5060/200000 MS: 2 ChangeASCIIInt-EraseBytes-
#33984	REDUCE cov: 595 ft: 2243 corp: 156/3474Kb lim: 200000 exec/s: 354 rss: 404Mb L: 4034/200000 MS: 5 ChangeBit-ChangeBit-CMP-InsertRepeatedBytes-EraseBytes- DE: "\000\000s\346\344\244\203`"-
#34020	REDUCE cov: 595 ft: 2244 corp: 157/3476Kb lim: 200000 exec/s: 354 rss: 404Mb L: 1539/200000 MS: 1 CMP- DE: "\016\000\000\000\000\000\000\000"-
#34057	REDUCE cov: 595 ft: 2251 corp: 158/3477Kb lim: 200000 exec/s: 354 rss: 404Mb L: 1954/200000 MS: 2 InsertByte-ShuffleBytes-
#34189	REDUCE cov: 595 ft: 2251 corp: 158/3477Kb lim: 200000 exec/s: 356 rss: 404Mb L: 4554/200000 MS: 2 ChangeASCIIInt-EraseBytes-
#34282	REDUCE cov: 595 ft: 2251 corp: 158/3477Kb lim: 200000 exec/s: 357 rss: 404Mb L: 3065/200000 MS: 3 ShuffleBytes-PersAutoDict-EraseBytes- DE: "\016\000\000\000\000\000\000\000"-
#34315	REDUCE cov: 595 ft: 2251 corp: 158/3476Kb lim: 200000 exec/s: 357 rss: 404Mb L: 5077/200000 MS: 3 ChangeASCIIInt-InsertRepeatedBytes-EraseBytes-
#34326	REDUCE cov: 595 ft: 2251 corp: 158/3476Kb lim: 200000 exec/s: 357 rss: 404Mb L: 3384/200000 MS: 1 EraseBytes-
#34328	REDUCE cov: 595 ft: 2251 corp: 158/3476Kb lim: 200000 exec/s: 357 rss: 404Mb L: 3564/200000 MS: 2 ChangeASCIIInt-EraseBytes-
#34394	REDUCE cov: 595 ft: 2251 corp: 158/3473Kb lim: 200000 exec/s: 358 rss: 404Mb L: 10606/200000 MS: 1 EraseBytes-
#34420	REDUCE cov: 595 ft: 2251 corp: 158/3472Kb lim: 200000 exec/s: 354 rss: 404Mb L: 1968/200000 MS: 1 EraseBytes-
#34579	REDUCE cov: 595 ft: 2251 corp: 158/3472Kb lim: 200000 exec/s: 356 rss: 404Mb L: 4171/200000 MS: 4 ChangeByte-ChangeBinInt-CopyPart-EraseBytes-
#34705	REDUCE cov: 595 ft: 2251 corp: 158/3469Kb lim: 200000 exec/s: 357 rss: 404Mb L: 14826/200000 MS: 1 EraseBytes-
#34742	REDUCE cov: 595 ft: 2251 corp: 158/3468Kb lim: 200000 exec/s: 358 rss: 404Mb L: 2181/200000 MS: 2 ChangeByte-EraseBytes-
#34935	NEW    cov: 595 ft: 2252 corp: 159/3473Kb lim: 200000 exec/s: 360 rss: 404Mb L: 5316/200000 MS: 3 ChangeByte-ChangeBinInt-CrossOver-
#34958	REDUCE cov: 595 ft: 2252 corp: 159/3472Kb lim: 200000 exec/s: 360 rss: 404Mb L: 3684/200000 MS: 3 CopyPart-CMP-EraseBytes- DE: "\377\377\377\377\377\377\377\016"-
#35026	REDUCE cov: 595 ft: 2252 corp: 159/3472Kb lim: 200000 exec/s: 357 rss: 404Mb L: 3802/200000 MS: 3 ChangeByte-ChangeByte-EraseBytes-
#35106	REDUCE cov: 595 ft: 2252 corp: 159/3472Kb lim: 200000 exec/s: 358 rss: 404Mb L: 2527/200000 MS: 5 ChangeBinInt-InsertByte-ChangeASCIIInt-ChangeBinInt-EraseBytes-
#35175	REDUCE cov: 595 ft: 2252 corp: 159/3470Kb lim: 200000 exec/s: 358 rss: 404Mb L: 1580/200000 MS: 4 ChangeASCIIInt-ChangeByte-CMP-EraseBytes- DE: "gI"-
#35549	REDUCE cov: 595 ft: 2252 corp: 159/3456Kb lim: 200000 exec/s: 359 rss: 404Mb L: 97822/200000 MS: 4 ChangeBit-ShuffleBytes-CrossOver-CrossOver-
#35566	REDUCE cov: 595 ft: 2252 corp: 159/3427Kb lim: 200000 exec/s: 359 rss: 404Mb L: 70082/200000 MS: 2 ChangeBinInt-EraseBytes-
#35623	REDUCE cov: 595 ft: 2252 corp: 159/3427Kb lim: 200000 exec/s: 359 rss: 404Mb L: 1405/200000 MS: 2 ShuffleBytes-EraseBytes-
#35650	REDUCE cov: 595 ft: 2252 corp: 159/3427Kb lim: 200000 exec/s: 360 rss: 404Mb L: 1380/200000 MS: 2 InsertRepeatedBytes-EraseBytes-
#35682	REDUCE cov: 595 ft: 2252 corp: 159/3427Kb lim: 200000 exec/s: 360 rss: 404Mb L: 1446/200000 MS: 2 ChangeASCIIInt-EraseBytes-
#35691	REDUCE cov: 595 ft: 2252 corp: 159/3427Kb lim: 200000 exec/s: 360 rss: 404Mb L: 1990/200000 MS: 4 ChangeBit-CrossOver-EraseBytes-EraseBytes-
#36023	REDUCE cov: 595 ft: 2252 corp: 159/3426Kb lim: 200000 exec/s: 360 rss: 404Mb L: 1454/200000 MS: 2 CrossOver-EraseBytes-
#36142	REDUCE cov: 595 ft: 2252 corp: 159/3426Kb lim: 200000 exec/s: 361 rss: 404Mb L: 1371/200000 MS: 4 ChangeASCIIInt-EraseBytes-InsertByte-InsertByte-
#36175	REDUCE cov: 595 ft: 2252 corp: 159/3425Kb lim: 200000 exec/s: 361 rss: 404Mb L: 3956/200000 MS: 3 ChangeBinInt-ShuffleBytes-EraseBytes-
#36186	REDUCE cov: 595 ft: 2252 corp: 159/3425Kb lim: 200000 exec/s: 361 rss: 404Mb L: 3632/200000 MS: 1 EraseBytes-
#36247	REDUCE cov: 595 ft: 2252 corp: 159/3422Kb lim: 200000 exec/s: 362 rss: 404Mb L: 2560/200000 MS: 1 EraseBytes-
#36413	REDUCE cov: 595 ft: 2252 corp: 159/3422Kb lim: 200000 exec/s: 360 rss: 404Mb L: 1598/200000 MS: 1 EraseBytes-
#36496	REDUCE cov: 595 ft: 2252 corp: 159/3421Kb lim: 200000 exec/s: 361 rss: 404Mb L: 3067/200000 MS: 3 ChangeByte-InsertByte-EraseBytes-
#36508	REDUCE cov: 595 ft: 2252 corp: 159/3420Kb lim: 200000 exec/s: 361 rss: 404Mb L: 2477/200000 MS: 2 ChangeASCIIInt-EraseBytes-
#36522	REDUCE cov: 595 ft: 2252 corp: 159/3420Kb lim: 200000 exec/s: 361 rss: 404Mb L: 2519/200000 MS: 4 ChangeASCIIInt-ChangeASCIIInt-CrossOver-EraseBytes-
#36651	REDUCE cov: 595 ft: 2252 corp: 159/3419Kb lim: 200000 exec/s: 362 rss: 404Mb L: 2541/200000 MS: 4 CMP-ShuffleBytes-InsertByte-EraseBytes- DE: "\001\000Iq"-
#36805	REDUCE cov: 595 ft: 2252 corp: 159/3418Kb lim: 200000 exec/s: 364 rss: 404Mb L: 2587/200000 MS: 4 ChangeBit-ChangeASCIIInt-PersAutoDict-EraseBytes- DE: "\342\017\000\000\000\000\000\000"-
#36844	REDUCE cov: 595 ft: 2252 corp: 159/3417Kb lim: 200000 exec/s: 364 rss: 404Mb L: 3858/200000 MS: 4 InsertByte-InsertByte-ChangeBinInt-EraseBytes-
#36848	REDUCE cov: 595 ft: 2252 corp: 159/3417Kb lim: 200000 exec/s: 364 rss: 404Mb L: 3767/200000 MS: 4 ShuffleBytes-ChangeASCIIInt-ChangeBinInt-EraseBytes-
#36862	REDUCE cov: 595 ft: 2252 corp: 159/3414Kb lim: 200000 exec/s: 364 rss: 404Mb L: 37984/200000 MS: 4 ShuffleBytes-InsertRepeatedBytes-ChangeBinInt-EraseBytes-
#36924	REDUCE cov: 595 ft: 2252 corp: 159/3413Kb lim: 200000 exec/s: 362 rss: 404Mb L: 1944/200000 MS: 2 CopyPart-EraseBytes-
#36951	REDUCE cov: 595 ft: 2252 corp: 159/3413Kb lim: 200000 exec/s: 362 rss: 404Mb L: 1429/200000 MS: 2 ChangeBit-EraseBytes-
#37062	REDUCE cov: 595 ft: 2252 corp: 159/3412Kb lim: 200000 exec/s: 363 rss: 404Mb L: 1576/200000 MS: 1 EraseBytes-
#37221	REDUCE cov: 595 ft: 2252 corp: 159/3399Kb lim: 200000 exec/s: 364 rss: 404Mb L: 32841/200000 MS: 4 ShuffleBytes-InsertByte-CMP-EraseBytes- DE: "\377\377\377\377\377\377\016\356"-
#37252	REDUCE cov: 595 ft: 2252 corp: 159/3398Kb lim: 200000 exec/s: 365 rss: 404Mb L: 3938/200000 MS: 1 EraseBytes-
#37345	REDUCE cov: 595 ft: 2252 corp: 159/3397Kb lim: 200000 exec/s: 366 rss: 404Mb L: 1449/200000 MS: 3 ChangeBit-ChangeBinInt-EraseBytes-
#37353	REDUCE cov: 595 ft: 2252 corp: 159/3397Kb lim: 200000 exec/s: 366 rss: 404Mb L: 2005/200000 MS: 3 ChangeByte-ShuffleBytes-EraseBytes-
#37356	REDUCE cov: 595 ft: 2252 corp: 159/3397Kb lim: 200000 exec/s: 366 rss: 404Mb L: 1888/200000 MS: 3 CopyPart-ChangeBinInt-EraseBytes-
#37633	REDUCE cov: 595 ft: 2252 corp: 159/3396Kb lim: 200000 exec/s: 365 rss: 404Mb L: 1788/200000 MS: 2 ChangeASCIIInt-EraseBytes-
#37729	REDUCE cov: 595 ft: 2252 corp: 159/3394Kb lim: 200000 exec/s: 366 rss: 404Mb L: 4050/200000 MS: 1 EraseBytes-
#37894	REDUCE cov: 595 ft: 2252 corp: 159/3393Kb lim: 200000 exec/s: 364 rss: 404Mb L: 1393/200000 MS: 5 ChangeBit-CrossOver-ChangeBit-CMP-EraseBytes- DE: "\333X\000\000"-
#38005	REDUCE cov: 595 ft: 2252 corp: 159/3390Kb lim: 200000 exec/s: 365 rss: 404Mb L: 28968/200000 MS: 1 EraseBytes-
#38166	REDUCE cov: 595 ft: 2252 corp: 159/3390Kb lim: 200000 exec/s: 366 rss: 404Mb L: 1589/200000 MS: 1 EraseBytes-
#38642	REDUCE cov: 595 ft: 2252 corp: 159/3386Kb lim: 200000 exec/s: 368 rss: 404Mb L: 5209/200000 MS: 1 EraseBytes-
#38699	REDUCE cov: 595 ft: 2252 corp: 159/3385Kb lim: 200000 exec/s: 368 rss: 404Mb L: 3588/200000 MS: 2 PersAutoDict-EraseBytes- DE: "\377\000"-
#38788	REDUCE cov: 595 ft: 2253 corp: 160/3444Kb lim: 200000 exec/s: 369 rss: 404Mb L: 60268/200000 MS: 4 CrossOver-ChangeByte-EraseBytes-PersAutoDict- DE: "\345\017\000\000\000\000\000\000"-
#38839	REDUCE cov: 595 ft: 2253 corp: 160/3444Kb lim: 200000 exec/s: 366 rss: 404Mb L: 1387/200000 MS: 1 EraseBytes-
#38974	REDUCE cov: 595 ft: 2253 corp: 160/3429Kb lim: 200000 exec/s: 367 rss: 404Mb L: 40929/200000 MS: 5 ChangeByte-ChangeByte-ShuffleBytes-ChangeByte-EraseBytes-
#39025	REDUCE cov: 595 ft: 2253 corp: 160/3428Kb lim: 200000 exec/s: 368 rss: 404Mb L: 2744/200000 MS: 1 EraseBytes-
#39028	REDUCE cov: 595 ft: 2253 corp: 160/3426Kb lim: 200000 exec/s: 368 rss: 404Mb L: 2140/200000 MS: 3 PersAutoDict-PersAutoDict-EraseBytes- DE: "_I\000\000"-"nI\000\000"-
#39055	REDUCE cov: 596 ft: 2254 corp: 161/3428Kb lim: 200000 exec/s: 368 rss: 404Mb L: 1769/200000 MS: 2 CopyPart-PersAutoDict- DE: "\377\377\377\377\377\377\017\000"-
#39094	REDUCE cov: 596 ft: 2254 corp: 161/3428Kb lim: 200000 exec/s: 368 rss: 404Mb L: 1698/200000 MS: 4 ChangeByte-InsertRepeatedBytes-CopyPart-EraseBytes-
#39195	REDUCE cov: 596 ft: 2254 corp: 161/3428Kb lim: 200000 exec/s: 369 rss: 404Mb L: 1534/200000 MS: 1 EraseBytes-
#39238	REDUCE cov: 596 ft: 2254 corp: 161/3427Kb lim: 200000 exec/s: 370 rss: 404Mb L: 3175/200000 MS: 3 InsertByte-CopyPart-EraseBytes-
#39307	REDUCE cov: 596 ft: 2254 corp: 161/3421Kb lim: 200000 exec/s: 367 rss: 404Mb L: 18255/200000 MS: 4 InsertRepeatedBytes-ShuffleBytes-ChangeBinInt-EraseBytes-
#39326	REDUCE cov: 596 ft: 2254 corp: 161/3421Kb lim: 200000 exec/s: 367 rss: 404Mb L: 110/200000 MS: 4 ChangeBinInt-ChangeBinInt-InsertByte-EraseBytes-
#39327	REDUCE cov: 597 ft: 2267 corp: 162/3426Kb lim: 200000 exec/s: 367 rss: 404Mb L: 5787/200000 MS: 1 ShuffleBytes-
#39333	REDUCE cov: 597 ft: 2267 corp: 162/3426Kb lim: 200000 exec/s: 367 rss: 404Mb L: 1534/200000 MS: 1 EraseBytes-
#39420	REDUCE cov: 597 ft: 2267 corp: 162/3417Kb lim: 200000 exec/s: 368 rss: 404Mb L: 20419/200000 MS: 2 ShuffleBytes-EraseBytes-
#39613	REDUCE cov: 597 ft: 2267 corp: 162/3417Kb lim: 200000 exec/s: 370 rss: 404Mb L: 1383/200000 MS: 3 ChangeASCIIInt-CMP-EraseBytes- DE: "\001\000\000\000\000\000\005["-
#39711	REDUCE cov: 597 ft: 2267 corp: 162/3417Kb lim: 200000 exec/s: 371 rss: 404Mb L: 2476/200000 MS: 3 PersAutoDict-ChangeBinInt-EraseBytes- DE: "}I"-
#39912	REDUCE cov: 597 ft: 2267 corp: 162/3417Kb lim: 200000 exec/s: 369 rss: 404Mb L: 3408/200000 MS: 1 EraseBytes-
#40007	REDUCE cov: 597 ft: 2267 corp: 162/3406Kb lim: 200000 exec/s: 370 rss: 404Mb L: 29453/200000 MS: 5 ChangeASCIIInt-CopyPart-EraseBytes-ChangeByte-EraseBytes-
#40262	REDUCE cov: 597 ft: 2267 corp: 162/3406Kb lim: 200000 exec/s: 369 rss: 404Mb L: 1412/200000 MS: 5 ChangeByte-PersAutoDict-ChangeBit-ShuffleBytes-EraseBytes- DE: "\001\000\000\000\000\000\020\000"-
#40325	REDUCE cov: 597 ft: 2267 corp: 162/3404Kb lim: 200000 exec/s: 369 rss: 404Mb L: 1605/200000 MS: 3 PersAutoDict-ChangeBinInt-EraseBytes- DE: "\377\377Hh"-
#40418	REDUCE cov: 599 ft: 2269 corp: 163/3418Kb lim: 200000 exec/s: 370 rss: 404Mb L: 14770/200000 MS: 3 ChangeByte-CopyPart-PersAutoDict- DE: "\377\377\377\377\377\377\017\000"-
#40482	REDUCE cov: 599 ft: 2269 corp: 163/3418Kb lim: 200000 exec/s: 371 rss: 404Mb L: 6198/200000 MS: 4 ChangeBinInt-ChangeBit-ChangeByte-EraseBytes-
#40562	REDUCE cov: 599 ft: 2269 corp: 163/3410Kb lim: 200000 exec/s: 372 rss: 404Mb L: 12058/200000 MS: 5 ChangeBit-ChangeByte-ChangeBit-InsertRepeatedBytes-EraseBytes-
#40643	REDUCE cov: 599 ft: 2269 corp: 163/3405Kb lim: 200000 exec/s: 372 rss: 404Mb L: 39693/200000 MS: 1 EraseBytes-
#40848	REDUCE cov: 599 ft: 2269 corp: 163/3405Kb lim: 200000 exec/s: 371 rss: 404Mb L: 16082/200000 MS: 5 ChangeByte-ChangeBinInt-InsertRepeatedBytes-InsertRepeatedBytes-EraseBytes-
#41027	REDUCE cov: 599 ft: 2269 corp: 163/3392Kb lim: 200000 exec/s: 372 rss: 404Mb L: 46440/200000 MS: 4 ChangeByte-ChangeBit-CMP-EraseBytes- DE: "\001\000\000\000\000\000\017\354"-
#41179	REDUCE cov: 599 ft: 2269 corp: 163/3391Kb lim: 200000 exec/s: 370 rss: 404Mb L: 5665/200000 MS: 2 ShuffleBytes-EraseBytes-
#41240	REDUCE cov: 599 ft: 2269 corp: 163/3390Kb lim: 200000 exec/s: 371 rss: 404Mb L: 5285/200000 MS: 1 EraseBytes-
#41474	REDUCE cov: 599 ft: 2269 corp: 163/3390Kb lim: 200000 exec/s: 373 rss: 404Mb L: 1752/200000 MS: 4 InsertByte-InsertByte-ChangeBit-EraseBytes-
#41572	REDUCE cov: 599 ft: 2269 corp: 163/3389Kb lim: 200000 exec/s: 371 rss: 404Mb L: 3224/200000 MS: 3 ChangeASCIIInt-ChangeASCIIInt-EraseBytes-
#41624	REDUCE cov: 599 ft: 2269 corp: 163/3389Kb lim: 200000 exec/s: 371 rss: 404Mb L: 2006/200000 MS: 2 ChangeASCIIInt-EraseBytes-
#41708	NEW    cov: 599 ft: 2270 corp: 164/3395Kb lim: 200000 exec/s: 372 rss: 404Mb L: 6120/200000 MS: 4 ChangeASCIIInt-ChangeBinInt-ChangeByte-CopyPart-
#42022	REDUCE cov: 599 ft: 2270 corp: 164/3386Kb lim: 200000 exec/s: 371 rss: 404Mb L: 20018/200000 MS: 4 InsertRepeatedBytes-ChangeBit-ChangeBinInt-EraseBytes-
#42044	REDUCE cov: 599 ft: 2270 corp: 164/3385Kb lim: 200000 exec/s: 372 rss: 404Mb L: 3403/200000 MS: 2 ChangeBinInt-EraseBytes-
#42060	REDUCE cov: 599 ft: 2270 corp: 164/3385Kb lim: 200000 exec/s: 372 rss: 404Mb L: 1416/200000 MS: 1 EraseBytes-
#42204	REDUCE cov: 599 ft: 2270 corp: 164/3384Kb lim: 200000 exec/s: 373 rss: 404Mb L: 45628/200000 MS: 4 CMP-CMP-ChangeBit-EraseBytes- DE: "\000\000"-"g3\177\344Fr\000\000"-
#42296	REDUCE cov: 599 ft: 2270 corp: 164/3384Kb lim: 200000 exec/s: 374 rss: 404Mb L: 2786/200000 MS: 2 InsertByte-EraseBytes-
#42297	REDUCE cov: 599 ft: 2273 corp: 165/3390Kb lim: 200000 exec/s: 374 rss: 404Mb L: 5787/200000 MS: 1 CrossOver-
#42305	REDUCE cov: 599 ft: 2273 corp: 165/3389Kb lim: 200000 exec/s: 374 rss: 404Mb L: 4959/200000 MS: 3 InsertRepeatedBytes-InsertByte-EraseBytes-
#42419	REDUCE cov: 599 ft: 2273 corp: 165/3389Kb lim: 200000 exec/s: 372 rss: 404Mb L: 1388/200000 MS: 4 InsertRepeatedBytes-CopyPart-PersAutoDict-EraseBytes- DE: "\001\000"-
#42481	REDUCE cov: 599 ft: 2273 corp: 165/3388Kb lim: 200000 exec/s: 372 rss: 404Mb L: 17448/200000 MS: 2 InsertByte-EraseBytes-
#42671	REDUCE cov: 599 ft: 2273 corp: 165/3388Kb lim: 200000 exec/s: 374 rss: 412Mb L: 3209/200000 MS: 5 PersAutoDict-ShuffleBytes-InsertRepeatedBytes-EraseBytes-PersAutoDict- DE: "JZ"-"\336\266\006\000"-
#42831	REDUCE cov: 599 ft: 2273 corp: 165/3385Kb lim: 200000 exec/s: 372 rss: 412Mb L: 34873/200000 MS: 5 PersAutoDict-ChangeByte-ShuffleBytes-ChangeASCIIInt-EraseBytes- DE: "\352\017\000\000\000\000\000\000"-
#42930	REDUCE cov: 599 ft: 2273 corp: 165/3382Kb lim: 200000 exec/s: 373 rss: 412Mb L: 13514/200000 MS: 4 CopyPart-CrossOver-CrossOver-EraseBytes-
#43006	REDUCE cov: 599 ft: 2273 corp: 165/3382Kb lim: 200000 exec/s: 373 rss: 412Mb L: 1527/200000 MS: 1 EraseBytes-
#43047	NEW    cov: 599 ft: 2276 corp: 166/3383Kb lim: 200000 exec/s: 374 rss: 412Mb L: 1419/200000 MS: 1 CopyPart-
#43053	REDUCE cov: 599 ft: 2276 corp: 166/3383Kb lim: 200000 exec/s: 374 rss: 412Mb L: 1702/200000 MS: 1 EraseBytes-
#43110	NEW    cov: 599 ft: 2286 corp: 167/3484Kb lim: 200000 exec/s: 374 rss: 412Mb L: 103747/200000 MS: 2 ChangeASCIIInt-CrossOver-
#43116	REDUCE cov: 599 ft: 2287 corp: 168/3486Kb lim: 200000 exec/s: 374 rss: 412Mb L: 1527/200000 MS: 1 ShuffleBytes-
#43313	REDUCE cov: 599 ft: 2287 corp: 168/3481Kb lim: 200000 exec/s: 376 rss: 412Mb L: 9533/200000 MS: 2 ChangeASCIIInt-EraseBytes-
#43575	REDUCE cov: 599 ft: 2287 corp: 168/3480Kb lim: 200000 exec/s: 375 rss: 412Mb L: 1680/200000 MS: 2 ChangeBit-EraseBytes-
#43608	REDUCE cov: 599 ft: 2287 corp: 168/3477Kb lim: 200000 exec/s: 375 rss: 412Mb L: 14217/200000 MS: 3 InsertByte-PersAutoDict-EraseBytes- DE: "\001\000\000\000\000\000\000\017"-
#43642	REDUCE cov: 599 ft: 2287 corp: 168/3475Kb lim: 200000 exec/s: 376 rss: 412Mb L: 3011/200000 MS: 4 ShuffleBytes-InsertRepeatedBytes-ChangeBinInt-EraseBytes-
#43804	REDUCE cov: 599 ft: 2287 corp: 168/3473Kb lim: 200000 exec/s: 377 rss: 412Mb L: 1568/200000 MS: 2 InsertRepeatedBytes-EraseBytes-
#43826	REDUCE cov: 599 ft: 2289 corp: 169/3477Kb lim: 200000 exec/s: 374 rss: 412Mb L: 3396/200000 MS: 2 ChangeBit-CrossOver-
#43842	REDUCE cov: 599 ft: 2289 corp: 169/3476Kb lim: 200000 exec/s: 374 rss: 412Mb L: 2147/200000 MS: 1 EraseBytes-
#43930	REDUCE cov: 599 ft: 2289 corp: 169/3476Kb lim: 200000 exec/s: 375 rss: 412Mb L: 1367/200000 MS: 3 ChangeBit-ChangeBit-EraseBytes-
#43981	REDUCE cov: 599 ft: 2289 corp: 169/3475Kb lim: 200000 exec/s: 375 rss: 412Mb L: 8711/200000 MS: 1 EraseBytes-
#44215	REDUCE cov: 599 ft: 2289 corp: 169/3475Kb lim: 200000 exec/s: 377 rss: 412Mb L: 3358/200000 MS: 4 ShuffleBytes-ChangeBinInt-ShuffleBytes-EraseBytes-
#44221	REDUCE cov: 599 ft: 2289 corp: 169/3474Kb lim: 200000 exec/s: 377 rss: 412Mb L: 5519/200000 MS: 1 EraseBytes-
#44290	REDUCE cov: 599 ft: 2289 corp: 169/3473Kb lim: 200000 exec/s: 378 rss: 412Mb L: 1710/200000 MS: 4 PersAutoDict-PersAutoDict-ChangeBinInt-EraseBytes- DE: "JZ"-"\001\000IV"-
#44415	REDUCE cov: 599 ft: 2289 corp: 169/3472Kb lim: 200000 exec/s: 376 rss: 412Mb L: 1635/200000 MS: 5 ChangeBit-EraseBytes-PersAutoDict-ChangeBit-CopyPart- DE: "\001\000\000\000\000\000\000\017"-
#44431	REDUCE cov: 599 ft: 2289 corp: 169/3472Kb lim: 200000 exec/s: 376 rss: 412Mb L: 1443/200000 MS: 1 EraseBytes-
#44637	REDUCE cov: 599 ft: 2290 corp: 170/3597Kb lim: 200000 exec/s: 378 rss: 412Mb L: 128130/200000 MS: 1 ShuffleBytes-
#44769	REDUCE cov: 599 ft: 2290 corp: 170/3595Kb lim: 200000 exec/s: 379 rss: 412Mb L: 28349/200000 MS: 2 EraseBytes-CopyPart-
#44816	REDUCE cov: 599 ft: 2290 corp: 170/3595Kb lim: 200000 exec/s: 376 rss: 412Mb L: 1493/200000 MS: 2 ChangeBinInt-EraseBytes-
#44842	REDUCE cov: 599 ft: 2290 corp: 170/3594Kb lim: 200000 exec/s: 376 rss: 412Mb L: 12534/200000 MS: 1 EraseBytes-
#44857	REDUCE cov: 599 ft: 2290 corp: 170/3593Kb lim: 200000 exec/s: 376 rss: 412Mb L: 1465/200000 MS: 5 CrossOver-InsertByte-CopyPart-PersAutoDict-EraseBytes- DE: "lI\000\000"-
#44904	REDUCE cov: 599 ft: 2290 corp: 170/3593Kb lim: 200000 exec/s: 377 rss: 412Mb L: 1397/200000 MS: 2 InsertByte-EraseBytes-
#44925	REDUCE cov: 599 ft: 2290 corp: 170/3592Kb lim: 200000 exec/s: 377 rss: 412Mb L: 2026/200000 MS: 1 EraseBytes-
#44951	REDUCE cov: 599 ft: 2290 corp: 170/3592Kb lim: 200000 exec/s: 377 rss: 412Mb L: 5167/200000 MS: 1 EraseBytes-
#44957	REDUCE cov: 599 ft: 2290 corp: 170/3592Kb lim: 200000 exec/s: 377 rss: 412Mb L: 1966/200000 MS: 1 EraseBytes-
#45013	REDUCE cov: 599 ft: 2290 corp: 170/3588Kb lim: 200000 exec/s: 378 rss: 412Mb L: 7022/200000 MS: 1 CrossOver-
#45284	REDUCE cov: 599 ft: 2290 corp: 170/3588Kb lim: 200000 exec/s: 380 rss: 412Mb L: 1640/200000 MS: 1 EraseBytes-
#45361	REDUCE cov: 599 ft: 2290 corp: 170/3588Kb lim: 200000 exec/s: 381 rss: 412Mb L: 2909/200000 MS: 2 ChangeASCIIInt-EraseBytes-
#45374	REDUCE cov: 599 ft: 2290 corp: 170/3576Kb lim: 200000 exec/s: 381 rss: 412Mb L: 91272/200000 MS: 3 ChangeBinInt-ChangeASCIIInt-EraseBytes-
#45427	NEW    cov: 599 ft: 2325 corp: 171/3577Kb lim: 200000 exec/s: 381 rss: 412Mb L: 1723/200000 MS: 3 ShuffleBytes-ChangeBinInt-CopyPart-
#45464	REDUCE cov: 599 ft: 2325 corp: 171/3574Kb lim: 200000 exec/s: 382 rss: 412Mb L: 8922/200000 MS: 2 InsertByte-EraseBytes-
#45490	REDUCE cov: 599 ft: 2325 corp: 171/3574Kb lim: 200000 exec/s: 379 rss: 412Mb L: 1844/200000 MS: 1 EraseBytes-
#45502	REDUCE cov: 599 ft: 2325 corp: 171/3573Kb lim: 200000 exec/s: 379 rss: 412Mb L: 2009/200000 MS: 2 PersAutoDict-EraseBytes- DE: "\377\377HW"-
#45574	REDUCE cov: 599 ft: 2325 corp: 171/3573Kb lim: 200000 exec/s: 379 rss: 412Mb L: 1754/200000 MS: 2 ChangeByte-EraseBytes-
#45661	REDUCE cov: 599 ft: 2325 corp: 171/3573Kb lim: 200000 exec/s: 380 rss: 412Mb L: 1570/200000 MS: 2 ChangeByte-EraseBytes-
#45686	REDUCE cov: 599 ft: 2325 corp: 171/3573Kb lim: 200000 exec/s: 380 rss: 412Mb L: 1432/200000 MS: 5 ShuffleBytes-ChangeASCIIInt-ChangeASCIIInt-ChangeByte-EraseBytes-
#45779	REDUCE cov: 599 ft: 2325 corp: 171/3571Kb lim: 200000 exec/s: 381 rss: 412Mb L: 4388/200000 MS: 3 ChangeBinInt-ChangeBit-EraseBytes-
#45820	REDUCE cov: 599 ft: 2325 corp: 171/3571Kb lim: 200000 exec/s: 381 rss: 412Mb L: 1574/200000 MS: 1 EraseBytes-
#45843	REDUCE cov: 599 ft: 2325 corp: 171/3563Kb lim: 200000 exec/s: 382 rss: 412Mb L: 37429/200000 MS: 3 ChangeBinInt-InsertRepeatedBytes-EraseBytes-
#45849	REDUCE cov: 599 ft: 2325 corp: 171/3562Kb lim: 200000 exec/s: 382 rss: 412Mb L: 4626/200000 MS: 1 EraseBytes-
#46026	REDUCE cov: 599 ft: 2325 corp: 171/3562Kb lim: 200000 exec/s: 380 rss: 412Mb L: 2865/200000 MS: 2 ChangeASCIIInt-EraseBytes-
#46162	REDUCE cov: 599 ft: 2325 corp: 171/3562Kb lim: 200000 exec/s: 381 rss: 412Mb L: 1413/200000 MS: 1 EraseBytes-
#46209	REDUCE cov: 599 ft: 2325 corp: 171/3562Kb lim: 200000 exec/s: 381 rss: 412Mb L: 1446/200000 MS: 2 ChangeASCIIInt-EraseBytes-
#46221	REDUCE cov: 599 ft: 2325 corp: 171/3561Kb lim: 200000 exec/s: 381 rss: 412Mb L: 1731/200000 MS: 2 ChangeByte-EraseBytes-
#46244	REDUCE cov: 599 ft: 2325 corp: 171/3561Kb lim: 200000 exec/s: 382 rss: 412Mb L: 1395/200000 MS: 3 EraseBytes-ChangeByte-InsertRepeatedBytes-
#46303	REDUCE cov: 599 ft: 2325 corp: 171/3550Kb lim: 200000 exec/s: 382 rss: 412Mb L: 47999/200000 MS: 4 PersAutoDict-ChangeByte-ShuffleBytes-EraseBytes- DE: "lI\000\000"-
#46306	REDUCE cov: 599 ft: 2325 corp: 171/3550Kb lim: 200000 exec/s: 382 rss: 412Mb L: 1835/200000 MS: 3 InsertRepeatedBytes-PersAutoDict-EraseBytes- DE: "\377\377\377\377G %{"-
#46311	REDUCE cov: 599 ft: 2325 corp: 171/3550Kb lim: 200000 exec/s: 382 rss: 412Mb L: 1377/200000 MS: 5 CMP-InsertByte-ChangeBinInt-ShuffleBytes-EraseBytes- DE: "\200\000\000\000"-
#46357	REDUCE cov: 599 ft: 2325 corp: 171/3550Kb lim: 200000 exec/s: 383 rss: 412Mb L: 1643/200000 MS: 1 EraseBytes-
#46422	REDUCE cov: 599 ft: 2325 corp: 171/3549Kb lim: 200000 exec/s: 380 rss: 412Mb L: 11089/200000 MS: 5 ShuffleBytes-CopyPart-ShuffleBytes-CrossOver-CrossOver-
#46637	REDUCE cov: 599 ft: 2325 corp: 171/3548Kb lim: 200000 exec/s: 382 rss: 412Mb L: 90465/200000 MS: 5 ShuffleBytes-ChangeBinInt-ChangeByte-ShuffleBytes-EraseBytes-
#46689	REDUCE cov: 599 ft: 2325 corp: 171/3545Kb lim: 200000 exec/s: 382 rss: 412Mb L: 15275/200000 MS: 2 ShuffleBytes-EraseBytes-
#46691	REDUCE cov: 599 ft: 2325 corp: 171/3539Kb lim: 200000 exec/s: 382 rss: 412Mb L: 22129/200000 MS: 2 ChangeByte-EraseBytes-
#46731	REDUCE cov: 599 ft: 2325 corp: 171/3536Kb lim: 200000 exec/s: 383 rss: 412Mb L: 8970/200000 MS: 5 ChangeASCIIInt-ChangeByte-ChangeASCIIInt-PersAutoDict-EraseBytes- DE: "\340\017\000\000\000\000\000\000"-
#46785	NEW    cov: 599 ft: 2326 corp: 172/3547Kb lim: 200000 exec/s: 383 rss: 412Mb L: 11307/200000 MS: 4 CrossOver-PersAutoDict-ChangeBinInt-InsertByte- DE: "JZ"-
#46984	REDUCE cov: 599 ft: 2326 corp: 172/3547Kb lim: 200000 exec/s: 385 rss: 412Mb L: 1367/200000 MS: 4 ChangeBinInt-EraseBytes-ChangeByte-InsertByte-
#47070	REDUCE cov: 599 ft: 2326 corp: 172/3547Kb lim: 200000 exec/s: 382 rss: 412Mb L: 1422/200000 MS: 1 EraseBytes-
#47146	REDUCE cov: 599 ft: 2328 corp: 173/3549Kb lim: 200000 exec/s: 383 rss: 412Mb L: 1527/200000 MS: 1 ChangeBinInt-
#47168	REDUCE cov: 599 ft: 2328 corp: 173/3543Kb lim: 200000 exec/s: 383 rss: 412Mb L: 5954/200000 MS: 2 InsertByte-EraseBytes-
#47244	REDUCE cov: 599 ft: 2328 corp: 173/3543Kb lim: 200000 exec/s: 384 rss: 412Mb L: 4138/200000 MS: 1 EraseBytes-
#47271	REDUCE cov: 599 ft: 2329 corp: 174/3544Kb lim: 200000 exec/s: 384 rss: 412Mb L: 1527/200000 MS: 2 CopyPart-ShuffleBytes-
#47328	REDUCE cov: 599 ft: 2329 corp: 174/3544Kb lim: 200000 exec/s: 384 rss: 412Mb L: 3696/200000 MS: 2 PersAutoDict-EraseBytes- DE: "PI\000\000"-
#47476	REDUCE cov: 599 ft: 2329 corp: 174/3540Kb lim: 200000 exec/s: 385 rss: 412Mb L: 5574/200000 MS: 3 PersAutoDict-ShuffleBytes-EraseBytes- DE: "\377\377\377\377\377\377\016\355"-
#47479	REDUCE cov: 599 ft: 2329 corp: 174/3540Kb lim: 200000 exec/s: 386 rss: 412Mb L: 3299/200000 MS: 3 PersAutoDict-CopyPart-EraseBytes- DE: "\377\377\377\377\377\377\016\373"-
#47655	REDUCE cov: 599 ft: 2329 corp: 174/3539Kb lim: 200000 exec/s: 384 rss: 412Mb L: 3132/200000 MS: 1 EraseBytes-
#47677	REDUCE cov: 599 ft: 2329 corp: 174/3539Kb lim: 200000 exec/s: 384 rss: 412Mb L: 5510/200000 MS: 2 ChangeByte-EraseBytes-
#47695	REDUCE cov: 599 ft: 2329 corp: 174/3537Kb lim: 200000 exec/s: 384 rss: 412Mb L: 4691/200000 MS: 3 ChangeASCIIInt-ChangeByte-EraseBytes-
#47723	REDUCE cov: 599 ft: 2329 corp: 174/3537Kb lim: 200000 exec/s: 384 rss: 412Mb L: 3689/200000 MS: 3 ChangeASCIIInt-InsertByte-EraseBytes-
#48126	REDUCE cov: 599 ft: 2329 corp: 174/3537Kb lim: 200000 exec/s: 388 rss: 412Mb L: 1380/200000 MS: 3 ChangeBit-EraseBytes-CopyPart-
#48194	REDUCE cov: 599 ft: 2329 corp: 174/3537Kb lim: 200000 exec/s: 388 rss: 412Mb L: 1572/200000 MS: 3 ChangeASCIIInt-ChangeBit-EraseBytes-
#48252	REDUCE cov: 599 ft: 2329 corp: 174/3537Kb lim: 200000 exec/s: 386 rss: 412Mb L: 3081/200000 MS: 3 InsertByte-ChangeASCIIInt-EraseBytes-
#48631	REDUCE cov: 599 ft: 2329 corp: 174/3536Kb lim: 200000 exec/s: 389 rss: 412Mb L: 1806/200000 MS: 4 ShuffleBytes-CrossOver-ShuffleBytes-EraseBytes-
#48665	REDUCE cov: 599 ft: 2329 corp: 174/3536Kb lim: 200000 exec/s: 389 rss: 412Mb L: 1621/200000 MS: 4 InsertRepeatedBytes-ChangeByte-CMP-EraseBytes- DE: "\000\000\000\000\000\000\017\355"-
#48777	REDUCE cov: 599 ft: 2329 corp: 174/3536Kb lim: 200000 exec/s: 387 rss: 412Mb L: 1368/200000 MS: 2 CrossOver-EraseBytes-
#48961	REDUCE cov: 599 ft: 2329 corp: 174/3536Kb lim: 200000 exec/s: 388 rss: 412Mb L: 2986/200000 MS: 4 CopyPart-ChangeBit-ChangeBit-EraseBytes-
#49214	REDUCE cov: 599 ft: 2329 corp: 174/3534Kb lim: 200000 exec/s: 390 rss: 412Mb L: 18570/200000 MS: 3 CMP-ChangeByte-EraseBytes- DE: "\005\000\000\000\000\000\000\000"-
#49285	REDUCE cov: 599 ft: 2332 corp: 175/3543Kb lim: 200000 exec/s: 388 rss: 412Mb L: 8711/200000 MS: 1 ChangeBinInt-
#49351	REDUCE cov: 599 ft: 2332 corp: 175/3508Kb lim: 200000 exec/s: 388 rss: 412Mb L: 92358/200000 MS: 1 EraseBytes-
#49561	REDUCE cov: 599 ft: 2332 corp: 175/3497Kb lim: 200000 exec/s: 390 rss: 412Mb L: 34116/200000 MS: 5 ChangeBit-ChangeBinInt-CMP-InsertByte-EraseBytes- DE: "\344\017\000\000\000\000\000\000"-
#49767	REDUCE cov: 599 ft: 2332 corp: 175/3495Kb lim: 200000 exec/s: 388 rss: 412Mb L: 3891/200000 MS: 1 EraseBytes-
#49845	REDUCE cov: 599 ft: 2332 corp: 175/3494Kb lim: 200000 exec/s: 389 rss: 412Mb L: 15726/200000 MS: 3 PersAutoDict-ChangeBit-EraseBytes- DE: "\177I"-
#50058	REDUCE cov: 599 ft: 2332 corp: 175/3493Kb lim: 200000 exec/s: 391 rss: 412Mb L: 1553/200000 MS: 3 ChangeBinInt-ChangeByte-EraseBytes-
#50179	REDUCE cov: 599 ft: 2332 corp: 175/3493Kb lim: 200000 exec/s: 392 rss: 412Mb L: 14723/200000 MS: 1 EraseBytes-
#50563	REDUCE cov: 599 ft: 2332 corp: 175/3492Kb lim: 200000 exec/s: 391 rss: 412Mb L: 2557/200000 MS: 4 InsertByte-ChangeASCIIInt-ChangeBinInt-EraseBytes-
#50645	REDUCE cov: 599 ft: 2332 corp: 175/3492Kb lim: 200000 exec/s: 392 rss: 412Mb L: 3098/200000 MS: 2 ChangeASCIIInt-EraseBytes-
#50666	REDUCE cov: 599 ft: 2334 corp: 176/3494Kb lim: 200000 exec/s: 392 rss: 412Mb L: 1680/200000 MS: 1 CrossOver-
#50767	REDUCE cov: 599 ft: 2334 corp: 176/3493Kb lim: 200000 exec/s: 393 rss: 412Mb L: 2605/200000 MS: 1 EraseBytes-
#50778	REDUCE cov: 599 ft: 2334 corp: 176/3488Kb lim: 200000 exec/s: 393 rss: 412Mb L: 85833/200000 MS: 1 CrossOver-
#50998	REDUCE cov: 599 ft: 2334 corp: 176/3440Kb lim: 200000 exec/s: 392 rss: 412Mb L: 78839/200000 MS: 5 InsertByte-ChangeByte-CopyPart-ChangeBinInt-CrossOver-
	NEW_FUNC[1/2]: 0x5a5cba769920 in ltx::OrderBook::scan_up(unsigned long) const /home/ubuntu/latencytax/src/engine/order_book.cpp:54
	NEW_FUNC[2/2]: 0x5a5cba76f190 in ltx::OrderBook::remove_resting(unsigned int, ltx::CancelReason, long) /home/ubuntu/latencytax/src/engine/order_book.cpp:261
#51031	REDUCE cov: 650 ft: 2467 corp: 177/3540Kb lim: 200000 exec/s: 392 rss: 412Mb L: 102328/200000 MS: 3 ShuffleBytes-CMP-PersAutoDict- DE: "Ij"-"\000\000\000\000\000\000\017\355"-
#51062	REDUCE cov: 650 ft: 2467 corp: 177/3540Kb lim: 200000 exec/s: 392 rss: 412Mb L: 1510/200000 MS: 1 EraseBytes-
#51184	REDUCE cov: 650 ft: 2467 corp: 177/3536Kb lim: 200000 exec/s: 393 rss: 412Mb L: 9757/200000 MS: 2 CopyPart-EraseBytes-
#51222	REDUCE cov: 650 ft: 2467 corp: 177/3535Kb lim: 200000 exec/s: 394 rss: 412Mb L: 8093/200000 MS: 3 InsertRepeatedBytes-ChangeBinInt-EraseBytes-
#51275	REDUCE cov: 650 ft: 2468 corp: 178/3537Kb lim: 200000 exec/s: 394 rss: 412Mb L: 1681/200000 MS: 3 InsertByte-ChangeASCIIInt-ChangeBinInt-
#51544	REDUCE cov: 650 ft: 2468 corp: 178/3535Kb lim: 200000 exec/s: 393 rss: 412Mb L: 3369/200000 MS: 4 ChangeASCIIInt-InsertByte-InsertByte-EraseBytes-
#51620	REDUCE cov: 650 ft: 2468 corp: 178/3535Kb lim: 200000 exec/s: 394 rss: 412Mb L: 1712/200000 MS: 1 EraseBytes-
#51633	REDUCE cov: 650 ft: 2468 corp: 178/3535Kb lim: 200000 exec/s: 394 rss: 412Mb L: 1443/200000 MS: 3 CrossOver-CrossOver-EraseBytes-
#51694	NEW    cov: 650 ft: 2601 corp: 179/3635Kb lim: 200000 exec/s: 394 rss: 412Mb L: 102369/200000 MS: 1 InsertRepeatedBytes-
#51856	REDUCE cov: 650 ft: 2601 corp: 179/3634Kb lim: 200000 exec/s: 395 rss: 412Mb L: 1791/200000 MS: 2 ChangeASCIIInt-EraseBytes-
#52171	REDUCE cov: 650 ft: 2601 corp: 179/3634Kb lim: 200000 exec/s: 395 rss: 412Mb L: 1794/200000 MS: 5 PersAutoDict-ChangeASCIIInt-PersAutoDict-InsertRepeatedBytes-EraseBytes- DE: "\377\377\377\377\377\377\017\000"-"\000\000\000\000\000\000\020\000"-
#52177	REDUCE cov: 650 ft: 2601 corp: 179/3633Kb lim: 200000 exec/s: 395 rss: 412Mb L: 2687/200000 MS: 1 EraseBytes-
#52184	REDUCE cov: 650 ft: 2601 corp: 179/3587Kb lim: 200000 exec/s: 395 rss: 412Mb L: 55103/200000 MS: 2 ChangeByte-EraseBytes-
#52290	REDUCE cov: 650 ft: 2602 corp: 180/3589Kb lim: 200000 exec/s: 396 rss: 412Mb L: 1510/200000 MS: 1 ChangeBinInt-
#52408	REDUCE cov: 650 ft: 2602 corp: 180/3589Kb lim: 200000 exec/s: 397 rss: 412Mb L: 2139/200000 MS: 3 ChangeBit-InsertRepeatedBytes-EraseBytes-
#52860	REDUCE cov: 650 ft: 2602 corp: 180/3589Kb lim: 200000 exec/s: 397 rss: 412Mb L: 1820/200000 MS: 2 CopyPart-EraseBytes-
#52868	REDUCE cov: 650 ft: 2602 corp: 180/3588Kb lim: 200000 exec/s: 397 rss: 412Mb L: 1654/200000 MS: 3 ChangeBit-ChangeBinInt-EraseBytes-
#52890	REDUCE cov: 650 ft: 2602 corp: 180/3587Kb lim: 200000 exec/s: 397 rss: 412Mb L: 2013/200000 MS: 2 ChangeBinInt-EraseBytes-
#52904	NEW    cov: 650 ft: 2606 corp: 181/3589Kb lim: 200000 exec/s: 397 rss: 412Mb L: 2000/200000 MS: 4 CMP-CMP-CrossOver-ChangeBinInt- DE: "\377\377r\346\344\252\312W"-"\377\377\377\016"-
#52955	REDUCE cov: 650 ft: 2606 corp: 181/3588Kb lim: 200000 exec/s: 398 rss: 412Mb L: 3222/200000 MS: 1 EraseBytes-
#53101	NEW    cov: 650 ft: 2629 corp: 182/3672Kb lim: 200000 exec/s: 396 rss: 412Mb L: 86806/200000 MS: 1 EraseBytes-
#53144	REDUCE cov: 651 ft: 2630 corp: 183/3677Kb lim: 200000 exec/s: 396 rss: 412Mb L: 5153/200000 MS: 3 PersAutoDict-ChangeBinInt-CopyPart- DE: "Ij"-
#53175	REDUCE cov: 651 ft: 2630 corp: 183/3676Kb lim: 200000 exec/s: 396 rss: 412Mb L: 3239/200000 MS: 1 EraseBytes-
#53381	NEW    cov: 651 ft: 2722 corp: 184/3775Kb lim: 200000 exec/s: 398 rss: 412Mb L: 102328/200000 MS: 1 CopyPart-
#53447	NEW    cov: 651 ft: 2746 corp: 185/3861Kb lim: 200000 exec/s: 398 rss: 412Mb L: 87704/200000 MS: 1 EraseBytes-
#53494	REDUCE cov: 651 ft: 2746 corp: 185/3861Kb lim: 200000 exec/s: 399 rss: 412Mb L: 4229/200000 MS: 2 ChangeBit-EraseBytes-
#53725	REDUCE cov: 651 ft: 2746 corp: 185/3861Kb lim: 200000 exec/s: 397 rss: 412Mb L: 1430/200000 MS: 1 EraseBytes-
#53843	REDUCE cov: 651 ft: 2746 corp: 185/3861Kb lim: 200000 exec/s: 398 rss: 412Mb L: 1654/200000 MS: 3 ChangeByte-PersAutoDict-EraseBytes- DE: "nI\000\000"-
#53912	NEW    cov: 651 ft: 2772 corp: 186/3961Kb lim: 200000 exec/s: 399 rss: 412Mb L: 102425/200000 MS: 4 InsertByte-ChangeBinInt-CopyPart-InsertRepeatedBytes-
#53915	NEW    cov: 651 ft: 2799 corp: 187/4047Kb lim: 200000 exec/s: 399 rss: 412Mb L: 89024/200000 MS: 3 ChangeBit-ChangeBit-CrossOver-
#53919	REDUCE cov: 651 ft: 2799 corp: 187/4047Kb lim: 200000 exec/s: 399 rss: 412Mb L: 2600/200000 MS: 4 CMP-ChangeASCIIInt-ChangeBit-EraseBytes- DE: "\001\000\000\200"-
#53935	REDUCE cov: 651 ft: 2799 corp: 187/4047Kb lim: 200000 exec/s: 399 rss: 412Mb L: 1379/200000 MS: 1 EraseBytes-
#53942	REDUCE cov: 651 ft: 2799 corp: 187/4047Kb lim: 200000 exec/s: 399 rss: 412Mb L: 1557/200000 MS: 2 ChangeByte-EraseBytes-
#53958	REDUCE cov: 651 ft: 2799 corp: 187/4022Kb lim: 200000 exec/s: 399 rss: 412Mb L: 61751/200000 MS: 1 EraseBytes-
#53990	NEW    cov: 651 ft: 2802 corp: 188/4193Kb lim: 200000 exec/s: 399 rss: 412Mb L: 175133/200000 MS: 2 CopyPart-InsertByte-
#54113	NEW    cov: 651 ft: 2814 corp: 189/4293Kb lim: 200000 exec/s: 400 rss: 412Mb L: 102368/200000 MS: 3 InsertRepeatedBytes-PersAutoDict-CrossOver- DE: "\377\377\377\377G %{"-
#54351	REDUCE cov: 651 ft: 2814 corp: 189/4293Kb lim: 200000 exec/s: 399 rss: 412Mb L: 2023/200000 MS: 3 ChangeBit-ChangeBinInt-EraseBytes-
#54360	REDUCE cov: 651 ft: 2814 corp: 189/4293Kb lim: 200000 exec/s: 399 rss: 412Mb L: 1519/200000 MS: 4 InsertRepeatedBytes-CMP-PersAutoDict-EraseBytes- DE: "\000\000\000\012"-"\001\000\020\000"-
#54392	REDUCE cov: 651 ft: 2814 corp: 189/4283Kb lim: 200000 exec/s: 399 rss: 412Mb L: 92247/200000 MS: 2 InsertRepeatedBytes-CrossOver-
#54455	REDUCE cov: 651 ft: 2814 corp: 189/4281Kb lim: 200000 exec/s: 400 rss: 412Mb L: 31884/200000 MS: 3 ChangeBit-ShuffleBytes-EraseBytes-
#54540	REDUCE cov: 651 ft: 2814 corp: 189/4236Kb lim: 200000 exec/s: 401 rss: 412Mb L: 56463/200000 MS: 5 ChangeByte-CopyPart-ChangeASCIIInt-EraseBytes-InsertRepeatedBytes-
#54644	REDUCE cov: 651 ft: 2814 corp: 189/4235Kb lim: 200000 exec/s: 401 rss: 412Mb L: 2399/200000 MS: 4 ChangeASCIIInt-ChangeBinInt-CrossOver-EraseBytes-
#54703	NEW    cov: 651 ft: 2838 corp: 190/4335Kb lim: 200000 exec/s: 399 rss: 412Mb L: 102427/200000 MS: 4 ShuffleBytes-InsertByte-ChangeASCIIInt-InsertByte-
#54725	NEW    cov: 651 ft: 2856 corp: 191/4435Kb lim: 200000 exec/s: 399 rss: 412Mb L: 102431/200000 MS: 2 ChangeASCIIInt-InsertRepeatedBytes-
#54768	REDUCE cov: 651 ft: 2856 corp: 191/4435Kb lim: 200000 exec/s: 399 rss: 412Mb L: 1655/200000 MS: 3 PersAutoDict-ChangeASCIIInt-EraseBytes- DE: "JZ"-
#54919	REDUCE cov: 651 ft: 2856 corp: 191/4404Kb lim: 200000 exec/s: 400 rss: 412Mb L: 59913/200000 MS: 1 EraseBytes-
#54947	REDUCE cov: 651 ft: 2856 corp: 191/4376Kb lim: 200000 exec/s: 401 rss: 412Mb L: 33223/200000 MS: 3 ChangeASCIIInt-ChangeBit-EraseBytes-
#54983	REDUCE cov: 651 ft: 2856 corp: 191/4356Kb lim: 200000 exec/s: 401 rss: 412Mb L: 154840/200000 MS: 1 EraseBytes-
#55039	REDUCE cov: 651 ft: 2856 corp: 191/4351Kb lim: 200000 exec/s: 401 rss: 412Mb L: 30637/200000 MS: 1 EraseBytes-
#55069	NEW    cov: 653 ft: 2858 corp: 192/4426Kb lim: 200000 exec/s: 401 rss: 412Mb L: 77003/200000 MS: 5 InsertRepeatedBytes-InsertRepeatedBytes-CrossOver-EraseBytes-ChangeASCIIInt-
#55140	NEW    cov: 653 ft: 2860 corp: 193/4506Kb lim: 200000 exec/s: 402 rss: 412Mb L: 82174/200000 MS: 1 EraseBytes-
#55193	REDUCE cov: 653 ft: 2860 corp: 193/4472Kb lim: 200000 exec/s: 399 rss: 412Mb L: 41357/200000 MS: 3 ChangeByte-ChangeBit-EraseBytes-
#55311	REDUCE cov: 653 ft: 2860 corp: 193/4445Kb lim: 200000 exec/s: 400 rss: 412Mb L: 28396/200000 MS: 3 PersAutoDict-ChangeBinInt-EraseBytes- DE: "Hy"-
#55347	REDUCE cov: 653 ft: 2875 corp: 194/4468Kb lim: 200000 exec/s: 401 rss: 412Mb L: 22954/200000 MS: 1 EraseBytes-
#55353	REDUCE cov: 660 ft: 2882 corp: 195/4470Kb lim: 200000 exec/s: 401 rss: 412Mb L: 2605/200000 MS: 1 PersAutoDict- DE: "\001\000\000\000\000\000\020\000"-
#55354	REDUCE cov: 660 ft: 2882 corp: 195/4469Kb lim: 200000 exec/s: 401 rss: 412Mb L: 1883/200000 MS: 1 EraseBytes-
#55610	NEW    cov: 662 ft: 2884 corp: 196/4569Kb lim: 200000 exec/s: 402 rss: 412Mb L: 102328/200000 MS: 1 ChangeBit-
#55632	REDUCE cov: 662 ft: 2884 corp: 196/4565Kb lim: 200000 exec/s: 403 rss: 412Mb L: 29221/200000 MS: 2 CrossOver-EraseBytes-
#55685	NEW    cov: 662 ft: 2895 corp: 197/4665Kb lim: 200000 exec/s: 403 rss: 412Mb L: 102456/200000 MS: 3 ChangeBit-ChangeBinInt-InsertRepeatedBytes-
#55740	NEW    cov: 662 ft: 2897 corp: 198/4784Kb lim: 200000 exec/s: 401 rss: 412Mb L: 121591/200000 MS: 5 ShuffleBytes-CMP-ChangeBinInt-InsertByte-CopyPart- DE: "\377\377\377\377"-
#55747	REDUCE cov: 662 ft: 2897 corp: 198/4783Kb lim: 200000 exec/s: 401 rss: 412Mb L: 4269/200000 MS: 2 ShuffleBytes-EraseBytes-
#55752	REDUCE cov: 662 ft: 2897 corp: 198/4783Kb lim: 200000 exec/s: 401 rss: 412Mb L: 2277/200000 MS: 5 InsertByte-CMP-InsertRepeatedBytes-ChangeASCIIInt-EraseBytes- DE: "\377\377\377\377"-
#55758	REDUCE cov: 662 ft: 2897 corp: 198/4783Kb lim: 200000 exec/s: 401 rss: 412Mb L: 1591/200000 MS: 1 EraseBytes-
#55790	REDUCE cov: 662 ft: 2897 corp: 198/4782Kb lim: 200000 exec/s: 401 rss: 412Mb L: 1726/200000 MS: 2 ChangeBit-EraseBytes-
#55942	REDUCE cov: 662 ft: 2897 corp: 198/4782Kb lim: 200000 exec/s: 402 rss: 412Mb L: 1486/200000 MS: 2 InsertRepeatedBytes-EraseBytes-
#55944	REDUCE cov: 662 ft: 2897 corp: 198/4763Kb lim: 200000 exec/s: 402 rss: 412Mb L: 41035/200000 MS: 2 PersAutoDict-EraseBytes- DE: "\000\000\000\000\000\000\017\355"-
#56016	REDUCE cov: 662 ft: 2897 corp: 198/4762Kb lim: 200000 exec/s: 402 rss: 412Mb L: 80833/200000 MS: 2 ChangeBinInt-EraseBytes-
#56202	REDUCE cov: 662 ft: 2897 corp: 198/4743Kb lim: 200000 exec/s: 404 rss: 412Mb L: 36670/200000 MS: 1 EraseBytes-
#56339	REDUCE cov: 662 ft: 2898 corp: 199/4771Kb lim: 200000 exec/s: 402 rss: 412Mb L: 28397/200000 MS: 2 PersAutoDict-InsertByte- DE: "\377\377\377\377G %{"-
#56487	REDUCE cov: 662 ft: 2898 corp: 199/4747Kb lim: 200000 exec/s: 403 rss: 412Mb L: 131179/200000 MS: 3 ShuffleBytes-ShuffleBytes-EraseBytes-
#56490	NEW    cov: 662 ft: 2916 corp: 200/4775Kb lim: 200000 exec/s: 403 rss: 412Mb L: 28506/200000 MS: 3 ChangeByte-InsertRepeatedBytes-CMP- DE: "\005\000\000\000"-
#56583	REDUCE cov: 662 ft: 2916 corp: 200/4771Kb lim: 200000 exec/s: 404 rss: 412Mb L: 117211/200000 MS: 3 InsertByte-CopyPart-EraseBytes-
#56604	REDUCE cov: 662 ft: 2916 corp: 200/4764Kb lim: 200000 exec/s: 404 rss: 412Mb L: 95731/200000 MS: 1 EraseBytes-
#56630	NEW    cov: 662 ft: 2918 corp: 201/4787Kb lim: 200000 exec/s: 404 rss: 412Mb L: 22717/200000 MS: 1 EraseBytes-
#56646	REDUCE cov: 662 ft: 2918 corp: 201/4783Kb lim: 200000 exec/s: 404 rss: 412Mb L: 91978/200000 MS: 1 EraseBytes-
#56663	REDUCE cov: 662 ft: 2918 corp: 201/4783Kb lim: 200000 exec/s: 404 rss: 412Mb L: 1676/200000 MS: 2 ChangeBinInt-EraseBytes-
#56754	NEW    cov: 671 ft: 2929 corp: 202/4883Kb lim: 200000 exec/s: 402 rss: 412Mb L: 102328/200000 MS: 1 ChangeBinInt-
#56791	REDUCE cov: 671 ft: 2929 corp: 202/4873Kb lim: 200000 exec/s: 402 rss: 412Mb L: 76076/200000 MS: 2 CMP-EraseBytes- DE: "\254\316\226\344\246s\000\000"-
#56856	REDUCE cov: 671 ft: 2929 corp: 202/4846Kb lim: 200000 exec/s: 403 rss: 412Mb L: 48352/200000 MS: 5 InsertByte-InsertByte-ChangeByte-ShuffleBytes-EraseBytes-
#56857	REDUCE cov: 671 ft: 2929 corp: 202/4846Kb lim: 200000 exec/s: 403 rss: 412Mb L: 1399/200000 MS: 1 EraseBytes-
#56893	REDUCE cov: 671 ft: 2929 corp: 202/4846Kb lim: 200000 exec/s: 403 rss: 412Mb L: 1448/200000 MS: 1 EraseBytes-
#56909	REDUCE cov: 671 ft: 2929 corp: 202/4846Kb lim: 200000 exec/s: 403 rss: 412Mb L: 1675/200000 MS: 1 EraseBytes-
#57020	REDUCE cov: 671 ft: 2929 corp: 202/4845Kb lim: 200000 exec/s: 404 rss: 412Mb L: 1383/200000 MS: 1 EraseBytes-
#57297	REDUCE cov: 671 ft: 2929 corp: 202/4815Kb lim: 200000 exec/s: 403 rss: 415Mb L: 43077/200000 MS: 2 InsertByte-EraseBytes-
#57364	REDUCE cov: 671 ft: 2929 corp: 202/4815Kb lim: 200000 exec/s: 403 rss: 415Mb L: 1796/200000 MS: 2 ChangeASCIIInt-EraseBytes-
#57429	REDUCE cov: 671 ft: 2929 corp: 202/4814Kb lim: 200000 exec/s: 404 rss: 415Mb L: 12574/200000 MS: 5 ChangeBinInt-ChangeASCIIInt-CopyPart-ChangeASCIIInt-EraseBytes-
#57506	REDUCE cov: 671 ft: 2929 corp: 202/4814Kb lim: 200000 exec/s: 404 rss: 415Mb L: 1476/200000 MS: 2 InsertRepeatedBytes-EraseBytes-
#57550	REDUCE cov: 671 ft: 2929 corp: 202/4802Kb lim: 200000 exec/s: 405 rss: 415Mb L: 75902/200000 MS: 4 InsertByte-InsertRepeatedBytes-InsertByte-EraseBytes-
#57627	REDUCE cov: 671 ft: 2929 corp: 202/4801Kb lim: 200000 exec/s: 405 rss: 415Mb L: 130052/200000 MS: 2 CMP-EraseBytes- DE: "\361\017\000\000\000\000\000\000"-
#57669	NEW    cov: 671 ft: 2940 corp: 203/4900Kb lim: 200000 exec/s: 406 rss: 415Mb L: 102329/200000 MS: 2 ChangeASCIIInt-InsertByte-
#57747	REDUCE cov: 671 ft: 2940 corp: 203/4897Kb lim: 200000 exec/s: 406 rss: 415Mb L: 99218/200000 MS: 3 InsertRepeatedBytes-InsertByte-EraseBytes-
#57895	REDUCE cov: 671 ft: 2940 corp: 203/4897Kb lim: 200000 exec/s: 404 rss: 415Mb L: 1411/200000 MS: 3 InsertRepeatedBytes-ChangeASCIIInt-EraseBytes-
#57920	REDUCE cov: 671 ft: 2940 corp: 203/4897Kb lim: 200000 exec/s: 405 rss: 415Mb L: 1931/200000 MS: 5 CopyPart-ChangeASCIIInt-InsertByte-ShuffleBytes-EraseBytes-
#57987	NEW    cov: 671 ft: 2941 corp: 204/5016Kb lim: 200000 exec/s: 405 rss: 415Mb L: 122613/200000 MS: 2 InsertByte-CopyPart-
#58019	REDUCE cov: 671 ft: 2941 corp: 204/5016Kb lim: 200000 exec/s: 405 rss: 415Mb L: 2955/200000 MS: 2 ChangeBit-EraseBytes-
#58030	REDUCE cov: 671 ft: 2941 corp: 204/5016Kb lim: 200000 exec/s: 405 rss: 415Mb L: 1647/200000 MS: 1 EraseBytes-
#58064	REDUCE cov: 671 ft: 2941 corp: 204/5016Kb lim: 200000 exec/s: 406 rss: 415Mb L: 1367/200000 MS: 4 PersAutoDict-PersAutoDict-ShuffleBytes-EraseBytes- DE: "\016\000\000\000\000\000\000\000"-"\000\000\000\000\000\000\017\373"-
#58116	REDUCE cov: 671 ft: 2941 corp: 204/5015Kb lim: 200000 exec/s: 406 rss: 415Mb L: 27325/200000 MS: 2 CrossOver-EraseBytes-
#58187	REDUCE cov: 671 ft: 2941 corp: 204/4987Kb lim: 200000 exec/s: 406 rss: 415Mb L: 73702/200000 MS: 1 EraseBytes-
#58189	REDUCE cov: 671 ft: 2941 corp: 204/4961Kb lim: 200000 exec/s: 406 rss: 415Mb L: 49763/200000 MS: 2 ChangeBinInt-EraseBytes-
#58215	REDUCE cov: 671 ft: 2941 corp: 204/4926Kb lim: 200000 exec/s: 407 rss: 415Mb L: 66649/200000 MS: 1 EraseBytes-
#58229	REDUCE cov: 671 ft: 2941 corp: 204/4905Kb lim: 200000 exec/s: 407 rss: 415Mb L: 95892/200000 MS: 4 InsertByte-ChangeBinInt-InsertRepeatedBytes-EraseBytes-
#58375	REDUCE cov: 671 ft: 2941 corp: 204/4903Kb lim: 200000 exec/s: 405 rss: 415Mb L: 36717/200000 MS: 1 EraseBytes-
#58501	REDUCE cov: 671 ft: 2941 corp: 204/4893Kb lim: 200000 exec/s: 406 rss: 415Mb L: 18915/200000 MS: 1 EraseBytes-
#58607	REDUCE cov: 671 ft: 2943 corp: 205/4965Kb lim: 200000 exec/s: 406 rss: 415Mb L: 73702/200000 MS: 1 ChangeBit-
#58651	REDUCE cov: 671 ft: 2944 corp: 206/4968Kb lim: 200000 exec/s: 407 rss: 415Mb L: 2557/200000 MS: 4 ChangeASCIIInt-ShuffleBytes-ChangeByte-CopyPart-
#58870	REDUCE cov: 671 ft: 2944 corp: 206/4968Kb lim: 200000 exec/s: 406 rss: 415Mb L: 1440/200000 MS: 4 PersAutoDict-ChangeBinInt-PersAutoDict-EraseBytes- DE: "\000\000\000\012"-"\001\000\000\000\000\000\005["-
#58902	REDUCE cov: 671 ft: 2944 corp: 206/4958Kb lim: 200000 exec/s: 406 rss: 415Mb L: 19051/200000 MS: 2 CopyPart-EraseBytes-
#58970	REDUCE cov: 671 ft: 2944 corp: 206/4924Kb lim: 200000 exec/s: 406 rss: 415Mb L: 87928/200000 MS: 3 CrossOver-ChangeBinInt-EraseBytes-
#59051	NEW    cov: 672 ft: 2945 corp: 207/5024Kb lim: 200000 exec/s: 407 rss: 415Mb L: 102328/200000 MS: 1 CopyPart-
#59057	REDUCE cov: 672 ft: 2945 corp: 207/5006Kb lim: 200000 exec/s: 407 rss: 415Mb L: 29889/200000 MS: 1 EraseBytes-
#59489	REDUCE cov: 672 ft: 2945 corp: 207/4990Kb lim: 200000 exec/s: 407 rss: 415Mb L: 26836/200000 MS: 2 ShuffleBytes-EraseBytes-
#59526	NEW    cov: 672 ft: 2959 corp: 208/5090Kb lim: 200000 exec/s: 407 rss: 415Mb L: 102328/200000 MS: 2 ChangeASCIIInt-ShuffleBytes-
#59653	REDUCE cov: 672 ft: 2959 corp: 208/5083Kb lim: 200000 exec/s: 405 rss: 415Mb L: 92455/200000 MS: 2 CopyPart-EraseBytes-
#59669	REDUCE cov: 672 ft: 2959 corp: 208/5082Kb lim: 200000 exec/s: 405 rss: 415Mb L: 95002/200000 MS: 1 EraseBytes-
#59741	REDUCE cov: 672 ft: 2959 corp: 208/5082Kb lim: 200000 exec/s: 406 rss: 415Mb L: 1467/200000 MS: 2 ChangeBinInt-EraseBytes-
#59786	REDUCE cov: 672 ft: 2959 corp: 208/5081Kb lim: 200000 exec/s: 406 rss: 415Mb L: 14262/200000 MS: 5 ChangeASCIIInt-ChangeBit-ChangeBinInt-ShuffleBytes-EraseBytes-
#59803	REDUCE cov: 672 ft: 2962 corp: 209/5083Kb lim: 200000 exec/s: 406 rss: 415Mb L: 2023/200000 MS: 2 ChangeBinInt-ShuffleBytes-
#59888	REDUCE cov: 672 ft: 2962 corp: 209/5075Kb lim: 200000 exec/s: 407 rss: 415Mb L: 19139/200000 MS: 5 CMP-ShuffleBytes-InsertRepeatedBytes-CopyPart-EraseBytes- DE: "\000\000\000\000\000\000\017\366"-
#60177	REDUCE cov: 672 ft: 2962 corp: 209/5075Kb lim: 200000 exec/s: 409 rss: 415Mb L: 1396/200000 MS: 4 ChangeBit-ChangeBit-InsertRepeatedBytes-EraseBytes-
#60271	REDUCE cov: 672 ft: 2962 corp: 209/5073Kb lim: 200000 exec/s: 407 rss: 415Mb L: 21009/200000 MS: 4 ChangeASCIIInt-CopyPart-ChangeBit-EraseBytes-
#60584	REDUCE cov: 672 ft: 2962 corp: 209/5047Kb lim: 200000 exec/s: 409 rss: 415Mb L: 39870/200000 MS: 3 CMP-PersAutoDict-EraseBytes- DE: "\001\000\000\000\000\000\017\364"-"\000\000\000\000\000\000\017\355"-
#60601	REDUCE cov: 672 ft: 2962 corp: 209/5035Kb lim: 200000 exec/s: 406 rss: 415Mb L: 68784/200000 MS: 2 ChangeByte-EraseBytes-
#60606	REDUCE cov: 672 ft: 2964 corp: 210/5151Kb lim: 200000 exec/s: 406 rss: 415Mb L: 118041/200000 MS: 5 ShuffleBytes-CopyPart-ShuffleBytes-CopyPart-CrossOver-
#60620	REDUCE cov: 672 ft: 2972 corp: 211/5236Kb lim: 200000 exec/s: 406 rss: 415Mb L: 86935/200000 MS: 4 ChangeBit-InsertByte-InsertByte-EraseBytes-
#60742	REDUCE cov: 672 ft: 2972 corp: 211/5235Kb lim: 200000 exec/s: 407 rss: 415Mb L: 1401/200000 MS: 2 ChangeBinInt-EraseBytes-
#60774	REDUCE cov: 672 ft: 2972 corp: 211/5207Kb lim: 200000 exec/s: 407 rss: 415Mb L: 58317/200000 MS: 2 ChangeBinInt-EraseBytes-
#60852	REDUCE cov: 672 ft: 2972 corp: 211/5187Kb lim: 200000 exec/s: 408 rss: 415Mb L: 72912/200000 MS: 3 ChangeBit-PersAutoDict-EraseBytes- DE: "\005\000\000\000\000\000\000\000"-
#60868	REDUCE cov: 672 ft: 2972 corp: 211/5153Kb lim: 200000 exec/s: 408 rss: 415Mb L: 67344/200000 MS: 1 EraseBytes-
#60908	REDUCE cov: 672 ft: 2972 corp: 211/5134Kb lim: 200000 exec/s: 408 rss: 415Mb L: 67017/200000 MS: 5 InsertByte-ChangeByte-CrossOver-PersAutoDict-EraseBytes- DE: "\342\017\000\000\000\000\000\000"-
#61033	REDUCE cov: 672 ft: 2972 corp: 211/5098Kb lim: 200000 exec/s: 409 rss: 415Mb L: 55330/200000 MS: 5 PersAutoDict-InsertByte-ChangeBit-InsertByte-EraseBytes- DE: "\373\017\000\000\000\000\000\000"-
#61069	REDUCE cov: 672 ft: 2972 corp: 211/5069Kb lim: 200000 exec/s: 407 rss: 415Mb L: 72869/200000 MS: 1 EraseBytes-
#61121	REDUCE cov: 672 ft: 2972 corp: 211/5056Kb lim: 200000 exec/s: 407 rss: 415Mb L: 26539/200000 MS: 2 ChangeByte-EraseBytes-
#61228	REDUCE cov: 672 ft: 2972 corp: 211/5056Kb lim: 200000 exec/s: 408 rss: 415Mb L: 1449/200000 MS: 2 ChangeByte-EraseBytes-
#61338	REDUCE cov: 672 ft: 2973 corp: 212/5123Kb lim: 200000 exec/s: 408 rss: 415Mb L: 68800/200000 MS: 5 CMP-ChangeByte-ChangeByte-ChangeBit-InsertRepeatedBytes- DE: "\001\000"-
#61435	REDUCE cov: 672 ft: 2973 corp: 212/5123Kb lim: 200000 exec/s: 406 rss: 415Mb L: 1627/200000 MS: 2 ChangeASCIIInt-EraseBytes-
#61486	REDUCE cov: 672 ft: 2973 corp: 212/5116Kb lim: 200000 exec/s: 407 rss: 415Mb L: 12063/200000 MS: 1 EraseBytes-
#61526	REDUCE cov: 672 ft: 2973 corp: 212/5113Kb lim: 200000 exec/s: 407 rss: 415Mb L: 11552/200000 MS: 5 ChangeASCIIInt-CrossOver-InsertRepeatedBytes-ChangeBit-EraseBytes-
#61598	REDUCE cov: 672 ft: 2973 corp: 212/5110Kb lim: 200000 exec/s: 407 rss: 415Mb L: 51570/200000 MS: 2 ChangeBit-CrossOver-
#61656	REDUCE cov: 672 ft: 2973 corp: 212/5109Kb lim: 200000 exec/s: 408 rss: 415Mb L: 5059/200000 MS: 3 ChangeBinInt-ChangeASCIIInt-EraseBytes-
#61701	NEW    cov: 672 ft: 2974 corp: 213/5111Kb lim: 200000 exec/s: 408 rss: 415Mb L: 1559/200000 MS: 5 CopyPart-InsertByte-ChangeASCIIInt-ChangeByte-CMP- DE: "\373\017\000\000\000\000\000\000"-
#61817	REDUCE cov: 672 ft: 2974 corp: 213/5107Kb lim: 200000 exec/s: 409 rss: 415Mb L: 22740/200000 MS: 1 EraseBytes-
#61858	REDUCE cov: 672 ft: 2974 corp: 213/5107Kb lim: 200000 exec/s: 409 rss: 415Mb L: 1406/200000 MS: 1 EraseBytes-
#61929	NEW    cov: 672 ft: 2975 corp: 214/5207Kb lim: 200000 exec/s: 410 rss: 415Mb L: 102328/200000 MS: 1 CopyPart-
#61948	REDUCE cov: 672 ft: 2977 corp: 215/5273Kb lim: 200000 exec/s: 407 rss: 415Mb L: 67345/200000 MS: 4 ShuffleBytes-ChangeASCIIInt-InsertByte-ChangeBinInt-
#61987	REDUCE cov: 672 ft: 2977 corp: 215/5272Kb lim: 200000 exec/s: 407 rss: 415Mb L: 72259/200000 MS: 4 ChangeBinInt-InsertRepeatedBytes-InsertByte-EraseBytes-
#62041	REDUCE cov: 672 ft: 2977 corp: 215/5271Kb lim: 200000 exec/s: 408 rss: 415Mb L: 18008/200000 MS: 4 ShuffleBytes-ShuffleBytes-ChangeBinInt-EraseBytes-
#62129	REDUCE cov: 672 ft: 2977 corp: 215/5268Kb lim: 200000 exec/s: 408 rss: 415Mb L: 17426/200000 MS: 3 ChangeBit-ChangeASCIIInt-EraseBytes-
#62196	REDUCE cov: 672 ft: 2977 corp: 215/5268Kb lim: 200000 exec/s: 409 rss: 415Mb L: 2436/200000 MS: 2 InsertByte-EraseBytes-
#62284	REDUCE cov: 672 ft: 2977 corp: 215/5268Kb lim: 200000 exec/s: 409 rss: 415Mb L: 1405/200000 MS: 3 ChangeBinInt-ChangeBinInt-EraseBytes-
#62331	REDUCE cov: 672 ft: 2977 corp: 215/5237Kb lim: 200000 exec/s: 410 rss: 415Mb L: 98551/200000 MS: 2 InsertByte-EraseBytes-
#62355	REDUCE cov: 672 ft: 2988 corp: 216/5259Kb lim: 200000 exec/s: 410 rss: 415Mb L: 22824/200000 MS: 4 ChangeBinInt-InsertRepeatedBytes-ChangeASCIIInt-ChangeByte-
#62493	REDUCE cov: 672 ft: 2988 corp: 216/5255Kb lim: 200000 exec/s: 408 rss: 415Mb L: 113711/200000 MS: 3 ChangeASCIIInt-ChangeBinInt-CrossOver-
#62523	REDUCE cov: 672 ft: 2988 corp: 216/5252Kb lim: 200000 exec/s: 408 rss: 415Mb L: 20232/200000 MS: 5 CopyPart-PersAutoDict-PersAutoDict-ChangeBinInt-EraseBytes- DE: "\377\377\377\377\377\377\016\372"-"\254\316\226\344\246s\000\000"-
#62642	REDUCE cov: 672 ft: 2988 corp: 216/5252Kb lim: 200000 exec/s: 409 rss: 415Mb L: 1553/200000 MS: 4 ChangeASCIIInt-ChangeBinInt-ChangeBit-EraseBytes-
#62798	REDUCE cov: 672 ft: 2988 corp: 216/5245Kb lim: 200000 exec/s: 410 rss: 415Mb L: 33291/200000 MS: 1 EraseBytes-
#62856	REDUCE cov: 672 ft: 2988 corp: 216/5230Kb lim: 200000 exec/s: 410 rss: 415Mb L: 43655/200000 MS: 3 ChangeASCIIInt-InsertByte-EraseBytes-
#62895	REDUCE cov: 672 ft: 2988 corp: 216/5216Kb lim: 200000 exec/s: 411 rss: 415Mb L: 22430/200000 MS: 4 ChangeBit-ChangeBinInt-InsertRepeatedBytes-EraseBytes-
#62917	REDUCE cov: 672 ft: 2988 corp: 216/5206Kb lim: 200000 exec/s: 411 rss: 415Mb L: 61201/200000 MS: 2 CrossOver-EraseBytes-
#62999	REDUCE cov: 672 ft: 2988 corp: 216/5204Kb lim: 200000 exec/s: 411 rss: 415Mb L: 9703/200000 MS: 2 ChangeASCIIInt-CrossOver-
#63125	REDUCE cov: 672 ft: 2988 corp: 216/5173Kb lim: 200000 exec/s: 409 rss: 415Mb L: 66457/200000 MS: 1 EraseBytes-
#63391	REDUCE cov: 672 ft: 2989 corp: 217/5205Kb lim: 200000 exec/s: 411 rss: 415Mb L: 33291/200000 MS: 1 PersAutoDict- DE: "\000\000\000\000\000\000\017\366"-
#63463	REDUCE cov: 672 ft: 2989 corp: 217/5205Kb lim: 200000 exec/s: 412 rss: 415Mb L: 1459/200000 MS: 2 CopyPart-EraseBytes-
#63547	REDUCE cov: 672 ft: 2989 corp: 217/5194Kb lim: 200000 exec/s: 409 rss: 415Mb L: 38551/200000 MS: 4 ChangeBit-ChangeBinInt-ChangeBinInt-EraseBytes-
#63553	REDUCE cov: 672 ft: 2989 corp: 217/5194Kb lim: 200000 exec/s: 410 rss: 415Mb L: 1786/200000 MS: 1 EraseBytes-
#63584	REDUCE cov: 672 ft: 2989 corp: 217/5179Kb lim: 200000 exec/s: 410 rss: 415Mb L: 53693/200000 MS: 1 EraseBytes-
#63620	REDUCE cov: 672 ft: 2989 corp: 217/5166Kb lim: 200000 exec/s: 410 rss: 415Mb L: 161768/200000 MS: 1 EraseBytes-
#63621	NEW    cov: 672 ft: 2990 corp: 218/5266Kb lim: 200000 exec/s: 410 rss: 415Mb L: 102328/200000 MS: 1 ShuffleBytes-
#63664	REDUCE cov: 672 ft: 2990 corp: 218/5229Kb lim: 200000 exec/s: 410 rss: 415Mb L: 75299/200000 MS: 3 ShuffleBytes-ChangeByte-CrossOver-
#63908	REDUCE cov: 672 ft: 2990 corp: 218/5213Kb lim: 200000 exec/s: 412 rss: 415Mb L: 51508/200000 MS: 4 ChangeASCIIInt-ChangeByte-CopyPart-EraseBytes-
#63935	REDUCE cov: 672 ft: 2991 corp: 219/5215Kb lim: 200000 exec/s: 412 rss: 415Mb L: 1383/200000 MS: 2 ChangeASCIIInt-ChangeByte-
#63961	REDUCE cov: 672 ft: 2991 corp: 219/5215Kb lim: 200000 exec/s: 412 rss: 415Mb L: 1531/200000 MS: 1 EraseBytes-
#63971	REDUCE cov: 672 ft: 2991 corp: 219/5201Kb lim: 200000 exec/s: 410 rss: 415Mb L: 24405/200000 MS: 5 ChangeByte-ShuffleBytes-InsertRepeatedBytes-ChangeBit-EraseBytes-
#64055	REDUCE cov: 672 ft: 2991 corp: 219/5200Kb lim: 200000 exec/s: 410 rss: 415Mb L: 1707/200000 MS: 4 PersAutoDict-ChangeByte-ChangeBinInt-EraseBytes- DE: "nI\000\000"-
#64063	REDUCE cov: 672 ft: 2992 corp: 220/5208Kb lim: 200000 exec/s: 410 rss: 415Mb L: 7667/200000 MS: 3 ChangeByte-ChangeBinInt-CrossOver-
#64133	REDUCE cov: 672 ft: 2992 corp: 220/5206Kb lim: 200000 exec/s: 411 rss: 415Mb L: 26269/200000 MS: 5 PersAutoDict-ChangeBit-ChangeASCIIInt-ChangeByte-EraseBytes- DE: "J\206"-
#64229	REDUCE cov: 672 ft: 2995 corp: 221/5207Kb lim: 200000 exec/s: 411 rss: 415Mb L: 1621/200000 MS: 1 PersAutoDict- DE: "~I\000\000"-
#64244	REDUCE cov: 672 ft: 2995 corp: 221/5207Kb lim: 200000 exec/s: 411 rss: 415Mb L: 1488/200000 MS: 5 ChangeASCIIInt-InsertByte-ChangeASCIIInt-ChangeASCIIInt-EraseBytes-
#64407	REDUCE cov: 672 ft: 2995 corp: 221/5200Kb lim: 200000 exec/s: 412 rss: 415Mb L: 23118/200000 MS: 3 InsertRepeatedBytes-ChangeBit-EraseBytes-
#64565	REDUCE cov: 672 ft: 2995 corp: 221/5200Kb lim: 200000 exec/s: 411 rss: 415Mb L: 1920/200000 MS: 3 ChangeBinInt-ChangeASCIIInt-EraseBytes-
#64586	REDUCE cov: 672 ft: 2995 corp: 221/5200Kb lim: 200000 exec/s: 411 rss: 415Mb L: 4516/200000 MS: 1 EraseBytes-
#64627	REDUCE cov: 672 ft: 2995 corp: 221/5192Kb lim: 200000 exec/s: 411 rss: 415Mb L: 10134/200000 MS: 1 EraseBytes-
#64689	REDUCE cov: 672 ft: 2995 corp: 221/5184Kb lim: 200000 exec/s: 412 rss: 415Mb L: 16119/200000 MS: 2 ChangeBinInt-EraseBytes-
#64749	REDUCE cov: 672 ft: 2995 corp: 221/5178Kb lim: 200000 exec/s: 412 rss: 415Mb L: 16982/200000 MS: 5 InsertByte-CrossOver-ChangeBit-ChangeBinInt-EraseBytes-
#64912	REDUCE cov: 672 ft: 2995 corp: 221/5165Kb lim: 200000 exec/s: 413 rss: 415Mb L: 74539/200000 MS: 3 PersAutoDict-InsertRepeatedBytes-EraseBytes- DE: "\377\377HV"-
#64938	REDUCE cov: 672 ft: 2995 corp: 221/5165Kb lim: 200000 exec/s: 411 rss: 415Mb L: 1583/200000 MS: 1 EraseBytes-
#65055	NEW    cov: 672 ft: 2997 corp: 222/5221Kb lim: 200000 exec/s: 411 rss: 415Mb L: 57003/200000 MS: 2 ChangeBinInt-EraseBytes-
#65059	REDUCE cov: 672 ft: 2997 corp: 222/5220Kb lim: 200000 exec/s: 411 rss: 415Mb L: 1501/200000 MS: 4 ChangeByte-ChangeASCIIInt-InsertByte-EraseBytes-
#65116	REDUCE cov: 672 ft: 2997 corp: 222/5218Kb lim: 200000 exec/s: 412 rss: 415Mb L: 19475/200000 MS: 2 InsertByte-EraseBytes-
#65119	REDUCE cov: 672 ft: 2997 corp: 222/5217Kb lim: 200000 exec/s: 412 rss: 415Mb L: 66547/200000 MS: 3 ShuffleBytes-ChangeBit-EraseBytes-
#65185	REDUCE cov: 672 ft: 2997 corp: 222/5217Kb lim: 200000 exec/s: 412 rss: 415Mb L: 31657/200000 MS: 1 EraseBytes-
#65353	REDUCE cov: 672 ft: 2997 corp: 222/5216Kb lim: 200000 exec/s: 411 rss: 415Mb L: 6028/200000 MS: 3 ShuffleBytes-ChangeBinInt-EraseBytes-
#65364	REDUCE cov: 672 ft: 2997 corp: 222/5211Kb lim: 200000 exec/s: 411 rss: 415Mb L: 4921/200000 MS: 1 EraseBytes-
#65536	pulse  cov: 672 ft: 2997 corp: 222/5211Kb lim: 200000 exec/s: 412 rss: 415Mb
#65786	REDUCE cov: 672 ft: 2997 corp: 222/5211Kb lim: 200000 exec/s: 413 rss: 419Mb L: 2245/200000 MS: 2 ChangeBit-EraseBytes-
#65894	REDUCE cov: 672 ft: 2997 corp: 222/5210Kb lim: 200000 exec/s: 411 rss: 419Mb L: 71211/200000 MS: 3 ChangeASCIIInt-InsertRepeatedBytes-EraseBytes-
#65922	REDUCE cov: 672 ft: 2997 corp: 222/5202Kb lim: 200000 exec/s: 412 rss: 419Mb L: 20927/200000 MS: 3 CMP-ChangeBinInt-EraseBytes- DE: "In"-
#66120	REDUCE cov: 672 ft: 2997 corp: 222/5192Kb lim: 200000 exec/s: 413 rss: 419Mb L: 51687/200000 MS: 3 PersAutoDict-CrossOver-EraseBytes- DE: "\377\377\377\377\377\377\016\373"-
#66234	NEW    cov: 672 ft: 3003 corp: 223/5292Kb lim: 200000 exec/s: 413 rss: 419Mb L: 102352/200000 MS: 4 PersAutoDict-ShuffleBytes-ChangeASCIIInt-InsertRepeatedBytes- DE: "lI\000\000"-
#66476	REDUCE cov: 672 ft: 3005 corp: 224/5339Kb lim: 200000 exec/s: 412 rss: 419Mb L: 47999/200000 MS: 2 ChangeASCIIInt-PersAutoDict- DE: "\377\377\377\377\377\377\377\000"-
#66600	REDUCE cov: 672 ft: 3005 corp: 224/5322Kb lim: 200000 exec/s: 413 rss: 419Mb L: 33628/200000 MS: 4 PersAutoDict-InsertByte-PersAutoDict-EraseBytes- DE: "\377\377\377\016"-"\001\000Ik"-
#66705	REDUCE cov: 672 ft: 3005 corp: 224/5322Kb lim: 200000 exec/s: 414 rss: 419Mb L: 1384/200000 MS: 5 PersAutoDict-PersAutoDict-ChangeASCIIInt-CMP-EraseBytes- DE: "\001\000\000\000\000\000\017\364"-"~I\000\000"-"\377\377\377\177"-
#66909	REDUCE cov: 672 ft: 3005 corp: 224/5320Kb lim: 200000 exec/s: 413 rss: 419Mb L: 15623/200000 MS: 4 ChangeBit-InsertByte-ChangeASCIIInt-EraseBytes-
#66935	REDUCE cov: 672 ft: 3005 corp: 224/5318Kb lim: 200000 exec/s: 413 rss: 419Mb L: 30691/200000 MS: 1 EraseBytes-
#67015	REDUCE cov: 672 ft: 3005 corp: 224/5317Kb lim: 200000 exec/s: 413 rss: 419Mb L: 35822/200000 MS: 5 ChangeByte-CrossOver-EraseBytes-ChangeByte-InsertRepeatedBytes-
#67086	REDUCE cov: 672 ft: 3005 corp: 224/5315Kb lim: 200000 exec/s: 414 rss: 419Mb L: 5105/200000 MS: 1 EraseBytes-
#67132	REDUCE cov: 672 ft: 3005 corp: 224/5315Kb lim: 200000 exec/s: 414 rss: 419Mb L: 2307/200000 MS: 1 EraseBytes-
#67143	REDUCE cov: 672 ft: 3005 corp: 224/5315Kb lim: 200000 exec/s: 414 rss: 419Mb L: 1455/200000 MS: 1 EraseBytes-
#67234	REDUCE cov: 672 ft: 3005 corp: 224/5313Kb lim: 200000 exec/s: 415 rss: 419Mb L: 72029/200000 MS: 1 EraseBytes-
#67460	REDUCE cov: 672 ft: 3005 corp: 224/5313Kb lim: 200000 exec/s: 413 rss: 419Mb L: 1763/200000 MS: 1 EraseBytes-
#67542	REDUCE cov: 672 ft: 3014 corp: 225/5339Kb lim: 200000 exec/s: 414 rss: 419Mb L: 26270/200000 MS: 2 CrossOver-InsertByte-
#67594	REDUCE cov: 672 ft: 3014 corp: 225/5337Kb lim: 200000 exec/s: 414 rss: 419Mb L: 2951/200000 MS: 2 InsertRepeatedBytes-EraseBytes-
#67669	NEW    cov: 672 ft: 3016 corp: 226/5423Kb lim: 200000 exec/s: 415 rss: 419Mb L: 87481/200000 MS: 5 ChangeBit-ChangeByte-CopyPart-ChangeByte-ChangeByte-
#67682	NEW    cov: 672 ft: 3017 corp: 227/5524Kb lim: 200000 exec/s: 415 rss: 419Mb L: 103207/200000 MS: 3 ChangeBit-ChangeByte-CrossOver-
#67704	REDUCE cov: 672 ft: 3017 corp: 227/5524Kb lim: 200000 exec/s: 415 rss: 419Mb L: 1410/200000 MS: 2 ChangeASCIIInt-EraseBytes-
#67710	REDUCE cov: 672 ft: 3017 corp: 227/5524Kb lim: 200000 exec/s: 415 rss: 419Mb L: 22111/200000 MS: 1 EraseBytes-
#67716	REDUCE cov: 672 ft: 3017 corp: 227/5521Kb lim: 200000 exec/s: 415 rss: 419Mb L: 8977/200000 MS: 1 EraseBytes-
#67897	REDUCE cov: 672 ft: 3017 corp: 227/5519Kb lim: 200000 exec/s: 414 rss: 419Mb L: 8491/200000 MS: 1 EraseBytes-
#67939	REDUCE cov: 672 ft: 3017 corp: 227/5515Kb lim: 200000 exec/s: 414 rss: 419Mb L: 19479/200000 MS: 2 ChangeBinInt-EraseBytes-
#68015	REDUCE cov: 672 ft: 3017 corp: 227/5513Kb lim: 200000 exec/s: 414 rss: 419Mb L: 17000/200000 MS: 1 EraseBytes-
#68280	REDUCE cov: 672 ft: 3017 corp: 227/5512Kb lim: 200000 exec/s: 413 rss: 419Mb L: 4160/200000 MS: 5 ChangeByte-ChangeASCIIInt-CrossOver-CopyPart-EraseBytes-
#68331	REDUCE cov: 672 ft: 3017 corp: 227/5512Kb lim: 200000 exec/s: 414 rss: 419Mb L: 1464/200000 MS: 1 EraseBytes-
#68376	REDUCE cov: 672 ft: 3017 corp: 227/5512Kb lim: 200000 exec/s: 414 rss: 419Mb L: 1372/200000 MS: 5 EraseBytes-InsertByte-InsertRepeatedBytes-InsertByte-PersAutoDict- DE: "\361\017\000\000\000\000\000\000"-
#68414	REDUCE cov: 672 ft: 3017 corp: 227/5508Kb lim: 200000 exec/s: 414 rss: 419Mb L: 29519/200000 MS: 3 InsertByte-CrossOver-EraseBytes-
#68457	REDUCE cov: 672 ft: 3017 corp: 227/5505Kb lim: 200000 exec/s: 414 rss: 419Mb L: 26889/200000 MS: 3 PersAutoDict-ChangeASCIIInt-EraseBytes- DE: "\377\377\377\377\377\377\377\000"-
#68599	REDUCE cov: 672 ft: 3020 corp: 228/5507Kb lim: 200000 exec/s: 415 rss: 419Mb L: 1931/200000 MS: 2 ChangeBit-ChangeBit-
#68799	REDUCE cov: 672 ft: 3020 corp: 228/5507Kb lim: 200000 exec/s: 414 rss: 419Mb L: 1708/200000 MS: 5 ChangeASCIIInt-EraseBytes-CrossOver-ChangeBit-CopyPart-
#69285	REDUCE cov: 672 ft: 3022 corp: 229/5581Kb lim: 200000 exec/s: 414 rss: 419Mb L: 75299/200000 MS: 1 ChangeByte-
#69347	REDUCE cov: 672 ft: 3022 corp: 229/5571Kb lim: 200000 exec/s: 415 rss: 419Mb L: 56191/200000 MS: 2 ChangeBinInt-EraseBytes-
#69474	REDUCE cov: 672 ft: 3022 corp: 229/5556Kb lim: 200000 exec/s: 416 rss: 419Mb L: 58575/200000 MS: 2 PersAutoDict-EraseBytes- DE: "\377\377\377\377\377\377\377:"-
#69721	REDUCE cov: 672 ft: 3022 corp: 229/5546Kb lim: 200000 exec/s: 415 rss: 419Mb L: 41610/200000 MS: 2 InsertRepeatedBytes-EraseBytes-
#69953	REDUCE cov: 672 ft: 3022 corp: 229/5533Kb lim: 200000 exec/s: 416 rss: 419Mb L: 38053/200000 MS: 2 CrossOver-EraseBytes-
#69974	REDUCE cov: 672 ft: 3024 corp: 230/5542Kb lim: 200000 exec/s: 416 rss: 419Mb L: 8977/200000 MS: 1 ShuffleBytes-
#70101	REDUCE cov: 672 ft: 3024 corp: 230/5538Kb lim: 200000 exec/s: 414 rss: 419Mb L: 19006/200000 MS: 2 CrossOver-EraseBytes-
#70163	REDUCE cov: 672 ft: 3024 corp: 230/5538Kb lim: 200000 exec/s: 415 rss: 419Mb L: 1459/200000 MS: 2 CrossOver-EraseBytes-
#70203	REDUCE cov: 672 ft: 3024 corp: 230/5523Kb lim: 200000 exec/s: 415 rss: 419Mb L: 32605/200000 MS: 5 ChangeBit-InsertRepeatedBytes-ChangeBit-PersAutoDict-EraseBytes- DE: "gI\000\000"-
#70261	REDUCE cov: 672 ft: 3024 corp: 230/5523Kb lim: 200000 exec/s: 415 rss: 419Mb L: 1533/200000 MS: 3 ChangeByte-ChangeByte-EraseBytes-
#70274	REDUCE cov: 672 ft: 3024 corp: 230/5502Kb lim: 200000 exec/s: 415 rss: 419Mb L: 35852/200000 MS: 3 ChangeASCIIInt-ChangeBinInt-EraseBytes-
#70276	REDUCE cov: 672 ft: 3024 corp: 230/5502Kb lim: 200000 exec/s: 415 rss: 419Mb L: 100/200000 MS: 2 ChangeBit-EraseBytes-
#70401	REDUCE cov: 672 ft: 3024 corp: 230/5501Kb lim: 200000 exec/s: 416 rss: 419Mb L: 40524/200000 MS: 5 ChangeBit-ChangeBit-ChangeASCIIInt-ChangeBit-EraseBytes-
#70407	REDUCE cov: 672 ft: 3024 corp: 230/5471Kb lim: 200000 exec/s: 416 rss: 419Mb L: 63574/200000 MS: 1 EraseBytes-
#70424	NEW    cov: 673 ft: 3025 corp: 231/5546Kb lim: 200000 exec/s: 416 rss: 419Mb L: 76624/200000 MS: 2 ShuffleBytes-EraseBytes-
#70458	REDUCE cov: 673 ft: 3025 corp: 231/5546Kb lim: 200000 exec/s: 414 rss: 419Mb L: 1901/200000 MS: 4 ChangeBinInt-CrossOver-ChangeBit-EraseBytes-
#70476	REDUCE cov: 673 ft: 3025 corp: 231/5545Kb lim: 200000 exec/s: 414 rss: 419Mb L: 1424/200000 MS: 3 ChangeBinInt-ChangeBinInt-EraseBytes-
#70524	REDUCE cov: 673 ft: 3025 corp: 231/5541Kb lim: 200000 exec/s: 414 rss: 419Mb L: 21400/200000 MS: 3 ShuffleBytes-ChangeByte-EraseBytes-
#70595	REDUCE cov: 673 ft: 3025 corp: 231/5541Kb lim: 200000 exec/s: 415 rss: 419Mb L: 1376/200000 MS: 1 EraseBytes-
#70620	REDUCE cov: 673 ft: 3025 corp: 231/5521Kb lim: 200000 exec/s: 415 rss: 419Mb L: 56578/200000 MS: 5 CMP-ChangeBinInt-ChangeBinInt-PersAutoDict-EraseBytes- DE: "\377\377\377\377\377\377\016\372"-"gI"-
#70657	REDUCE cov: 673 ft: 3025 corp: 231/5494Kb lim: 200000 exec/s: 415 rss: 419Mb L: 74504/200000 MS: 2 ShuffleBytes-EraseBytes-
#70774	REDUCE cov: 673 ft: 3025 corp: 231/5494Kb lim: 200000 exec/s: 416 rss: 419Mb L: 1370/200000 MS: 2 InsertByte-EraseBytes-
#70775	REDUCE cov: 673 ft: 3025 corp: 231/5460Kb lim: 200000 exec/s: 416 rss: 419Mb L: 40966/200000 MS: 1 EraseBytes-
#70787	REDUCE cov: 673 ft: 3025 corp: 231/5460Kb lim: 200000 exec/s: 416 rss: 419Mb L: 1890/200000 MS: 2 CMP-EraseBytes- DE: "\352\017\000\000\000\000\000\000"-
#70803	REDUCE cov: 673 ft: 3025 corp: 231/5460Kb lim: 200000 exec/s: 416 rss: 419Mb L: 3639/200000 MS: 1 EraseBytes-
#71302	NEW    cov: 673 ft: 3026 corp: 232/5470Kb lim: 200000 exec/s: 416 rss: 419Mb L: 9982/200000 MS: 4 ChangeByte-ShuffleBytes-ChangeBit-CrossOver-
#71331	REDUCE cov: 673 ft: 3026 corp: 232/5469Kb lim: 200000 exec/s: 417 rss: 419Mb L: 1568/200000 MS: 4 CopyPart-ChangeASCIIInt-CMP-EraseBytes- DE: "Hq"-
#71357	REDUCE cov: 673 ft: 3026 corp: 232/5462Kb lim: 200000 exec/s: 417 rss: 419Mb L: 15897/200000 MS: 1 EraseBytes-
#71370	REDUCE cov: 673 ft: 3026 corp: 232/5460Kb lim: 200000 exec/s: 417 rss: 419Mb L: 30198/200000 MS: 3 PersAutoDict-ChangeByte-EraseBytes- DE: "\001\000\000\000\000\000\000\017"-
#71501	REDUCE cov: 673 ft: 3026 corp: 232/5459Kb lim: 200000 exec/s: 415 rss: 419Mb L: 67317/200000 MS: 1 EraseBytes-
#71592	NEW    cov: 673 ft: 3028 corp: 233/5559Kb lim: 200000 exec/s: 416 rss: 419Mb L: 102328/200000 MS: 1 ChangeBit-
#71711	REDUCE cov: 673 ft: 3034 corp: 234/5562Kb lim: 200000 exec/s: 416 rss: 419Mb L: 3315/200000 MS: 4 ChangeBinInt-ChangeByte-CopyPart-CopyPart-
#71737	REDUCE cov: 673 ft: 3034 corp: 234/5555Kb lim: 200000 exec/s: 417 rss: 419Mb L: 19970/200000 MS: 1 EraseBytes-
#71738	REDUCE cov: 673 ft: 3034 corp: 234/5547Kb lim: 200000 exec/s: 417 rss: 419Mb L: 22960/200000 MS: 1 EraseBytes-
#71879	REDUCE cov: 673 ft: 3034 corp: 234/5546Kb lim: 200000 exec/s: 415 rss: 419Mb L: 1675/200000 MS: 1 EraseBytes-
#71924	REDUCE cov: 673 ft: 3034 corp: 234/5546Kb lim: 200000 exec/s: 415 rss: 419Mb L: 1414/200000 MS: 5 ShuffleBytes-CrossOver-ShuffleBytes-ChangeByte-EraseBytes-
#71940	REDUCE cov: 673 ft: 3034 corp: 234/5530Kb lim: 200000 exec/s: 415 rss: 419Mb L: 71399/200000 MS: 1 EraseBytes-
#72146	REDUCE cov: 673 ft: 3048 corp: 235/5549Kb lim: 200000 exec/s: 417 rss: 419Mb L: 18919/200000 MS: 1 CMP- DE: "\032\302D\000"-
#72158	NEW    cov: 673 ft: 3049 corp: 236/5649Kb lim: 200000 exec/s: 417 rss: 419Mb L: 102344/200000 MS: 2 PersAutoDict-InsertRepeatedBytes- DE: "\001\000\000\000\000\000\017\364"-
#72180	REDUCE cov: 673 ft: 3049 corp: 236/5642Kb lim: 200000 exec/s: 417 rss: 419Mb L: 11683/200000 MS: 2 ChangeByte-EraseBytes-
#72192	REDUCE cov: 673 ft: 3049 corp: 236/5614Kb lim: 200000 exec/s: 417 rss: 419Mb L: 73851/200000 MS: 2 ChangeByte-EraseBytes-
#72196	REDUCE cov: 673 ft: 3049 corp: 236/5614Kb lim: 200000 exec/s: 417 rss: 419Mb L: 1391/200000 MS: 4 PersAutoDict-EraseBytes-InsertRepeatedBytes-InsertRepeatedBytes- DE: "Jy"-
#72208	REDUCE cov: 673 ft: 3049 corp: 236/5614Kb lim: 200000 exec/s: 417 rss: 419Mb L: 1410/200000 MS: 2 CopyPart-EraseBytes-
#72289	REDUCE cov: 673 ft: 3049 corp: 236/5578Kb lim: 200000 exec/s: 415 rss: 419Mb L: 37684/200000 MS: 1 EraseBytes-
#72375	REDUCE cov: 673 ft: 3049 corp: 236/5570Kb lim: 200000 exec/s: 415 rss: 419Mb L: 12064/200000 MS: 1 EraseBytes-
#72431	REDUCE cov: 673 ft: 3049 corp: 236/5570Kb lim: 200000 exec/s: 416 rss: 419Mb L: 2992/200000 MS: 1 EraseBytes-
#72617	REDUCE cov: 673 ft: 3049 corp: 236/5562Kb lim: 200000 exec/s: 414 rss: 419Mb L: 32570/200000 MS: 1 EraseBytes-
#72736	REDUCE cov: 673 ft: 3049 corp: 236/5556Kb lim: 200000 exec/s: 415 rss: 419Mb L: 13537/200000 MS: 4 ShuffleBytes-ChangeBinInt-ChangeBinInt-EraseBytes-
#72844	REDUCE cov: 673 ft: 3049 corp: 236/5555Kb lim: 200000 exec/s: 416 rss: 419Mb L: 2710/200000 MS: 3 InsertByte-PersAutoDict-EraseBytes- DE: "\377\377\377\377\377\377\377\000"-
#73221	REDUCE cov: 673 ft: 3049 corp: 236/5511Kb lim: 200000 exec/s: 416 rss: 419Mb L: 57351/200000 MS: 2 CrossOver-EraseBytes-
#73300	REDUCE cov: 673 ft: 3049 corp: 236/5499Kb lim: 200000 exec/s: 416 rss: 419Mb L: 45029/200000 MS: 4 ShuffleBytes-InsertByte-InsertRepeatedBytes-EraseBytes-
#73314	REDUCE cov: 673 ft: 3049 corp: 236/5499Kb lim: 200000 exec/s: 416 rss: 419Mb L: 21001/200000 MS: 4 CopyPart-InsertByte-ChangeBinInt-EraseBytes-
#73353	REDUCE cov: 673 ft: 3049 corp: 236/5467Kb lim: 200000 exec/s: 416 rss: 419Mb L: 46021/200000 MS: 4 ChangeByte-ChangeByte-ChangeASCIIInt-EraseBytes-
#73567	REDUCE cov: 673 ft: 3049 corp: 236/5464Kb lim: 200000 exec/s: 415 rss: 419Mb L: 32959/200000 MS: 4 CopyPart-ChangeByte-ShuffleBytes-EraseBytes-
#73598	REDUCE cov: 673 ft: 3049 corp: 236/5463Kb lim: 200000 exec/s: 415 rss: 419Mb L: 102438/200000 MS: 1 EraseBytes-
#73640	REDUCE cov: 673 ft: 3049 corp: 236/5461Kb lim: 200000 exec/s: 416 rss: 419Mb L: 28429/200000 MS: 2 PersAutoDict-EraseBytes- DE: "lI"-
#73655	REDUCE cov: 673 ft: 3049 corp: 236/5461Kb lim: 200000 exec/s: 416 rss: 419Mb L: 1444/200000 MS: 5 ChangeASCIIInt-ChangeByte-ChangeASCIIInt-InsertRepeatedBytes-EraseBytes-
#73900	REDUCE cov: 673 ft: 3050 corp: 237/5468Kb lim: 200000 exec/s: 415 rss: 419Mb L: 7469/200000 MS: 5 CrossOver-ChangeByte-CrossOver-ChangeASCIIInt-EraseBytes-
#73996	REDUCE cov: 673 ft: 3050 corp: 237/5468Kb lim: 200000 exec/s: 415 rss: 419Mb L: 1367/200000 MS: 1 EraseBytes-
#74048	REDUCE cov: 673 ft: 3050 corp: 237/5460Kb lim: 200000 exec/s: 416 rss: 419Mb L: 83366/200000 MS: 2 ChangeASCIIInt-EraseBytes-
#74095	REDUCE cov: 673 ft: 3050 corp: 237/5445Kb lim: 200000 exec/s: 416 rss: 419Mb L: 40916/200000 MS: 2 ChangeBinInt-EraseBytes-
#74243	REDUCE cov: 673 ft: 3050 corp: 237/5441Kb lim: 200000 exec/s: 417 rss: 419Mb L: 39756/200000 MS: 3 CopyPart-InsertByte-EraseBytes-
#74344	REDUCE cov: 673 ft: 3050 corp: 237/5403Kb lim: 200000 exec/s: 417 rss: 419Mb L: 63596/200000 MS: 1 CrossOver-
#74430	REDUCE cov: 673 ft: 3050 corp: 237/5402Kb lim: 200000 exec/s: 415 rss: 419Mb L: 14787/200000 MS: 1 EraseBytes-
#74551	REDUCE cov: 673 ft: 3050 corp: 237/5401Kb lim: 200000 exec/s: 416 rss: 419Mb L: 3229/200000 MS: 1 EraseBytes-
#74667	REDUCE cov: 673 ft: 3050 corp: 237/5401Kb lim: 200000 exec/s: 417 rss: 419Mb L: 1457/200000 MS: 1 EraseBytes-
#74834	REDUCE cov: 673 ft: 3050 corp: 237/5381Kb lim: 200000 exec/s: 415 rss: 419Mb L: 25083/200000 MS: 2 ChangeASCIIInt-EraseBytes-
#74900	REDUCE cov: 673 ft: 3050 corp: 237/5378Kb lim: 200000 exec/s: 416 rss: 419Mb L: 23224/200000 MS: 1 EraseBytes-
#75042	REDUCE cov: 673 ft: 3050 corp: 237/5378Kb lim: 200000 exec/s: 416 rss: 419Mb L: 1391/200000 MS: 2 InsertByte-EraseBytes-
#75043	REDUCE cov: 673 ft: 3050 corp: 237/5375Kb lim: 200000 exec/s: 416 rss: 419Mb L: 4650/200000 MS: 1 EraseBytes-
#75120	REDUCE cov: 673 ft: 3050 corp: 237/5375Kb lim: 200000 exec/s: 417 rss: 419Mb L: 1547/200000 MS: 2 ShuffleBytes-EraseBytes-
#75216	REDUCE cov: 673 ft: 3050 corp: 237/5375Kb lim: 200000 exec/s: 417 rss: 419Mb L: 2172/200000 MS: 1 EraseBytes-
#75277	NEW    cov: 673 ft: 3053 corp: 238/5377Kb lim: 200000 exec/s: 415 rss: 419Mb L: 1621/200000 MS: 1 CopyPart-
#75313	REDUCE cov: 673 ft: 3053 corp: 238/5371Kb lim: 200000 exec/s: 416 rss: 419Mb L: 96912/200000 MS: 1 EraseBytes-
#75450	REDUCE cov: 673 ft: 3053 corp: 238/5366Kb lim: 200000 exec/s: 416 rss: 419Mb L: 6758/200000 MS: 2 CopyPart-EraseBytes-
#75806	REDUCE cov: 673 ft: 3053 corp: 238/5362Kb lim: 200000 exec/s: 416 rss: 419Mb L: 28691/200000 MS: 1 EraseBytes-
#75872	REDUCE cov: 673 ft: 3053 corp: 238/5341Kb lim: 200000 exec/s: 416 rss: 419Mb L: 61811/200000 MS: 1 EraseBytes-
#75970	REDUCE cov: 673 ft: 3053 corp: 238/5335Kb lim: 200000 exec/s: 417 rss: 419Mb L: 10055/200000 MS: 3 ShuffleBytes-InsertRepeatedBytes-EraseBytes-
#76011	REDUCE cov: 673 ft: 3053 corp: 238/5325Kb lim: 200000 exec/s: 417 rss: 419Mb L: 30493/200000 MS: 1 EraseBytes-
#76129	REDUCE cov: 673 ft: 3053 corp: 238/5319Kb lim: 200000 exec/s: 418 rss: 419Mb L: 35637/200000 MS: 3 CopyPart-ShuffleBytes-EraseBytes-
#76140	REDUCE cov: 673 ft: 3053 corp: 238/5294Kb lim: 200000 exec/s: 418 rss: 419Mb L: 41721/200000 MS: 1 EraseBytes-
#76318	REDUCE cov: 673 ft: 3053 corp: 238/5294Kb lim: 200000 exec/s: 417 rss: 419Mb L: 1566/200000 MS: 3 ChangeBinInt-CrossOver-EraseBytes-
#76360	REDUCE cov: 673 ft: 3053 corp: 238/5293Kb lim: 200000 exec/s: 417 rss: 419Mb L: 30847/200000 MS: 2 ChangeBinInt-EraseBytes-
#76448	REDUCE cov: 673 ft: 3053 corp: 238/5287Kb lim: 200000 exec/s: 417 rss: 419Mb L: 15692/200000 MS: 3 ShuffleBytes-ChangeByte-EraseBytes-
#76658	REDUCE cov: 674 ft: 3054 corp: 239/5347Kb lim: 200000 exec/s: 416 rss: 419Mb L: 60520/200000 MS: 5 CMP-ChangeASCIIInt-CrossOver-ChangeASCIIInt-EraseBytes- DE: "\000\020\000\000"-
#76710	REDUCE cov: 674 ft: 3054 corp: 239/5346Kb lim: 200000 exec/s: 416 rss: 419Mb L: 1394/200000 MS: 2 ChangeASCIIInt-EraseBytes-
#76736	REDUCE cov: 674 ft: 3054 corp: 239/5324Kb lim: 200000 exec/s: 417 rss: 419Mb L: 33314/200000 MS: 1 EraseBytes-
#76738	REDUCE cov: 674 ft: 3065 corp: 240/5369Kb lim: 200000 exec/s: 417 rss: 419Mb L: 46686/200000 MS: 2 PersAutoDict-CrossOver- DE: "}I"-
#76745	REDUCE cov: 674 ft: 3065 corp: 240/5369Kb lim: 200000 exec/s: 417 rss: 419Mb L: 1541/200000 MS: 2 CopyPart-EraseBytes-
#76786	REDUCE cov: 674 ft: 3065 corp: 240/5367Kb lim: 200000 exec/s: 417 rss: 419Mb L: 14568/200000 MS: 1 EraseBytes-
#77162	REDUCE cov: 674 ft: 3065 corp: 240/5367Kb lim: 200000 exec/s: 417 rss: 419Mb L: 1585/200000 MS: 1 EraseBytes-
#77225	REDUCE cov: 674 ft: 3065 corp: 240/5358Kb lim: 200000 exec/s: 417 rss: 419Mb L: 92515/200000 MS: 3 ChangeByte-CrossOver-CrossOver-
#77352	REDUCE cov: 674 ft: 3065 corp: 240/5352Kb lim: 200000 exec/s: 418 rss: 419Mb L: 21389/200000 MS: 2 PersAutoDict-EraseBytes- DE: "\001\000\000\000\000\000\017\354"-
#77390	REDUCE cov: 674 ft: 3065 corp: 240/5343Kb lim: 200000 exec/s: 416 rss: 419Mb L: 36592/200000 MS: 3 PersAutoDict-InsertRepeatedBytes-EraseBytes- DE: "\345\017\000\000\000\000\000\000"-
#77402	REDUCE cov: 674 ft: 3065 corp: 240/5335Kb lim: 200000 exec/s: 416 rss: 419Mb L: 65837/200000 MS: 2 ChangeASCIIInt-EraseBytes-
#77664	REDUCE cov: 674 ft: 3065 corp: 240/5326Kb lim: 200000 exec/s: 417 rss: 419Mb L: 26614/200000 MS: 2 ChangeByte-EraseBytes-
#77705	REDUCE cov: 674 ft: 3065 corp: 240/5324Kb lim: 200000 exec/s: 417 rss: 419Mb L: 27780/200000 MS: 1 EraseBytes-
#77707	NEW    cov: 674 ft: 3068 corp: 241/5424Kb lim: 200000 exec/s: 417 rss: 419Mb L: 102328/200000 MS: 2 ChangeBinInt-ChangeByte-
#77868	REDUCE cov: 674 ft: 3068 corp: 241/5424Kb lim: 200000 exec/s: 416 rss: 419Mb L: 1420/200000 MS: 1 EraseBytes-
#78109	REDUCE cov: 674 ft: 3068 corp: 241/5423Kb lim: 200000 exec/s: 417 rss: 419Mb L: 25915/200000 MS: 1 EraseBytes-
#78125	REDUCE cov: 674 ft: 3068 corp: 241/5419Kb lim: 200000 exec/s: 417 rss: 419Mb L: 6356/200000 MS: 1 EraseBytes-
#78214	REDUCE cov: 674 ft: 3068 corp: 241/5417Kb lim: 200000 exec/s: 418 rss: 419Mb L: 15461/200000 MS: 4 ChangeBit-ChangeBinInt-PersAutoDict-EraseBytes- DE: "\001\000IV"-
#78243	REDUCE cov: 674 ft: 3070 corp: 242/5426Kb lim: 200000 exec/s: 418 rss: 419Mb L: 8362/200000 MS: 4 CrossOver-ChangeBit-ChangeASCIIInt-EraseBytes-
#78478	REDUCE cov: 674 ft: 3071 corp: 243/5440Kb lim: 200000 exec/s: 417 rss: 419Mb L: 15276/200000 MS: 5 ChangeByte-ChangeByte-ChangeASCIIInt-InsertByte-PersAutoDict- DE: "G\034\000\000\000\000\000\000"-
#78504	REDUCE cov: 674 ft: 3071 corp: 243/5426Kb lim: 200000 exec/s: 417 rss: 419Mb L: 31537/200000 MS: 1 EraseBytes-
#78547	REDUCE cov: 674 ft: 3071 corp: 243/5425Kb lim: 200000 exec/s: 417 rss: 419Mb L: 1941/200000 MS: 3 InsertByte-CopyPart-EraseBytes-
#78570	REDUCE cov: 674 ft: 3072 corp: 244/5498Kb lim: 200000 exec/s: 417 rss: 419Mb L: 74504/200000 MS: 3 ShuffleBytes-CrossOver-ChangeBinInt-
#78645	REDUCE cov: 674 ft: 3072 corp: 244/5497Kb lim: 200000 exec/s: 418 rss: 419Mb L: 10357/200000 MS: 5 ShuffleBytes-ChangeBinInt-CMP-ChangeByte-EraseBytes- DE: "\377\017\000\000\000\000\000\000"-
#78750	REDUCE cov: 674 ft: 3072 corp: 244/5495Kb lim: 200000 exec/s: 418 rss: 419Mb L: 26351/200000 MS: 5 ChangeBit-InsertByte-ChangeBit-CopyPart-EraseBytes-
#78846	REDUCE cov: 674 ft: 3072 corp: 244/5489Kb lim: 200000 exec/s: 419 rss: 419Mb L: 19247/200000 MS: 1 EraseBytes-
#79047	REDUCE cov: 674 ft: 3080 corp: 245/5503Kb lim: 200000 exec/s: 418 rss: 419Mb L: 14568/200000 MS: 1 ShuffleBytes-
#79205	REDUCE cov: 674 ft: 3080 corp: 245/5485Kb lim: 200000 exec/s: 419 rss: 419Mb L: 23198/200000 MS: 3 PersAutoDict-ChangeByte-EraseBytes- DE: "\377\017\000\000"-
#79276	REDUCE cov: 674 ft: 3080 corp: 245/5479Kb lim: 200000 exec/s: 419 rss: 419Mb L: 9815/200000 MS: 1 EraseBytes-
#79292	REDUCE cov: 674 ft: 3080 corp: 245/5479Kb lim: 200000 exec/s: 419 rss: 419Mb L: 1661/200000 MS: 1 EraseBytes-
#79370	REDUCE cov: 674 ft: 3081 corp: 246/5490Kb lim: 200000 exec/s: 417 rss: 419Mb L: 11084/200000 MS: 3 EraseBytes-CMP-EraseBytes- DE: "\377\377\377\377\377\377\017\000"-
#79533	REDUCE cov: 674 ft: 3081 corp: 246/5488Kb lim: 200000 exec/s: 418 rss: 419Mb L: 14964/200000 MS: 3 ChangeBit-InsertRepeatedBytes-EraseBytes-
#79565	REDUCE cov: 674 ft: 3081 corp: 246/5484Kb lim: 200000 exec/s: 418 rss: 419Mb L: 9460/200000 MS: 2 ChangeBinInt-EraseBytes-
#79589	REDUCE cov: 674 ft: 3083 corp: 247/5499Kb lim: 200000 exec/s: 418 rss: 419Mb L: 14844/200000 MS: 4 ShuffleBytes-ChangeBinInt-CMP-InsertRepeatedBytes- DE: "\001\000Io"-
#79730	REDUCE cov: 674 ft: 3083 corp: 247/5485Kb lim: 200000 exec/s: 417 rss: 419Mb L: 61783/200000 MS: 1 EraseBytes-
#79746	REDUCE cov: 674 ft: 3083 corp: 247/5484Kb lim: 200000 exec/s: 417 rss: 419Mb L: 8603/200000 MS: 1 EraseBytes-
#79884	REDUCE cov: 674 ft: 3083 corp: 247/5482Kb lim: 200000 exec/s: 418 rss: 419Mb L: 9496/200000 MS: 3 ShuffleBytes-InsertRepeatedBytes-EraseBytes-
#79948	REDUCE cov: 679 ft: 3088 corp: 248/5483Kb lim: 200000 exec/s: 418 rss: 419Mb L: 1402/200000 MS: 4 CMP-ChangeBinInt-ChangeBit-ChangeBit- DE: "\377\377\377\377\377\377\016\372"-
#79993	REDUCE cov: 679 ft: 3088 corp: 248/5472Kb lim: 200000 exec/s: 418 rss: 419Mb L: 19032/200000 MS: 5 InsertByte-ChangeBinInt-ChangeByte-InsertByte-EraseBytes-
#80085	REDUCE cov: 679 ft: 3088 corp: 248/5472Kb lim: 200000 exec/s: 419 rss: 419Mb L: 1523/200000 MS: 2 ChangeByte-EraseBytes-
#80117	REDUCE cov: 679 ft: 3088 corp: 248/5463Kb lim: 200000 exec/s: 419 rss: 419Mb L: 13656/200000 MS: 2 ChangeBinInt-EraseBytes-
#80133	REDUCE cov: 679 ft: 3088 corp: 248/5455Kb lim: 200000 exec/s: 419 rss: 419Mb L: 63630/200000 MS: 1 EraseBytes-
#80606	REDUCE cov: 679 ft: 3088 corp: 248/5454Kb lim: 200000 exec/s: 419 rss: 419Mb L: 8682/200000 MS: 3 CrossOver-ShuffleBytes-EraseBytes-
#80662	REDUCE cov: 679 ft: 3088 corp: 248/5450Kb lim: 200000 exec/s: 417 rss: 419Mb L: 36279/200000 MS: 1 EraseBytes-
#80680	REDUCE cov: 679 ft: 3088 corp: 248/5441Kb lim: 200000 exec/s: 418 rss: 419Mb L: 57074/200000 MS: 3 InsertRepeatedBytes-ChangeASCIIInt-EraseBytes-
#80830	REDUCE cov: 679 ft: 3088 corp: 248/5438Kb lim: 200000 exec/s: 418 rss: 419Mb L: 12125/200000 MS: 5 CMP-ChangeByte-ShuffleBytes-ChangeBit-EraseBytes- DE: "\000\000\020\000"-
#81033	REDUCE cov: 679 ft: 3088 corp: 248/5415Kb lim: 200000 exec/s: 419 rss: 419Mb L: 38994/200000 MS: 3 PersAutoDict-ChangeASCIIInt-EraseBytes- DE: "\000\000\000\000\000\000\017\366"-
#81140	REDUCE cov: 679 ft: 3088 corp: 248/5413Kb lim: 200000 exec/s: 420 rss: 419Mb L: 11406/200000 MS: 2 ShuffleBytes-EraseBytes-
#81151	REDUCE cov: 679 ft: 3088 corp: 248/5409Kb lim: 200000 exec/s: 420 rss: 419Mb L: 11297/200000 MS: 1 EraseBytes-
#81164	REDUCE cov: 679 ft: 3088 corp: 248/5408Kb lim: 200000 exec/s: 420 rss: 419Mb L: 5152/200000 MS: 3 ChangeBit-ChangeASCIIInt-EraseBytes-
#81320	REDUCE cov: 679 ft: 3088 corp: 248/5408Kb lim: 200000 exec/s: 419 rss: 419Mb L: 1379/200000 MS: 1 EraseBytes-
#81406	REDUCE cov: 679 ft: 3088 corp: 248/5407Kb lim: 200000 exec/s: 419 rss: 419Mb L: 13941/200000 MS: 1 EraseBytes-
#81672	REDUCE cov: 679 ft: 3088 corp: 248/5404Kb lim: 200000 exec/s: 420 rss: 419Mb L: 12905/200000 MS: 1 EraseBytes-
#81818	REDUCE cov: 679 ft: 3088 corp: 248/5402Kb lim: 200000 exec/s: 419 rss: 419Mb L: 33954/200000 MS: 1 EraseBytes-
#81859	REDUCE cov: 679 ft: 3088 corp: 248/5390Kb lim: 200000 exec/s: 419 rss: 419Mb L: 90221/200000 MS: 1 EraseBytes-
#81860	REDUCE cov: 679 ft: 3088 corp: 248/5354Kb lim: 200000 exec/s: 419 rss: 419Mb L: 25194/200000 MS: 1 CrossOver-
#82016	REDUCE cov: 679 ft: 3088 corp: 248/5352Kb lim: 200000 exec/s: 420 rss: 419Mb L: 11550/200000 MS: 1 EraseBytes-
#82196	REDUCE cov: 679 ft: 3088 corp: 248/5342Kb lim: 200000 exec/s: 421 rss: 419Mb L: 16117/200000 MS: 5 ShuffleBytes-ChangeBinInt-InsertRepeatedBytes-ChangeByte-EraseBytes-
#82378	REDUCE cov: 679 ft: 3088 corp: 248/5331Kb lim: 200000 exec/s: 420 rss: 419Mb L: 27845/200000 MS: 2 ChangeByte-EraseBytes-
#82922	REDUCE cov: 679 ft: 3088 corp: 248/5329Kb lim: 200000 exec/s: 420 rss: 419Mb L: 33944/200000 MS: 4 ChangeByte-PersAutoDict-ChangeBit-EraseBytes- DE: "cI"-
#82938	REDUCE cov: 679 ft: 3088 corp: 248/5329Kb lim: 200000 exec/s: 421 rss: 419Mb L: 1397/200000 MS: 1 EraseBytes-
#82942	REDUCE cov: 679 ft: 3088 corp: 248/5329Kb lim: 200000 exec/s: 421 rss: 419Mb L: 14320/200000 MS: 4 ChangeASCIIInt-CrossOver-CopyPart-EraseBytes-
#83215	REDUCE cov: 679 ft: 3088 corp: 248/5329Kb lim: 200000 exec/s: 420 rss: 419Mb L: 1431/200000 MS: 3 ChangeBinInt-ChangeBit-EraseBytes-
#83229	REDUCE cov: 679 ft: 3088 corp: 248/5324Kb lim: 200000 exec/s: 420 rss: 419Mb L: 14059/200000 MS: 4 ChangeByte-ChangeByte-InsertRepeatedBytes-EraseBytes-
#83236	REDUCE cov: 679 ft: 3088 corp: 248/5324Kb lim: 200000 exec/s: 420 rss: 419Mb L: 1457/200000 MS: 2 ChangeBit-EraseBytes-
#83580	REDUCE cov: 679 ft: 3088 corp: 248/5324Kb lim: 200000 exec/s: 420 rss: 419Mb L: 2150/200000 MS: 4 PersAutoDict-ChangeASCIIInt-ChangeASCIIInt-EraseBytes- DE: "\016\000\000\000\000\000\000\000"-
#83651	NEW    cov: 679 ft: 3089 corp: 249/5417Kb lim: 200000 exec/s: 420 rss: 419Mb L: 95373/200000 MS: 1 EraseBytes-
#83654	REDUCE cov: 679 ft: 3089 corp: 249/5417Kb lim: 200000 exec/s: 420 rss: 419Mb L: 1460/200000 MS: 3 ShuffleBytes-ChangeBinInt-EraseBytes-
#83722	REDUCE cov: 679 ft: 3089 corp: 249/5416Kb lim: 200000 exec/s: 420 rss: 419Mb L: 8155/200000 MS: 3 ChangeByte-ChangeBinInt-EraseBytes-
#83744	REDUCE cov: 679 ft: 3089 corp: 249/5413Kb lim: 200000 exec/s: 420 rss: 419Mb L: 11029/200000 MS: 2 PersAutoDict-EraseBytes- DE: "vI"-
#83961	REDUCE cov: 679 ft: 3089 corp: 249/5413Kb lim: 200000 exec/s: 419 rss: 419Mb L: 1845/200000 MS: 2 CopyPart-EraseBytes-
#83974	NEW    cov: 679 ft: 3091 corp: 250/5513Kb lim: 200000 exec/s: 419 rss: 419Mb L: 102328/200000 MS: 3 ShuffleBytes-CMP-ChangeBinInt- DE: "\377\377\377\377\377\377\377\016"-
#84050	REDUCE cov: 679 ft: 3091 corp: 250/5493Kb lim: 200000 exec/s: 420 rss: 419Mb L: 81304/200000 MS: 1 EraseBytes-
#84094	REDUCE cov: 679 ft: 3091 corp: 250/5491Kb lim: 200000 exec/s: 420 rss: 419Mb L: 12998/200000 MS: 4 ChangeByte-ChangeBinInt-CrossOver-EraseBytes-
#84195	REDUCE cov: 679 ft: 3091 corp: 250/5491Kb lim: 200000 exec/s: 420 rss: 419Mb L: 1414/200000 MS: 1 EraseBytes-
#84253	REDUCE cov: 679 ft: 3091 corp: 250/5486Kb lim: 200000 exec/s: 421 rss: 419Mb L: 58294/200000 MS: 3 ChangeByte-ChangeByte-EraseBytes-
#84291	REDUCE cov: 679 ft: 3091 corp: 250/5486Kb lim: 200000 exec/s: 421 rss: 419Mb L: 91/200000 MS: 3 CopyPart-InsertByte-EraseBytes-
#84356	DONE   cov: 679 ft: 3091 corp: 250/5486Kb lim: 200000 exec/s: 419 rss: 419Mb
###### Recommended dictionary. ######
"\016\000\000\000\000\000\000\000" # Uses: 130
"\000\000rV\344~\252\200" # Uses: 145
"\177I" # Uses: 143
"zI\000\000" # Uses: 153
"\000\000\000\000\000\000\020\000" # Uses: 152
"\001\000\000\000\000\000\000\017" # Uses: 146
"\017\000\000\000\000\000\000\000" # Uses: 120
"lI" # Uses: 123
"\001\000" # Uses: 116
"\001\000\020\000" # Uses: 120
"\001\000Is" # Uses: 110
"~I\000\000" # Uses: 103
"\377\377\377\377\377\377\377:" # Uses: 119
"\000\000I\\" # Uses: 99
"\377\017\000\000" # Uses: 111
"\377\377H\\" # Uses: 132
"\342\017\000\000\000\000\000\000" # Uses: 105
"bI\000\000" # Uses: 107
"\377\000" # Uses: 104
"\344\017\000\000\000\000\000\000" # Uses: 109
"\373\017\000\000\000\000\000\000" # Uses: 105
"\000\000\000\000\000\000\017\373" # Uses: 119
"Jy" # Uses: 100
"\377\017\000\000\000\000\000\000" # Uses: 114
"\377\377HV" # Uses: 105
"HS" # Uses: 101
"\001\000\000\000\000\000\017\351" # Uses: 78
"lI\000\000" # Uses: 102
"\352\017\000\000\000\000\000\000" # Uses: 107
"\001\000\000\000\000\000\017\372" # Uses: 92
"\001\000Ik" # Uses: 99
"UI" # Uses: 88
"\000\020\000\000\000\000\000\000" # Uses: 76
"\370\017\000\000\000\000\000\000" # Uses: 93
"}I" # Uses: 83
"\001\000IV" # Uses: 105
"\340\017\000\000\000\000\000\000" # Uses: 80
"\377\377Hh" # Uses: 96
"SI" # Uses: 70
"vI" # Uses: 90
"H~" # Uses: 75
"\336\266\006\000" # Uses: 93
"JZ" # Uses: 76
"\010\000\000\000\000\000\000\000" # Uses: 89
"gI\000\000" # Uses: 92
"PI\000\000" # Uses: 84
"\377\377\377\377\377\377\016\372" # Uses: 88
"\000\000\000\000\000\000\0009" # Uses: 77
"\000\000t&\344\227\241\236" # Uses: 86
"\000\000IV" # Uses: 77
"G\034\000\000\000\000\000\000" # Uses: 86
"\377\377\377\377G %{" # Uses: 80
"\001\357\206\344Vr\000\000" # Uses: 90
"cI" # Uses: 78
"\377\377\377\377\377\377\017\000" # Uses: 81
"fI\000\000" # Uses: 79
"\000\020\000\000" # Uses: 62
"\003\000\000\000" # Uses: 77
"\377\377HW" # Uses: 51
"\001\000\000\000\000\000\020\000" # Uses: 80
"\377\377\377\377\377\377\016\355" # Uses: 56
"J\206" # Uses: 56
"\345\017\000\000\000\000\000\000" # Uses: 55
"\205#\251\344\026t\000\000" # Uses: 52
"nI\000\000" # Uses: 62
"Jq" # Uses: 46
"\377\377\377\377\377\377\016\373" # Uses: 57
"Hy" # Uses: 61
"\300\370\177\344\266s\000\000" # Uses: 47
"_I\000\000" # Uses: 57
"\377\377\377\377\377\377\377\000" # Uses: 39
"T\007" # Uses: 37
"\000\000s\346\344\244\203`" # Uses: 40
"\377\377\377\377\377\377\377\016" # Uses: 57
"gI" # Uses: 46
"\001\000Iq" # Uses: 39
"\377\377\377\377\377\377\016\356" # Uses: 48
"\333X\000\000" # Uses: 50
"\001\000\000\000\000\000\005[" # Uses: 50
"\001\000\000\000\000\000\017\354" # Uses: 36
"\000\000" # Uses: 28
"g3\177\344Fr\000\000" # Uses: 35
"\200\000\000\000" # Uses: 29
"\000\000\000\000\000\000\017\355" # Uses: 39
"\005\000\000\000\000\000\000\000" # Uses: 38
"Ij" # Uses: 31
"\377\377r\346\344\252\312W" # Uses: 34
"\377\377\377\016" # Uses: 37
"\001\000\000\200" # Uses: 26
"\000\000\000\012" # Uses: 21
"\377\377\377\377" # Uses: 24
"\005\000\000\000" # Uses: 20
"\254\316\226\344\246s\000\000" # Uses: 19
"\361\017\000\000\000\000\000\000" # Uses: 19
"\000\000\000\000\000\000\017\366" # Uses: 22
"\001\000\000\000\000\000\017\364" # Uses: 20
"In" # Uses: 21
"\377\377\377\177" # Uses: 22
"Hq" # Uses: 10
"\032\302D\000" # Uses: 14
"\001\000Io" # Uses: 5
"\000\000\020\000" # Uses: 5
###### End of recommended dictionary. ######
Done 84356 runs in 201 second(s)
stat::number_of_executed_units: 84356
stat::average_exec_per_sec:     419
stat::new_units_added:          1464
stat::slowest_unit_time_sec:    0
stat::peak_rss_mb:              419
